[protein],[ligand],[-log k],[resolution],[year],[origin],[covalent_bond]
1p01,0EG,9.455931955649724,2.00,1990,PDB,True
6gch,APF,4.698970004336019,2.10,1990,PDB,True
7gch,LPF,5.698970004336019,1.80,1990,PDB,True
5est,0P2,6.522878745280337,2.09,1992,PDB,True
1mns,APG,4.173925197299173,2.00,1993,PDB,True
1sre,HAB,3.853871964321762,1.78,1994,PDB,True
1inc,ICL,9.337242168318426,1.94,1994,PDB,True
1tyn,CTA,9.698970004336019,2.00,1995,PDB,True
1eat,TFI,7.823908740944319,2.00,1995,PDB,True
1eas,TFK,7.7447274948966935,1.80,1995,PDB,True
1lhc,DP7,10.397940008672037,1.95,1996,PDB,True
1lhd,DI2,9.619788758288394,2.35,1996,PDB,True
1lhe,DI3,9.537602002101044,2.25,1996,PDB,True
1aht,APA,6.2076083105017466,1.60,1996,PDB,True
1amn,NAF,13.823908740944319,2.80,1996,PDB,True
1lhg,DI5,7.102372908709558,2.25,1996,PDB,True
1lhf,DI4,8.09151498112135,2.40,1996,PDB,True
4vgc,SRD,6.896196279044043,2.10,1997,PDB,True
1ad8,MDL,6.6020599913279625,2.00,1997,PDB,True
1vgc,V36,5.920818753952375,1.90,1997,PDB,True
3vgc,SRB,5.507239610973163,1.67,1997,PDB,True
2vgc,V35,5.239577516576788,1.80,1997,PDB,True
1bmq,MNO,7.42021640338319,2.50,1998,PDB,True
1a5g,00L,10.148741651280925,2.06,1998,PDB,True
1tbz,00Q,9.795880017344075,2.30,1998,PDB,True
1ayu,INA,9.154901959985743,2.20,1998,PDB,True
1awh,GR3,6.080921907623926,3.00,1998,PDB,True
1awf,GR4,6.013228265733755,2.20,1998,PDB,True
1ayv,IN6,8.0,2.30,1998,PDB,True
1b5g,0ZE,8.0,2.07,1998,PDB,True
1mem,0D6,7.939302159646388,1.80,1998,PDB,True
1au2,POS,7.886056647693163,2.60,1998,PDB,True
1a61,00N,8.619788758288394,2.20,1998,PDB,True
1a46,00K,5.698970004336019,2.12,1998,PDB,True
1b0f,SEI,7.698970004336019,3.00,1998,PDB,True
1au0,SDK,7.657577319177793,2.60,1998,PDB,True
3pch,CHB,5.3979400086720375,2.05,1998,PDB,True
1auj,PPB,8.2518119729938,2.10,1998,PDB,True
3bls,APB,5.136677139879544,2.30,1998,PDB,True
1qfs,ZPR,9.481486060122112,2.00,1999,PDB,True
1bio,SOA,5.537602002101044,1.50,1999,PDB,True
1doj,1Z0,8.958607314841775,1.70,2000,PDB,True
1e34,TPX,2.87942606879415,1.80,2000,PDB,True
1exw,HDS,3.9030899869919438,2.40,2000,PDB,True
1erq,BJH,7.886056647693163,1.90,2000,PDB,True
1gfw,MSI,7.823908740944319,2.80,2000,PDB,True
1h8y,MER,7.698970004336019,2.00,2001,PDB,True
1g37,110,10.0,2.00,2001,PDB,True
1ft4,703,6.568636235841013,2.90,2001,PDB,True
1k2i,SN1,3.1079053973095196,1.80,2001,PDB,True
1hbj,FBQ,8.522878745280337,2.50,2001,PDB,True
1i8j,DSB,4.4089353929735005,1.90,2001,PDB,True
1i72,MAO,7.259637310505756,2.00,2001,PDB,True
1fsy,105,6.823908740944319,1.75,2001,PDB,True
1fsw,CTB,6.494850021680094,1.90,2001,PDB,True
1iem,CB4,7.698970004336019,2.30,2001,PDB,True
1iew,G2F,4.5934598195660445,2.55,2001,PDB,True
1ga9,ETP,7.080921907623926,2.10,2001,PDB,True
1l6y,4OX,3.657577319177794,1.90,2002,PDB,True
1gzg,LAF,3.0457574905606752,1.66,2002,PDB,True
1l6s,DSB,4.4089353929735005,1.70,2002,PDB,True
1mwt,PNM,1.8761483590329142,2.45,2002,PDB,True
1h1b,151,9.795880017344075,2.00,2002,PDB,True
1ke3,BDB,6.698970004336019,2.15,2002,PDB,True
1kds,NPB,5.769551078621726,2.15,2002,PDB,True
1kdw,4CB,5.537602002101044,2.28,2002,PDB,True
1ke0,CVB,5.376750709602099,2.30,2002,PDB,True
1re1,NA3,5.213461519502197,2.50,2004,PDB,True
1rhr,CNE,8.09963287134353,3.00,2004,PDB,True
1rxp,169,7.142667503568731,1.70,2004,PDB,True
1rhj,PZN,8.03763066432998,2.20,2004,PDB,True
1uod,G3H,3.1079053973095196,1.90,2004,PDB,True
1xxh,AGS,6.107905397309519,3.45,2004,PDB,True
1pi5,SM2,7.769551078621726,1.49,2004,PDB,True
1rwx,YBH,7.366531544420414,1.85,2004,PDB,True
1rww,OQB,8.301029995663981,2.80,2004,PDB,True
2bz5,AB4,6.154901959985743,1.90,2005,PDB,True
1yk7,NBL,7.721246399047171,2.50,2005,PDB,True
1u9w,IHI,8.455931955649724,2.30,2005,PDB,True
1u9v,IHE,8.221848749616356,2.20,2005,PDB,True
1u9x,IHJ,8.154901959985743,2.10,2005,PDB,True
1ykp,DHB,2.958607314841775,2.41,2005,PDB,True
2ajl,JNH,7.886056647693163,2.50,2005,PDB,True
1yms,NBF,5.920818753952375,1.60,2005,PDB,True
1z6f,BO9,4.886056647693163,1.60,2005,PDB,True
1zpc,716,6.595166283380062,2.60,2006,PDB,True
2auz,CT2,9.455931955649724,2.30,2006,PDB,True
2fda,682,6.29929628285498,2.00,2006,PDB,True
2aux,CT1,9.301029995663981,2.40,2006,PDB,True
1zpb,995,6.070581074285707,2.10,2006,PDB,True
2bdl,4PR,7.823908740944319,2.00,2006,PDB,True
2fj0,TFC,7.657577319177793,2.70,2006,PDB,True
1zom,339,7.522878745280337,2.25,2006,PDB,True
2alv,CY6,4.154901959985743,1.90,2006,PDB,True
2q9n,LK5,6.366531544420414,2.20,2007,PDB,True
2q9m,LK7,7.2076083105017466,2.05,2007,PDB,True
3bcn,E64,7.117760151981177,2.85,2007,PDB,True
2o9a,PYR,3.8063189704587184,1.80,2007,PDB,True
2ftd,ILI,10.387216143280265,2.55,2007,PDB,True
2op3,TF5,6.309803919971486,1.60,2007,PDB,True
2o7e,PMI,6.221848749616356,1.75,2007,PDB,True
2oc7,HU4,5.853871964321762,2.70,2007,PDB,True
2f9v,BN6,7.823908740944319,2.60,2007,PDB,True
2oc0,HU1,7.823908740944319,2.30,2007,PDB,True
2rcx,SM4,9.0,2.00,2007,PDB,True
2op9,WR1,5.657577319177793,1.80,2007,PDB,True
2gvf,NHN,7.6020599913279625,2.50,2007,PDB,True
2i72,VA1,7.431798275933005,2.20,2007,PDB,True
2oc1,HU2,5.366531544420414,2.70,2007,PDB,True
2obo,HUD,7.2441251443275085,2.60,2007,PDB,True
2rjr,295,1.9355420107730814,2.10,2008,PDB,True
2pre,E64,6.647817481888637,2.70,2008,PDB,True
2qlq,SR2,6.627087997029894,2.33,2008,PDB,True
2qve,247,2.318758762624413,2.00,2008,PDB,True
2rjs,296,2.275724130399211,2.40,2008,PDB,True
2qq7,SR2,5.243363891754152,2.38,2008,PDB,True
3b9s,RW1,5.301029995663981,1.80,2008,PDB,True
2qky,13Z,9.607303046740334,3.10,2008,PDB,True
2oz2,D1R,5.714442690992226,1.95,2008,PDB,True
3bjm,BJM,8.301029995663981,2.35,2008,PDB,True
2p59,GG4,7.301029995663981,2.90,2008,PDB,True
3bh3,PNH,6.154901959985743,2.10,2008,PDB,True
2v6n,XP1,5.860120913598763,1.98,2008,PDB,True
1w12,SL1,7.853871964321762,2.40,2008,PDB,True
1w10,SJ1,7.552841968657781,2.00,2008,PDB,True
2wzx,ZX0,6.0,1.40,2010,PDB,True
3ika,0UN,7.853871964321762,2.90,2010,PDB,True
3kwb,ORH,7.769551078621726,2.02,2010,PDB,True
3kw9,ORG,9.0,1.80,2010,PDB,True
2wzz,ZX1,5.3979400086720375,1.57,2010,PDB,True
3kwz,KWZ,8.397940008672037,1.49,2010,PDB,True
2xow,ISM,5.221848749616356,2.09,2010,PDB,True
3o6t,PX5,5.221848749616356,2.40,2010,PDB,True
3a73,PJ2,3.3767507096020997,2.19,2010,PDB,True
3aav,A2C,6.619788758288394,1.70,2010,PDB,True
3of8,I0Y,9.221848749616356,2.20,2010,PDB,True
3ixg,BZB,7.568636235841013,2.14,2010,PDB,True
3s1y,S1Y,6.221848749616356,1.40,2011,PDB,True
3sjo,AG7,5.782516055786094,1.70,2011,PDB,True
3svv,VSP,6.943095148663527,2.20,2011,PDB,True
3sji,AG7,5.686132779630847,1.80,2011,PDB,True
3s22,3S2,5.455931955649724,1.65,2011,PDB,True
2xln,EWA,4.481486060122113,2.40,2011,PDB,True
3qkv,QKV,7.443697499232712,3.10,2011,PDB,True
2xni,TR8,7.366531544420414,3.30,2011,PDB,True
4bsq,QQV,9.154901959985743,1.96,2013,PDB,True
4ght,AG7,5.777283528852417,1.96,2013,PDB,True
3w2t,LF7,7.534617148551582,2.36,2013,PDB,True
4hbp,17J,8.42021640338319,2.91,2013,PDB,True
3zim,KKR,8.167491087293763,2.85,2013,PDB,True
3w2q,HKI,7.180456064458132,2.20,2013,PDB,True
4bs5,MG2,8.221848749616356,1.25,2013,PDB,True
3w2p,W2P,5.0915149811213505,2.05,2013,PDB,True
4j5p,BR1,7.920818753952375,2.30,2013,PDB,True
4axm,V65,7.886056647693163,2.80,2013,PDB,True
4ivk,CEP,3.853871964321762,1.80,2013,PDB,True
5j8x,OK3,8.795880017344075,2.53,2016,PDB,True
5lck,6TT,8.096910013008056,1.89,2016,PDB,True
5kre,6WG,7.229147988357856,2.00,2016,PDB,True
5eec,ZXM,7.096910013008056,1.87,2016,PDB,True
5ee8,ZXM,6.886056647693163,1.54,2016,PDB,True
5lc0,6T8,6.698970004336019,2.70,2016,PDB,True
5cls,52T,6.657577319177793,1.75,2016,PDB,True
5lcj,6TS,6.638272163982407,1.78,2016,PDB,True
5fq9,C6S,6.481486060122113,1.50,2016,PDB,True
5toz,7H4,9.460923901207224,1.98,2016,PDB,True
5c20,GHZ,6.410832609453952,2.75,2016,PDB,True
5dp8,5ED,6.356547323513813,2.40,2016,PDB,True
5dp9,5EX,6.075720713938118,1.90,2016,PDB,True
5t6g,N40,5.958607314841775,2.45,2016,PDB,True
5c1y,GHY,5.9044819576768495,1.97,2016,PDB,True
5e0g,5LG,5.795880017344075,1.20,2016,PDB,True
5t6f,N38,5.795880017344075,1.90,2016,PDB,True
5c1x,GHX,5.752763450493236,1.86,2016,PDB,True
5hn7,04M,3.9208187539523753,2.15,2016,PDB,True
5dp6,5EB,4.83238732727247,3.01,2016,PDB,True
5acb,5I1,6.801342913045577,2.70,2016,PDB,True
5dp5,5E9,4.728158393463501,2.03,2016,PDB,True
5e0h,5LH,5.619788758288394,1.95,2016,PDB,True
5dpa,5F2,4.648590248074561,2.06,2016,PDB,True
5hld,63V,4.657577319177793,2.31,2016,PDB,True
5hl9,AIX,4.657577319177793,2.70,2016,PDB,True
5dp7,5EC,4.5595632338942265,2.08,2016,PDB,True
5f02,5T9,7.443697499232712,1.43,2016,PDB,True
4z16,4LH,8.318758762624412,2.90,2016,PDB,True
5d6f,57R,4.366531544420414,1.55,2016,PDB,True
5i23,66V,7.286509456906058,1.95,2016,PDB,True
5l6p,6P8,7.259637310505756,2.26,2016,PDB,True
5e0j,5LJ,5.214670164989233,1.20,2016,PDB,True
5dp4,5E8,4.201487466968649,2.21,2016,PDB,True
5l6o,6P6,8.221848749616356,1.88,2016,PDB,True
5dg6,V66,5.0655015487564325,2.35,2016,PDB,True
5hlb,AZR,4.006563769502388,2.42,2016,PDB,True
5fa7,5VR,8.397940008672037,1.67,2016,PDB,True
5fao,5VW,7.958607314841775,3.01,2016,PDB,True
5fap,602,8.0,2.70,2016,PDB,True
5fas,5VR,7.468521082957745,1.74,2016,PDB,True
5fat,602,6.958607314841775,2.09,2016,PDB,True
5izk,GDP,6.721246399047171,3.25,2016,PDB,True
6g9s,ET5,8.0,2.00,2019,PDB,True
6k1s,CUX,7.698970004336019,2.60,2019,PDB,True
6nzg,L9D,7.698970004336019,2.43,2019,PDB,True
6mhd,JRD,7.292429823902063,2.16,2019,PDB,True
6oim,MOV,7.045757490560675,1.65,2019,PDB,True
6mhb,JR7,6.769551078621726,2.75,2019,PDB,True
6rtn,KJK,6.6307841425898575,2.17,2019,PDB,True
6j6m,BA0,9.522878745280337,1.25,2019,PDB,True
6mhc,JRM,6.431798275933005,2.00,2019,PDB,True
6rni,KAQ,9.397940008672037,1.54,2019,PDB,True
6g9f,NXL,6.229147988357856,2.35,2019,PDB,True
6p8y,O5Y,6.195179321278838,2.31,2019,PDB,True
6htc,GQK,5.958607314841775,2.80,2019,PDB,True
6rne,KA8,8.801342913045577,1.65,2019,PDB,True
6mny,JVP,8.823908740944319,2.80,2019,PDB,True
6htd,GQH,8.0,3.00,2019,PDB,True
6ib2,862,8.0,2.10,2019,PDB,True
6nvh,XL6,7.954677021213342,1.90,2019,PDB,True
6nvl,XL6,7.954677021213342,2.70,2019,PDB,True
6htr,GQT,7.958607314841775,2.60,2019,PDB,True
6skd,LH2,5.79997073344623,2.26,2019,PDB,True
6rn6,K9Q,6.801342913045577,2.40,2019,PDB,True
6ic6,H9B,7.823908740944319,1.90,2019,PDB,True
6jz0,CKO,7.823908740944319,2.86,2019,PDB,True
6iuo,AWX,7.787812395596042,2.30,2019,PDB,True
6htp,GQQ,6.795880017344075,3.00,2019,PDB,True
6nvi,XL7,8.585026652029182,2.12,2019,PDB,True
6p8x,O5V,5.555955204081924,2.11,2019,PDB,True
6hvw,GVW,5.552841968657781,3.00,2019,PDB,True
6pgo,OJ1,4.696803942579511,1.60,2019,PDB,True
6hvv,GT8,6.667561540084395,2.70,2019,PDB,True
6hvu,GTW,6.585026652029182,2.90,2019,PDB,True
6huc,GRT,7.585026652029182,3.00,2019,PDB,True
6nd3,BTL,4.585026652029182,2.36,2019,PDB,True
6mzw,TZ0,8.4089353929735,2.20,2019,PDB,True
6hv5,GQH,6.488116639021126,3.00,2019,PDB,True
6hvr,GRW,6.481486060122113,2.70,2019,PDB,True
6huu,GTW,7.455931955649724,2.80,2019,PDB,True
6hgy,G4B,8.522878745280337,2.20,2019,PDB,True
6ib0,H8Z,7.3979400086720375,2.60,2019,PDB,True
6qw7,MK7,6.327902142064283,1.78,2019,PDB,True
6nvj,XL5,8.275724130399212,2.30,2019,PDB,True
6rn7,K9W,7.300162274132754,1.66,2019,PDB,True
6hva,GQT,6.279840696594043,2.90,2019,PDB,True
6hvs,GRT,5.229147988357856,3.10,2019,PDB,True
6hv4,GQK,6.229147988357855,3.00,2019,PDB,True
6jpj,FGF,8.207608310501746,2.64,2019,PDB,True
6rn9,K9Z,8.200659450546418,1.90,2019,PDB,True
6hv7,GQQ,5.187086643357144,3.40,2019,PDB,True
6ic5,HB5,8.221848749616356,2.00,2019,PDB,True
6huq,GT5,7.142667503568731,3.00,2019,PDB,True
6skc,LH8,7.100179497572904,2.18,2019,PDB,True
6n4t,KD7,8.09151498112135,1.95,2019,PDB,True
6nvg,XL8,8.070581074285707,1.99,2019,PDB,True
6hub,GRW,8.096910013008056,2.90,2019,PDB,True
6a73,IHP,6.481486060122113,2.45,2019,PDB,True
6ntj,LLL,6.468521082957745,1.90,2019,PDB,True
6mkq,NXL,6.163675884293248,1.90,2019,PDB,True
6iyv,2RG,5.87942606879415,1.50,2019,PDB,True
6k4r,AMP,5.838631997765025,3.11,2019,PDB,True
6kjf,SIM,4.966576244513051,2.40,2019,PDB,True
6un1,TJ7,7.886056647693163,2.26,2019,PDB,True
6ikm,SPD,8.568636235841012,3.40,2019,PDB,True
6p8z,O5S,4.698970004336019,1.65,2019,PDB,True
4tln,LNO,3.721246399047171,2.30,1982,PDB,False
1rnt,2GP,5.187086643357144,1.90,1987,PDB,False
6cha,PBA,4.3979400086720375,1.80,1987,PDB,False
4ts1,TYR,4.935542010773082,2.50,1989,PDB,False
4tmn,0PK,10.167491087293763,1.70,1989,PDB,False
2tmn,0FA,5.886056647693163,1.60,1989,PDB,False
1tlp,RDF,7.552841968657781,2.30,1989,PDB,False
1tmn,0ZN,7.301029995663981,1.90,1989,PDB,False
5tmn,0PJ,8.040958607678906,1.60,1989,PDB,False
4fab,FLU,8.05551732784983,2.70,1990,PDB,False
3at1,PCT,3.1804560644581312,2.80,1990,PDB,False
1rbp,RTL,6.721246399047171,2.00,1991,PDB,False
1fkf,FK5,9.397940008672037,1.70,1991,PDB,False
9icd,NAP,3.9030899869919438,2.50,1991,PDB,False
4er1,0ZP,6.616184634019569,2.00,1991,PDB,False
5er2,0EK,6.568636235841013,1.80,1991,PDB,False
2ypi,PGA,4.823908740944319,2.50,1991,PDB,False
6cpa,ZAF,11.522878745280337,2.00,1991,PDB,False
5er1,0HT,6.017728766960431,2.00,1991,PDB,False
7gpb,AMP,5.522878745280337,2.90,1992,PDB,False
1stp,BTN,13.397940008672037,2.60,1992,PDB,False
6tim,G3P,3.214670164989233,2.20,1992,PDB,False
6gpb,H2P,4.853871964321762,2.86,1992,PDB,False
9hvp,0E9,8.346787486224656,2.80,1992,PDB,False
4tim,2PG,2.161150909262745,2.40,1992,PDB,False
4phv,VAC,9.173925197299173,2.10,1993,PDB,False
1rne,C60,8.698970004336019,2.40,1993,PDB,False
1ind,EOT,10.045757490560675,2.20,1993,PDB,False
1igj,DGX,10.0,2.50,1993,PDB,False
1fkb,RAP,9.698970004336019,1.70,1993,PDB,False
1gca,GAL,6.698970004336019,1.70,1993,PDB,False
1l83,BNZ,3.3979400086720375,1.70,1993,PDB,False
2avi,BTN,15.221848749616356,3.00,1993,PDB,False
1rin,MAN,3.154901959985743,2.60,1993,PDB,False
1atr,ADP,6.958607314841775,2.34,1993,PDB,False
1dbb,STR,9.0,2.70,1993,PDB,False
1rgl,2GP,4.431798275933005,2.00,1993,PDB,False
6rnt,2AM,2.3665315444204134,1.80,1993,PDB,False
1rgk,2AM,4.308918507877031,1.87,1993,PDB,False
3gst,GPR,6.721246399047171,1.90,1993,PDB,False
1cps,CPM,6.657577319177793,2.25,1993,PDB,False
2gst,GPS,6.070581074285707,1.80,1993,PDB,False
1ppm,0P1,5.795880017344075,1.70,1993,PDB,False
1hos,PHP,8.55284196865778,2.30,1993,PDB,False
1ppl,1Z7,8.55284196865778,1.70,1993,PDB,False
1bcd,FMS,8.698970004336019,1.90,1993,PDB,False
1ivp,1ZK,7.522878745280337,2.50,1993,PDB,False
1trd,PGH,5.3979400086720375,2.50,1993,PDB,False
1htf,G26,6.8297382846050425,2.20,1994,PDB,False
2hmb,PLM,5.585026652029182,2.10,1994,PDB,False
1dbj,AE2,7.6777807052660805,2.70,1994,PDB,False
1hte,G23,5.644931793651149,2.80,1994,PDB,False
2dbl,S5H,8.698970004336019,2.90,1994,PDB,False
1htg,G37,8.42021640338319,2.00,1994,PDB,False
1acj,THA,8.086186147616283,2.80,1994,PDB,False
1dbk,ANO,8.096910013008056,3.00,1994,PDB,False
1hsl,HIS,7.1938200260161125,1.89,1994,PDB,False
2drc,MTX,9.886056647693163,1.90,1994,PDB,False
1sri,DMB,6.080921907623926,1.65,1994,PDB,False
1tka,N3T,6.096910013008056,2.70,1994,PDB,False
1lst,LYS,7.853871964321762,1.80,1994,PDB,False
1tkc,M6T,4.853871964321762,2.70,1994,PDB,False
1avd,BTN,15.0,2.70,1994,PDB,False
1hgi,ANA,2.6777807052660805,2.70,1994,PDB,False
1hgj,AMN,1.6575773191777938,2.70,1994,PDB,False
1dhj,MTX,6.55129368009492,1.80,1994,PDB,False
1tys,TMP,5.485452247339714,1.80,1994,PDB,False
1pyg,AMP,5.522878745280337,2.87,1994,PDB,False
1adl,ACD,5.356547323513812,1.60,1994,PDB,False
1hge,MNA,2.2676062401770314,2.60,1994,PDB,False
2cgr,GAS,7.275724130399211,2.20,1994,PDB,False
1dhi,MTX,7.259637310505756,1.90,1994,PDB,False
1srg,MHB,5.301029995663981,1.80,1994,PDB,False
1erb,ETR,8.096910013008056,1.90,1994,PDB,False
1tni,PBN,4.0,1.90,1994,PDB,False
2ctc,HFA,3.886056647693163,1.40,1994,PDB,False
1add,1DA,6.7447274948966935,2.40,1994,PDB,False
1elc,0Z3,6.657577319177793,1.75,1994,PDB,False
1wht,BZS,3.6989700043360187,2.00,1994,PDB,False
1tsi,4PB,3.4814860601221125,2.84,1994,PDB,False
1cil,ETS,9.431798275933005,1.60,1994,PDB,False
2sim,DAN,3.42021640338319,1.60,1994,PDB,False
1thl,0DB,6.42021640338319,1.70,1994,PDB,False
1tnh,FBA,3.3665315444204134,1.80,1994,PDB,False
1ela,0Z1,6.356547323513813,2.00,1994,PDB,False
1cbx,BZS,6.346787486224656,2.00,1994,PDB,False
1ppc,MID,6.161150909262744,1.80,1994,PDB,False
1hps,RUN,9.221848749616356,2.30,1994,PDB,False
1fig,TSA,6.221848749616356,3.00,1994,PDB,False
1azm,AZM,6.096910013008056,2.00,1994,PDB,False
1rpa,TAR,6.0,3.00,1994,PDB,False
1tng,AMC,2.9318141382538383,1.80,1994,PDB,False
1pph,0ZG,5.920818753952375,1.90,1994,PDB,False
1ett,4QQ,5.886056647693163,2.50,1994,PDB,False
1cim,PTS,8.818156412055227,2.10,1994,PDB,False
1csi,CMX,8.795880017344075,1.70,1994,PDB,False
1cin,MTS,8.72584215073632,2.10,1994,PDB,False
1fki,SB1,7.0,2.20,1994,PDB,False
1rpf,C3P,3.987162775294828,2.20,1994,PDB,False
1gbt,GBS,2.0,2.00,1994,PDB,False
1fkg,SB3,8.0,2.00,1994,PDB,False
1tkb,N1T,8.0,2.30,1994,PDB,False
1nnb,DAN,5.0,2.80,1994,PDB,False
1tnj,PEA,1.958607314841775,1.80,1994,PDB,False
1ent,0EM,6.958607314841775,1.90,1994,PDB,False
1hvl,A76,9.950781977329818,1.80,1994,PDB,False
7cpa,FVF,13.958607314841775,2.00,1994,PDB,False
1epo,2Z3,7.958607314841775,2.00,1994,PDB,False
1hvk,A79,10.958607314841775,1.80,1994,PDB,False
1hvi,A77,10.920818753952375,1.80,1994,PDB,False
1tnl,TPA,1.8761483590329142,1.90,1994,PDB,False
1bra,BEN,1.8239087409443189,2.20,1994,PDB,False
1els,PAH,10.823908740944319,2.40,1994,PDB,False
1heg,PSI,7.7447274948966935,2.20,1994,PDB,False
1sbg,IM1,7.7447274948966935,2.30,1994,PDB,False
1ppk,IVV,7.657577319177793,1.80,1994,PDB,False
1csh,AMX,7.552841968657781,1.65,1994,PDB,False
1tnk,PRA,1.4881166390211256,1.80,1994,PDB,False
1dwc,MIT,7.4089353929735005,3.00,1994,PDB,False
1aaq,PSI,8.397940008672037,2.50,1994,PDB,False
1hvj,A78,11.397940008672037,2.00,1994,PDB,False
1dwd,MID,8.18045606445813,3.00,1994,PDB,False
1ets,MID,8.221848749616356,2.30,1994,PDB,False
1elb,0Z4,7.154901959985743,2.10,1994,PDB,False
8cpa,AGF,9.148741651280925,2.00,1994,PDB,False
1fkh,SBX,8.154901959985743,1.95,1994,PDB,False
1siv,PSI,8.075720713938118,2.50,1994,PDB,False
1mnc,PLH,10.337242168318426,2.10,1995,PDB,False
1fta,AMP,6.356547323513813,2.30,1995,PDB,False
1idb,0DO,7.958607314841775,2.20,1995,PDB,False
1hrn,03D,8.045757490560675,1.80,1995,PDB,False
1drj,RIP,7.3979400086720375,2.50,1995,PDB,False
2dri,RIP,6.886056647693163,1.60,1995,PDB,False
1drk,RIP,6.823908740944319,2.00,1995,PDB,False
1flr,FLU,10.0,1.85,1995,PDB,False
1hmr,ELA,6.552841968657781,1.40,1995,PDB,False
1hms,OLA,6.366531544420414,1.40,1995,PDB,False
1cbr,REA,9.397940008672037,2.90,1995,PDB,False
1hmt,STE,5.785156151952302,1.40,1995,PDB,False
1ahx,HCI,3.9208187539523753,2.00,1995,PDB,False
1cny,EG3,7.853871964321762,2.30,1995,PDB,False
1laf,ARG,7.853871964321762,2.06,1995,PDB,False
186l,N4B,4.853871964321762,1.80,1995,PDB,False
1cnw,EG1,7.721246399047171,2.00,1995,PDB,False
184l,I4B,4.721246399047171,1.80,1995,PDB,False
1yda,AZM,6.552841968657781,2.10,1995,PDB,False
185l,IND,3.537602002101044,1.80,1995,PDB,False
1pgp,6PG,5.698970004336019,2.50,1995,PDB,False
1lah,ORN,7.522878745280337,2.06,1995,PDB,False
187l,PXY,3.374687549038326,1.80,1995,PDB,False
1cnx,EG2,7.366531544420414,1.90,1995,PDB,False
1ahy,MAE,3.3565473235138126,2.30,1995,PDB,False
188l,OXE,3.3279021420642825,1.80,1995,PDB,False
1ydb,AZM,8.236572006437063,1.90,1995,PDB,False
1lag,HIS,6.301029995663981,2.06,1995,PDB,False
1ydd,AZM,7.0655015487564325,2.10,1995,PDB,False
1cgl,0ED,6.8696662315049934,2.40,1995,PDB,False
1ele,0QN,6.853871964321762,2.00,1995,PDB,False
2ada,HPR,13.0,2.40,1995,PDB,False
1fpc,0ZI,7.0,2.30,1995,PDB,False
1eld,0Z0,6.698970004336019,2.00,1995,PDB,False
1lcp,PLU,6.638272163982407,1.65,1995,PDB,False
1pdz,PGA,3.6989700043360187,2.20,1995,PDB,False
1hvr,XK2,9.508638306165727,1.80,1995,PDB,False
1tpw,PGH,3.3010299956639813,1.90,1995,PDB,False
1hpv,478,9.221848749616356,1.90,1995,PDB,False
1css,FCX,6.096910013008056,1.70,1995,PDB,False
1ctu,ZEB,11.920818753952375,2.30,1995,PDB,False
1gar,U89,10.0,1.96,1995,PDB,False
1ebg,PAH,10.823908740944319,2.10,1995,PDB,False
1hdt,0E7,7.764471553092451,2.60,1995,PDB,False
1bty,BEN,4.735182176990463,1.50,1995,PDB,False
1ibg,OBN,8.55284196865778,2.70,1995,PDB,False
1bma,0QH,4.585026652029182,1.80,1995,PDB,False
1ctt,DHZ,4.522878745280337,2.20,1995,PDB,False
1csr,FAM,7.376750709602099,1.70,1995,PDB,False
1hbv,GAN,6.366531544420414,2.30,1995,PDB,False
1std,BFS,10.327902142064282,2.90,1995,PDB,False
1qca,FUA,5.267606240177032,2.20,1995,PDB,False
1hvs,A77,10.301029995663981,2.25,1995,PDB,False
1hii,C20,7.275724130399211,2.30,1995,PDB,False
1lan,LEU,7.221848749616356,1.90,1995,PDB,False
1hti,PGA,5.130768280269024,2.80,1995,PDB,False
1hih,C20,8.045757490560675,2.20,1995,PDB,False
1vrt,NVP,7.096910013008056,2.20,1996,PDB,False
1vru,AAP,7.0,2.40,1996,PDB,False
1rth,U05,6.3979400086720375,2.20,1996,PDB,False
1bil,0IU,9.301029995663981,2.40,1996,PDB,False
1bim,0QB,8.920818753952375,2.80,1996,PDB,False
1fpi,AMP,5.886056647693163,2.30,1996,PDB,False
1inf,ST4,5.0,2.40,1996,PDB,False
1rti,HEF,4.769551078621726,3.00,1996,PDB,False
1gym,MYG,2.6989700043360187,2.20,1996,PDB,False
1inh,ST6,2.3010299956639813,2.40,1996,PDB,False
1nja,DCM,6.309803919971486,2.50,1996,PDB,False
1njb,UMP,5.795880017344075,2.74,1996,PDB,False
1gaf,NPE,8.0,1.95,1996,PDB,False
1tsy,UMP,4.958607314841775,2.20,1996,PDB,False
1cea,ACA,4.958607314841775,2.06,1996,PDB,False
1dar,GDP,4.958607314841775,2.40,1996,PDB,False
1tsv,UMP,4.795880017344075,2.90,1996,PDB,False
1nje,DCM,3.7958800173440754,2.30,1996,PDB,False
1ceb,AMH,6.0,2.07,1996,PDB,False
1njd,UMP,5.568636235841013,2.20,1996,PDB,False
1njc,DCM,5.552841968657781,2.50,1996,PDB,False
1mai,I3P,6.6777807052660805,1.90,1996,PDB,False
1zsb,AZM,0.6020599913279624,2.00,1996,PDB,False
1pot,SPD,5.494850021680094,1.80,1996,PDB,False
1btn,I3P,4.3979400086720375,2.00,1996,PDB,False
1det,2GP,4.301029995663981,1.80,1996,PDB,False
1kel,AAH,7.2839966563652006,1.90,1996,PDB,False
1swi,BNZ,3.0969100130080562,2.60,1996,PDB,False
1mmq,RRS,7.522878745280337,1.90,1996,PDB,False
2upj,U02,7.3872161432802645,3.00,1996,PDB,False
2csm,TYR,4.301029995663981,2.80,1996,PDB,False
1grp,ICT,3.7235381958267557,2.50,1996,PDB,False
1fmb,HYB,10.0,1.80,1996,PDB,False
1hsg,MK1,9.42021640338319,2.00,1996,PDB,False
1hsh,MK1,9.42021640338319,1.90,1996,PDB,False
1igb,IPO,6.3979400086720375,2.30,1996,PDB,False
1mmp,RSS,6.070581074285707,2.30,1996,PDB,False
1pbk,RAP,9.045757490560675,2.50,1996,PDB,False
1jao,0D3,5.920818753952375,2.40,1996,PDB,False
1tcx,IM1,6.950781977329818,2.30,1996,PDB,False
1dud,DUD,4.823908740944319,2.30,1996,PDB,False
1gno,U0E,7.698970004336019,2.30,1996,PDB,False
1rdj,MFB,1.6635402661514704,1.80,1996,PDB,False
1gnn,U0E,5.6777807052660805,2.30,1996,PDB,False
1dif,A85,10.657577319177793,1.70,1996,PDB,False
1bmn,BM9,8.443697499232712,2.80,1996,PDB,False
1rev,TB9,7.481486060122112,2.60,1996,PDB,False
1jaq,01S,4.481486060122113,2.40,1996,PDB,False
2csn,CKI,4.4089353929735005,2.50,1996,PDB,False
1mmr,SRS,5.3979400086720375,2.40,1996,PDB,False
1mtr,PI6,8.397940008672037,1.75,1996,PDB,False
1hpx,KNI,11.259637310505756,2.00,1996,PDB,False
1rdl,MMA,2.2441251443275085,1.70,1996,PDB,False
1gnm,U0E,6.251811972993799,2.30,1996,PDB,False
1pro,A88,11.301029995663981,1.80,1996,PDB,False
1noi,NTZ,3.154901959985743,2.50,1996,PDB,False
1noj,NTZ,3.154901959985743,2.40,1996,PDB,False
1nok,NTZ,3.154901959985743,2.40,1996,PDB,False
1bmm,BM2,7.102372908709558,2.60,1996,PDB,False
1rdi,MFU,2.0555173278498313,1.80,1996,PDB,False
1mdl,RMN,3.0915149811213505,1.85,1996,PDB,False
1rnm,C5P,3.0735546521816106,2.00,1996,PDB,False
1tcw,IM1,6.017728766960431,2.40,1996,PDB,False
1fkw,PUR,5.045757490560675,2.40,1996,PDB,False
1kvo,OAP,7.886056647693163,2.00,1997,PDB,False
1lt6,GAA,3.3010299956639813,2.20,1997,PDB,False
1bkm,1C5,5.7447274948966935,2.00,1997,PDB,False
2rox,T44,4.978810700930062,2.00,1997,PDB,False
1jld,0PP,6.732828271596986,2.50,1997,PDB,False
1tvr,TB9,7.481486060122112,3.00,1997,PDB,False
1uwb,TBO,8.337242168318426,3.20,1997,PDB,False
1dth,BAT,8.221848749616356,2.00,1997,PDB,False
1rt2,TNK,8.221848749616356,2.55,1997,PDB,False
1aq1,STU,8.154901959985743,2.00,1997,PDB,False
1rt1,MKC,8.096910013008056,2.55,1997,PDB,False
1avn,HSM,3.9030899869919438,2.00,1997,PDB,False
1rbo,CAP,12.721246399047171,2.30,1997,PDB,False
1aqj,SFG,6.468521082957745,2.60,1997,PDB,False
1okl,MNS,6.031517051446065,2.10,1997,PDB,False
1ao0,ADP,4.958607314841775,2.80,1997,PDB,False
1aj7,NPE,3.869666231504994,2.10,1997,PDB,False
1ag9,FMN,9.0,1.80,1997,PDB,False
1ado,13P,6.0,1.90,1997,PDB,False
2adm,SAM,5.698970004336019,2.60,1997,PDB,False
1aqi,SAH,5.619788758288394,2.60,1997,PDB,False
2h4n,AZM,8.698970004336019,1.90,1997,PDB,False
2mas,PIR,7.522878745280337,2.30,1997,PDB,False
2aac,FCB,2.221848749616356,1.60,1997,PDB,False
1nox,FMN,7.045757490560675,1.59,1997,PDB,False
1uvt,I48,7.638272163982407,2.50,1997,PDB,False
1qbt,146,10.619788758288394,2.10,1997,PDB,False
1qbr,XV6,10.568636235841012,1.80,1997,PDB,False
1ajq,SPA,4.309803919971486,2.05,1997,PDB,False
1qbu,846,10.236572006437063,1.80,1997,PDB,False
1ai7,IPH,4.086186147616283,2.50,1997,PDB,False
1ai6,4HP,3.9706162223147903,2.55,1997,PDB,False
1hxb,ROC,9.920818753952375,2.30,1997,PDB,False
1sqc,LDA,6.853871964321762,2.85,1997,PDB,False
1ai5,MNP,3.7235381958267557,2.36,1997,PDB,False
1dmp,DMQ,9.55284196865778,2.00,1997,PDB,False
1qbs,DMP,9.468521082957745,1.80,1997,PDB,False
2kce,D16,6.173925197299173,2.20,1997,PDB,False
1hpo,UNI,9.221848749616356,2.50,1997,PDB,False
1yds,IQS,5.920818753952375,2.20,1997,PDB,False
1dub,CAA,5.795880017344075,2.50,1997,PDB,False
2gss,EAA,4.939302159646388,1.90,1997,PDB,False
1ajx,AH1,7.913640169325252,2.00,1997,PDB,False
1h4n,TRS,4.920818753952375,2.00,1997,PDB,False
3aid,ARQ,6.863279432843593,2.50,1997,PDB,False
1aid,THK,4.823908740944319,2.20,1997,PDB,False
1al7,HST,7.795880017344075,2.60,1997,PDB,False
1ajv,NMB,7.718966632752273,2.00,1997,PDB,False
1ajn,AAN,2.6345120151091,2.36,1997,PDB,False
1fwe,HAE,5.6020599913279625,2.00,1997,PDB,False
1vfn,HPA,5.6020599913279625,2.15,1997,PDB,False
1juy,H5P,7.657577319177793,2.50,1997,PDB,False
1vot,HUP,6.6020599913279625,2.50,1997,PDB,False
1ydr,IQP,5.522878745280337,2.20,1997,PDB,False
1ai4,DHY,2.5044556624535517,2.35,1997,PDB,False
7upj,INU,8.494850021680094,2.00,1997,PDB,False
1al8,DHP,5.318758762624412,2.20,1997,PDB,False
1fax,DX9,7.3872161432802645,3.00,1997,PDB,False
6upj,NIU,6.318758762624412,2.34,1997,PDB,False
1ydt,IQB,7.318758762624412,2.30,1997,PDB,False
1uvs,I11,5.3979400086720375,2.80,1997,PDB,False
1ajp,OMD,2.2328441339178196,2.31,1997,PDB,False
1ml1,PGA,4.2839966563652006,2.60,1997,PDB,False
1tom,MIN,8.301029995663981,1.80,1997,PDB,False
5upj,UIN,7.1249387366083,2.30,1997,PDB,False
2jxr,2Z3,7.045757490560675,2.40,1997,PDB,False
1rtf,BEN,3.0409586076789066,2.30,1997,PDB,False
2pax,4AN,6.7447274948966935,2.40,1998,PDB,False
1vik,BAY,9.522878745280337,2.40,1998,PDB,False
4aig,FLX,6.522878745280337,2.00,1998,PDB,False
4pax,NU1,6.3979400086720375,2.80,1998,PDB,False
1bl4,AP1,8.744727494896694,1.90,1998,PDB,False
2aig,0GR,5.0,2.60,1998,PDB,False
3pax,3MB,5.0,2.40,1998,PDB,False
3aig,0ZC,6.0,2.80,1998,PDB,False
2qwg,G28,3.638272163982407,1.80,1998,PDB,False
1bji,DPC,8.698970004336019,2.00,1998,PDB,False
1skj,UR2,5.154901959985743,2.00,1998,PDB,False
1err,RAL,8.113509274827518,2.60,1998,PDB,False
1a4k,FRA,8.0,2.40,1998,PDB,False
3pcj,INO,7.221848749616356,2.13,1998,PDB,False
1b39,ATP,6.920818753952375,2.10,1998,PDB,False
1bcj,NGA,3.6989700043360187,2.10,1998,PDB,False
1b38,ATP,6.595166283380062,2.00,1998,PDB,False
1a7x,FKA,9.698970004336019,2.00,1998,PDB,False
3pck,NNO,6.698970004336019,2.13,1998,PDB,False
220l,BNZ,3.3979400086720375,1.85,1998,PDB,False
223l,BNZ,3.3979400086720375,1.90,1998,PDB,False
1bcu,PRL,3.275724130399211,2.00,1998,PDB,False
1wdn,GLN,6.301029995663981,1.94,1998,PDB,False
1axz,GAL,3.1958605676646497,1.95,1998,PDB,False
1a9q,HPA,6.167491087293763,2.00,1998,PDB,False
1ax0,A2G,3.1272611725273314,1.90,1998,PDB,False
1jmg,UMP,6.070581074285707,2.20,1998,PDB,False
1jmi,UMP,6.060480747381382,2.50,1998,PDB,False
1a4h,GDM,5.920818753952375,2.50,1998,PDB,False
1aj6,NOV,5.920818753952375,2.30,1998,PDB,False
1yet,GDM,5.920818753952375,1.90,1998,PDB,False
1jmf,UMP,5.769551078621726,2.50,1998,PDB,False
1axs,HOP,7.769551078621726,2.60,1998,PDB,False
2izl,IMI,6.0,1.48,1998,PDB,False
4tmk,T5A,7.698970004336019,1.98,1998,PDB,False
3pcn,DHY,3.657577319177794,2.40,1998,PDB,False
1amw,ADP,4.5376020021010435,1.85,1998,PDB,False
1a99,PUT,5.698970004336019,2.20,1998,PDB,False
1bm7,FLF,7.522878745280337,2.00,1998,PDB,False
5tmp,Z5A,7.468521082957745,1.98,1998,PDB,False
1swg,BTN,7.357535479757878,1.80,1998,PDB,False
4rsk,U3P,4.324221658325915,2.10,1998,PDB,False
1usn,IN9,7.7447274948966935,1.80,1998,PDB,False
1bv7,XV6,10.301029995663981,2.00,1998,PDB,False
1xug,BAB,7.045757490560675,1.50,1998,PDB,False
1bxo,PP7,10.0,0.95,1998,PDB,False
1bv9,XV6,9.958607314841775,2.00,1998,PDB,False
1a52,EST,9.860120913598763,2.80,1998,PDB,False
1bhx,R56,6.838631997765025,2.30,1998,PDB,False
1bdr,IM1,6.6777807052660805,2.80,1998,PDB,False
2usn,IN8,6.508638306165727,2.20,1998,PDB,False
1moq,GLP,3.4559319556497243,1.57,1998,PDB,False
1alw,ISA,6.522878745280337,2.03,1998,PDB,False
1bdq,IM1,6.337242168318426,2.50,1998,PDB,False
1met,DMP,9.397940008672037,1.90,1998,PDB,False
10gs,VWW,6.3979400086720375,2.20,1998,PDB,False
1br6,PT1,3.2218487496163566,2.30,1998,PDB,False
1tsl,A15,6.154901959985743,2.50,1998,PDB,False
1meu,DMP,6.096910013008056,1.90,1998,PDB,False
2wed,PP6,6.096910013008056,1.50,1998,PDB,False
3pcf,FHB,6.045757490560675,2.15,1998,PDB,False
1tsm,MR2,6.0,3.00,1998,PDB,False
2pri,D6G,2.910094888560602,2.30,1998,PDB,False
1a4w,QWE,5.920818753952375,1.80,1998,PDB,False
1bdl,IM1,5.85078088734462,2.80,1998,PDB,False
3tlh,3TL,8.823908740944319,2.00,1998,PDB,False
2amv,BIN,8.795880017344075,2.30,1998,PDB,False
1a8t,061,5.795880017344075,2.55,1998,PDB,False
3pce,3HP,2.0,2.06,1998,PDB,False
2wec,PP5,3.958607314841775,1.50,1998,PDB,False
1a9m,U0E,6.924453038607469,2.30,1998,PDB,False
1hvh,Q82,7.958607314841775,1.80,1998,PDB,False
2qwd,4AM,4.853871964321762,2.00,1998,PDB,False
1b4d,CRA,4.806875401645538,2.00,1998,PDB,False
1hxw,RIT,10.823908740944319,1.80,1998,PDB,False
2qwb,SIA,2.7399286120149253,2.00,1998,PDB,False
2qwf,G20,5.665546248849069,1.90,1998,PDB,False
1bwa,XV6,8.602059991327963,1.90,1998,PDB,False
1mes,DMP,7.698970004336019,1.90,1998,PDB,False
5fiv,3TL,7.657577319177793,1.90,1998,PDB,False
1a7t,MES,1.6382721639824072,1.85,1998,PDB,False
1afk,PAP,6.619788758288394,1.70,1998,PDB,False
3pcc,PHB,3.619788758288394,1.98,1998,PDB,False
3jdw,ORN,3.596879478824182,2.40,1998,PDB,False
2hpa,PT3,4.6020599913279625,2.90,1998,PDB,False
2qwc,DAN,3.552841968657781,1.60,1998,PDB,False
1hfs,L04,8.698970004336019,1.70,1998,PDB,False
1ohr,1UN,8.698970004336019,2.10,1998,PDB,False
1a8i,GLS,5.522878745280337,1.78,1998,PDB,False
1bwb,146,8.42021640338319,1.80,1998,PDB,False
2prj,NBG,4.494850021680094,2.30,1998,PDB,False
1lox,RS7,5.522878745280337,2.40,1998,PDB,False
1b11,3TL,7.3872161432802645,1.90,1998,PDB,False
1bxq,PP8,7.376750709602099,1.41,1998,PDB,False
3pcb,3HB,2.3979400086720375,2.19,1998,PDB,False
1bq3,IHP,5.3979400086720375,2.70,1998,PDB,False
1a28,STR,8.292429823902063,1.80,1998,PDB,False
1afl,ATR,6.2839966563652006,1.70,1998,PDB,False
1axr,HTP,3.2676062401770314,2.30,1998,PDB,False
3pcg,4HP,2.3010299956639813,1.96,1998,PDB,False
1a69,FMB,5.301029995663981,2.10,1998,PDB,False
16pk,BIS,5.221848749616356,1.60,1998,PDB,False
1bq4,BHC,5.221848749616356,2.50,1998,PDB,False
2web,PP4,5.119186407719209,1.50,1998,PDB,False
6fiv,3TL,8.080921907623926,1.90,1998,PDB,False
1aw1,PGA,1.0506099933550872,2.70,1998,PDB,False
1stc,STU,8.096910013008056,2.30,1998,PDB,False
1a4g,ZMR,8.397940008672037,2.20,1999,PDB,False
1bl7,SB4,7.721246399047171,2.50,1999,PDB,False
1bmk,SB5,7.6020599913279625,2.40,1999,PDB,False
1qf5,RPL,7.366531544420414,2.00,1999,PDB,False
1bqm,HBY,7.346787486224656,3.10,1999,PDB,False
1a9u,SB2,7.318758762624412,2.50,1999,PDB,False
1db4,8IN,7.2441251443275085,2.20,1999,PDB,False
1db5,6IN,6.818156412055227,2.80,1999,PDB,False
1bl6,SB6,6.795880017344075,2.50,1999,PDB,False
1qti,GNT,6.443697499232713,2.50,1999,PDB,False
1vij,BAY,9.522878745280337,2.40,1999,PDB,False
1c3r,TSN,6.3979400086720375,2.00,1999,PDB,False
1bqn,HBY,6.221848749616356,3.30,1999,PDB,False
1qf4,RPD,6.1771783546968955,2.20,1999,PDB,False
1cj1,C78,8.795880017344075,3.00,1999,PDB,False
1a86,0ZB,3.9956786262173574,2.00,1999,PDB,False
1biw,S80,6.982966660701219,2.50,1999,PDB,False
5prc,ATZ,4.886056647693163,2.35,1999,PDB,False
2cbr,A80,6.853871964321762,2.80,1999,PDB,False
1cx9,NHP,6.749579997691106,2.30,1999,PDB,False
6prc,CEB,4.769551078621726,2.30,1999,PDB,False
1bqo,N25,7.735182176990463,2.30,1999,PDB,False
3erk,SB4,4.7447274948966935,2.10,1999,PDB,False
1qs4,100,5.638272163982407,2.10,1999,PDB,False
1b9v,RA2,3.6497519816658373,2.35,1999,PDB,False
1qpf,858,7.568636235841013,2.50,1999,PDB,False
4erk,OLO,4.568636235841013,2.20,1999,PDB,False
1qpl,587,8.508638306165727,2.90,1999,PDB,False
1a4q,DPC,5.443697499232713,1.90,1999,PDB,False
1a85,0DY,4.522878745280337,2.00,1999,PDB,False
1c50,CHI,6.476253533188435,2.30,1999,PDB,False
1bug,URS,4.366531544420414,2.70,1999,PDB,False
3znc,BZ1,7.343901797987168,2.80,1999,PDB,False
1c9d,HF1,6.30189945437661,2.30,1999,PDB,False
1eve,E20,8.244125144327509,2.50,1999,PDB,False
3cbs,R12,7.236572006437063,2.00,1999,PDB,False
7prc,CET,5.2076083105017466,2.65,1999,PDB,False
2cbs,R13,8.221848749616356,2.10,1999,PDB,False
1cw2,HSP,6.145693958198919,2.00,1999,PDB,False
1b9t,RAI,5.096910013008056,2.40,1999,PDB,False
1bnm,AL8,10.0,2.60,1999,PDB,False
1d3v,ABH,6.958607314841775,1.70,1999,PDB,False
1swr,BTN,6.920818753952375,1.90,1999,PDB,False
1a42,BZU,9.886056647693163,2.25,1999,PDB,False
1bn3,AL6,9.886056647693163,2.20,1999,PDB,False
1bnt,AL2,9.795880017344075,2.15,1999,PDB,False
1bkj,FMN,6.769551078621726,1.80,1999,PDB,False
5fwg,GPR,6.721246399047171,2.00,1999,PDB,False
2a2g,LEO,7.0,2.90,1999,PDB,False
1bnu,AL3,9.698970004336019,2.15,1999,PDB,False
1a4r,GNH,6.657577319177793,2.50,1999,PDB,False
2ay3,MPP,3.5528419686577806,2.40,1999,PDB,False
1bnq,AL4,9.494850021680094,2.40,1999,PDB,False
1rpj,ALL,6.481486060122113,1.80,1999,PDB,False
1ct8,TAA,6.522878745280337,2.20,1999,PDB,False
1bn1,AL5,9.337242168318426,2.10,1999,PDB,False
1bn4,AL9,9.309803919971486,2.10,1999,PDB,False
1d4p,BPP,6.301029995663981,2.07,1999,PDB,False
2ay6,3IB,3.1079053973095196,2.20,1999,PDB,False
1bnw,TPD,9.080921907623926,2.25,1999,PDB,False
2ay4,PPT,2.906578314837765,2.20,1999,PDB,False
2ans,2AN,5.920818753952375,2.50,1999,PDB,False
1ork,ATC,8.806875401645538,2.40,1999,PDB,False
1bnv,AL7,8.769551078621726,2.40,1999,PDB,False
1c12,TRZ,8.721246399047171,2.60,1999,PDB,False
2bow,P4P,4.0,2.80,1999,PDB,False
1fpp,FPP,8.0,2.75,1999,PDB,False
2ay2,CXP,1.8827287043442358,2.40,1999,PDB,False
3tmk,T5A,6.8696662315049934,2.00,1999,PDB,False
1bky,1MC,3.8416375079047502,2.00,1999,PDB,False
1bux,PPS,4.853871964321762,2.80,1999,PDB,False
1d2e,GDP,6.0,1.94,1999,PDB,False
2ay5,IOP,2.585026652029182,2.40,1999,PDB,False
1bgq,RDC,8.568636235841012,2.50,1999,PDB,False
3kiv,ACA,4.698970004336019,1.80,1999,PDB,False
1d7i,DSS,3.6020599913279625,1.90,1999,PDB,False
2pcp,1PC,8.698970004336019,2.20,1999,PDB,False
1yei,PGG,7.455931955649724,1.90,1999,PDB,False
1yej,PNF,7.455931955649724,1.85,1999,PDB,False
1bzy,IMU,8.337242168318426,2.00,1999,PDB,False
1b55,4IP,7.3979400086720375,2.40,1999,PDB,False
2ay7,CLT,2.3010299956639813,2.40,1999,PDB,False
2ay1,AHC,2.289036881004724,2.20,1999,PDB,False
1clu,DBG,8.267606240177031,1.70,1999,PDB,False
2ay8,4TB,2.2365720064370627,2.20,1999,PDB,False
1d7j,BUQ,3.3010299956639813,1.85,1999,PDB,False
2ay9,5PV,2.161150909262745,2.50,1999,PDB,False
1qk4,IMP,4.214670164989233,1.90,1999,PDB,False
1qk3,5GP,5.1487416512809245,1.65,1999,PDB,False
1qaw,TRP,5.1249387366083,2.50,1999,PDB,False
3mct,3MC,4.068033885271827,2.00,1999,PDB,False
3mag,3MA,4.0655015487564325,1.80,1999,PDB,False
1bwn,4IP,7.060480747381382,2.10,1999,PDB,False
1m6p,M6P,5.096910013008056,1.80,1999,PDB,False
1b42,M1A,4.009217308196862,2.20,1999,PDB,False
1d4y,TPV,11.096910013008056,1.97,1999,PDB,False
3erd,DES,9.899629454882437,2.03,1999,PDB,False
2std,CRP,9.853871964321762,2.10,1999,PDB,False
456c,CBP,9.769551078621726,2.40,1999,PDB,False
1ch8,GPX,7.0,2.50,1999,PDB,False
1oth,PAO,7.0,1.85,1999,PDB,False
3ert,OHT,9.603800652904264,1.90,1999,PDB,False
1bo5,FBP,3.6020599913279625,3.20,1999,PDB,False
1d4k,PI8,9.221848749616356,1.85,2000,PDB,False
1d9i,00P,9.10790539730952,2.30,2000,PDB,False
1ec9,XYH,3.0969100130080562,2.00,2000,PDB,False
1fq8,2Y4,6.026872146400302,2.80,2000,PDB,False
1f74,NAY,3.0457574905606752,1.60,2000,PDB,False
1ezq,RPR,9.045757490560675,2.20,2000,PDB,False
1eoc,4NC,6.045757490560675,2.25,2000,PDB,False
1ecq,DXG,3.0,2.00,2000,PDB,False
1c5s,ESX,6.0,1.36,2000,PDB,False
1f4e,TPR,2.958607314841775,1.90,2000,PDB,False
1d4l,PI9,8.769551078621726,1.75,2000,PDB,False
1b6k,PI5,8.744727494896694,1.85,2000,PDB,False
1f0t,PR1,6.0,1.80,2000,PDB,False
1dqn,IMU,8.0,1.75,2000,PDB,False
1e2k,TMC,4.943095148663527,1.70,2000,PDB,False
1d6w,00R,5.958607314841775,2.00,2000,PDB,False
1c4y,IH3,7.920818753952375,2.70,2000,PDB,False
1fq6,0QF,7.863279432843593,2.70,2000,PDB,False
1qbn,688,5.853871964321762,1.80,2000,PDB,False
1c83,OAI,4.853871964321762,1.80,2000,PDB,False
1ecv,878,4.853871964321762,1.95,2000,PDB,False
1qji,PKF,4.853871964321762,2.14,2000,PDB,False
1qb1,974,6.769551078621726,1.80,2000,PDB,False
1ek1,CIU,7.769551078621726,3.10,2000,PDB,False
1f0s,PR2,7.7447274948966935,2.10,2000,PDB,False
1qbo,711,7.7447274948966935,1.80,2000,PDB,False
1qaq,SFG,4.7447274948966935,2.80,2000,PDB,False
1ylv,SHF,2.6989700043360187,2.15,2000,PDB,False
1f57,DCY,5.638272163982407,1.75,2000,PDB,False
1hlf,GL4,5.638272163982407,2.26,2000,PDB,False
1ejn,AGB,5.619788758288394,1.80,2000,PDB,False
1c5n,ESI,4.698970004336019,1.50,2000,PDB,False
1c86,OPA,4.698970004336019,2.30,2000,PDB,False
1f0r,815,7.657577319177793,2.10,2000,PDB,False
1c85,OBA,4.638272163982407,2.72,2000,PDB,False
1f4f,TP3,4.619788758288394,2.00,2000,PDB,False
1c2t,NHS,6.585026652029182,2.10,2000,PDB,False
1d09,PAL,7.568636235841013,2.10,2000,PDB,False
1egh,PGA,5.698970004336019,2.00,2000,PDB,False
1ggn,GLS,5.508638306165727,2.36,2000,PDB,False
1fq7,2Y3,5.42712839779952,2.80,2000,PDB,False
1f4g,TP4,6.481486060122113,1.75,2000,PDB,False
1qan,SAH,4.481486060122113,2.40,2000,PDB,False
1fw0,KAI,5.432973633840939,1.90,2000,PDB,False
1qb9,806,7.443697499232712,1.80,2000,PDB,False
1fq4,2Y2,6.400116927926312,2.70,2000,PDB,False
1fq5,0GM,8.397940008672037,2.40,2000,PDB,False
1f73,HMN,2.3872161432802645,1.95,2000,PDB,False
1ql9,ZEN,5.351639989019068,2.30,2000,PDB,False
1dy4,SNP,4.356547323513813,1.90,2000,PDB,False
1b6m,PI6,8.397940008672037,1.85,2000,PDB,False
1c88,OTA,5.292429823902063,1.80,2000,PDB,False
1ero,BJP,8.229147988357855,2.10,2000,PDB,False
1b74,DGN,1.3010299956639813,2.30,2000,PDB,False
1qm4,AMB,4.301029995663981,2.66,2000,PDB,False
1e2l,TMC,4.288192770958809,2.40,2000,PDB,False
1b6l,PI4,8.301029995663981,1.75,2000,PDB,False
1ek2,CDU,8.200659450546418,3.00,2000,PDB,False
1ft7,PLU,5.180456064458132,2.20,2000,PDB,False
1c5y,ESP,4.200659450546418,1.65,2000,PDB,False
1c87,OPA,4.200659450546418,2.10,2000,PDB,False
1f0u,RPR,7.161150909262744,1.90,2000,PDB,False
1bsk,MLN,4.119186407719209,3.00,2000,PDB,False
1gfy,COL,5.079876673709276,2.13,2000,PDB,False
1enu,APZ,5.080921907623926,1.95,2000,PDB,False
1qq9,MET,2.0604807473813813,1.53,2000,PDB,False
1eix,BMQ,11.05551732784983,2.50,2000,PDB,False
1dgm,ADN,5.050609993355088,1.80,2000,PDB,False
1c5t,ESP,4.096910013008056,1.37,2000,PDB,False
1qb6,623,6.060480747381382,1.80,2000,PDB,False
8a3h,IDC,4.055517327849832,0.97,2000,PDB,False
1c84,761,5.00436480540245,2.35,2000,PDB,False
1ci7,CB3,7.045757490560675,2.60,2000,PDB,False
1dqx,BMP,11.045757490560675,2.40,2000,PDB,False
1jlq,SBN,8.154901959985743,3.00,2001,PDB,False
1hvy,D16,6.537602002101044,1.90,2001,PDB,False
1jik,545,9.698970004336019,2.80,2001,PDB,False
1fo3,KIF,6.698970004336019,1.75,2001,PDB,False
1jq3,AAT,6.698970004336019,1.80,2001,PDB,False
1i7c,MGB,6.3979400086720375,2.40,2001,PDB,False
1i91,INQ,8.939302159646388,2.00,2001,PDB,False
1i8z,INL,8.896196279044043,1.93,2001,PDB,False
1i90,INM,8.892790030352131,2.00,2001,PDB,False
1jj9,BBT,5.769551078621726,2.00,2001,PDB,False
1iep,STI,7.0,2.10,2001,PDB,False
1fvv,107,8.0,2.80,2001,PDB,False
1g2a,BB2,8.0,1.75,2001,PDB,False
1k1p,MEL,7.924453038607469,1.90,2001,PDB,False
1g49,111,7.795880017344075,1.90,2001,PDB,False
1h5u,CHI,6.749579997691106,1.76,2001,PDB,False
1jii,383,9.0,3.20,2001,PDB,False
1f0q,EMO,6.0,2.63,2001,PDB,False
1g4k,HQQ,5.698970004336019,2.00,2001,PDB,False
1ikw,EFZ,8.602059991327963,3.00,2001,PDB,False
1cs4,101,5.568636235841013,2.50,2001,PDB,False
1fo2,DMJ,4.698970004336019,2.38,2001,PDB,False
1i32,NMD,5.698970004336019,2.60,2001,PDB,False
1g05,BBH,8.508638306165727,2.45,2001,PDB,False
1jje,BYS,8.431798275933005,1.80,2001,PDB,False
1e9h,INR,7.455931955649724,2.50,2001,PDB,False
1jij,629,8.522878745280337,3.20,2001,PDB,False
1jk7,OKA,8.522878745280337,1.90,2001,PDB,False
1hs6,BES,5.376750709602099,1.95,2001,PDB,False
1g5s,I17,7.318758762624412,2.61,2001,PDB,False
1jil,485,8.397940008672037,2.20,2001,PDB,False
1iky,MSD,8.259637310505756,3.00,2001,PDB,False
1ikv,EFZ,6.2839966563652006,3.00,2001,PDB,False
1fvt,106,7.221848749616356,2.20,2001,PDB,False
1ikx,PNU,8.154901959985743,2.80,2001,PDB,False
1i33,TND,4.1249387366083,3.00,2001,PDB,False
1g27,BB1,8.154901959985743,2.10,2001,PDB,False
1jjt,BDS,8.045757490560675,1.80,2001,PDB,False
1ie9,VDX,10.187086643357144,1.40,2001,PDB,False
1hn4,MJI,3.8239087409443187,1.50,2001,PDB,False
1i80,9HX,6.4089353929735005,2.00,2001,PDB,False
1ex8,A4P,6.327902142064283,1.85,2001,PDB,False
1g7v,PAI,6.3979400086720375,2.40,2001,PDB,False
1i7z,COC,6.3979400086720375,2.30,2001,PDB,False
1hiy,3AN,3.0809219076239263,2.60,2001,PDB,False
1e3g,R18,9.00436480540245,2.40,2001,PDB,False
1hn2,ANC,6.0,1.80,2001,PDB,False
1h8s,AIC,5.812479279163537,2.40,2001,PDB,False
1k1l,FD3,6.903089986991944,2.50,2001,PDB,False
1h61,PDN,4.886056647693163,1.40,2001,PDB,False
1k1n,CCR,6.815308569182402,2.00,2001,PDB,False
1h62,ANB,4.769551078621726,1.90,2001,PDB,False
1k03,HBA,6.0,2.70,2001,PDB,False
1hq5,S2C,5.653647025549361,2.30,2001,PDB,False
1i9n,IOA,8.657577319177793,1.86,2001,PDB,False
1ha2,SWF,5.537602002101044,2.50,2001,PDB,False
1h60,STR,4.698970004336019,1.60,2001,PDB,False
1if8,SBS,9.638272163982407,1.94,2001,PDB,False
1ii5,GLU,6.619788758288394,1.60,2001,PDB,False
1joc,ITP,4.619788758288394,2.20,2001,PDB,False
1k1i,FD1,6.578396073130169,2.20,2001,PDB,False
1k1j,FD2,7.552841968657781,2.20,2001,PDB,False
1jgl,EST,8.698970004336019,2.15,2001,PDB,False
1i9l,INV,8.481486060122112,1.93,2001,PDB,False
1i9m,INW,8.481486060122112,1.84,2001,PDB,False
1i9o,IOC,8.42021640338319,1.86,2001,PDB,False
1h9z,RWF,5.42021640338319,2.50,2001,PDB,False
1i9p,IOE,8.4089353929735,1.92,2001,PDB,False
1i9q,IOF,8.4089353929735,1.80,2001,PDB,False
1imx,CPQ,3.5228787452803374,1.82,2001,PDB,False
1if7,SBR,10.522878745280337,1.98,2001,PDB,False
1ewj,BLM,7.494850021680094,2.50,2001,PDB,False
1fl6,AAH,7.431798275933005,2.80,2001,PDB,False
1ikt,OXN,3.3979400086720375,1.75,2001,PDB,False
1k1m,FD4,7.3979400086720375,2.20,2001,PDB,False
1ilh,SRL,7.3872161432802645,2.76,2001,PDB,False
1e3v,DXC,4.33970383972927,2.00,2001,PDB,False
1fe3,OLA,7.330683119433888,2.80,2001,PDB,False
1h6h,PIB,5.301029995663981,1.70,2001,PDB,False
1fdq,HXA,7.272458742971444,2.10,2001,PDB,False
1g6s,S3P,5.154901959985743,1.50,2001,PDB,False
1i1e,DM2,5.026872146400302,2.50,2001,PDB,False
1j4r,001,7.721246399047171,1.80,2001,PDB,False
1f8c,4AM,7.3979400086720375,1.70,2001,PDB,False
1e66,HUX,9.886056647693163,2.10,2001,PDB,False
1g7g,INX,6.6020599913279625,2.20,2001,PDB,False
1jzs,MRC,6.6020599913279625,2.50,2001,PDB,False
1i37,DHT,9.568636235841012,2.00,2001,PDB,False
1hp0,AD3,6.698970004336019,2.10,2001,PDB,False
1k9s,FM2,6.522878745280337,2.00,2001,PDB,False
1i00,D16,6.337242168318426,2.50,2001,PDB,False
1hnn,SKF,6.236572006437063,2.40,2001,PDB,False
1hqh,NNH,6.301029995663981,2.80,2001,PDB,False
1f92,UKP,6.1938200260161125,2.60,2001,PDB,False
1e72,GOX,3.2218487496163566,1.60,2001,PDB,False
1e6q,NTZ,3.154901959985743,1.35,2001,PDB,False
1hqg,ORN,3.0,2.00,2001,PDB,False
1iih,3PG,2.886056647693163,2.20,2001,PDB,False
1e1x,NW1,5.886056647693163,1.85,2001,PDB,False
1hdq,INF,5.823908740944319,2.30,2001,PDB,False
1g3c,109,5.795880017344075,1.80,2001,PDB,False
1g3b,108,5.7447274948966935,1.80,2001,PDB,False
1juj,LYA,6.962573502059376,3.00,2001,PDB,False
1hlk,113,5.0,2.50,2001,PDB,False
1i6v,RFP,5.0,3.30,2001,PDB,False
1g2k,NM1,7.958607314841775,1.95,2001,PDB,False
1f2o,LEU,1.9065783148377649,1.70,2001,PDB,False
1f2p,PHE,1.8961962790440432,1.80,2001,PDB,False
1e1v,CMG,4.920818753952375,1.95,2001,PDB,False
1g30,T87,6.853871964321762,2.00,2001,PDB,False
1f8e,49A,4.823908740944319,1.40,2001,PDB,False
1f28,F89,7.795880017344075,1.90,2001,PDB,False
1fm9,570,9.0,2.10,2001,PDB,False
1fpy,PPQ,6.0,2.89,2001,PDB,False
1i48,CCO,5.698970004336019,3.25,2001,PDB,False
1g5f,DCE,2.6363880201078556,1.80,2001,PDB,False
1jak,IFG,5.568636235841013,1.75,2001,PDB,False
1g3d,108,5.552841968657781,1.80,2001,PDB,False
1i43,PMC,3.6989700043360187,3.10,2001,PDB,False
1iig,3PP,1.5686362358410126,2.60,2001,PDB,False
1i41,HEN,4.568636235841013,3.20,2001,PDB,False
1hp5,NGT,6.552841968657781,2.10,2001,PDB,False
1g2o,IMH,10.55284196865778,1.75,2001,PDB,False
1g98,PA5,5.698970004336019,1.90,2001,PDB,False
1g9r,UPF,5.698970004336019,2.00,2001,PDB,False
1jsv,U55,5.698970004336019,1.96,2001,PDB,False
1g7f,INZ,5.468521082957745,1.80,2001,PDB,False
1hi4,A3P,4.494850021680094,1.80,2001,PDB,False
1ik4,PGH,7.4089353929735005,2.00,2001,PDB,False
1f8b,DAN,5.3979400086720375,1.80,2001,PDB,False
1g3e,109,5.376750709602099,1.80,2001,PDB,False
1hee,LHY,5.337242168318426,1.75,2001,PDB,False
1k06,BZD,5.337242168318426,1.80,2001,PDB,False
1k08,BZD,5.337242168318426,2.26,2001,PDB,False
1f8d,9AM,3.3979400086720375,1.40,2001,PDB,False
1g2m,R11,7.3979400086720375,3.02,2001,PDB,False
1jh1,JST,4.3872161432802645,2.70,2001,PDB,False
1jut,LYD,7.321481620959886,2.70,2001,PDB,False
1f5l,AMR,5.275724130399211,2.10,2001,PDB,False
1jd0,AZM,8.244125144327509,1.50,2001,PDB,False
1f9g,ASC,1.275724130399211,2.00,2001,PDB,False
1g2l,T87,7.2441251443275085,1.90,2001,PDB,False
1hv5,RXP,8.301029995663981,2.60,2001,PDB,False
1hi3,A2P,4.1938200260161125,1.80,2001,PDB,False
1k1o,IGN,6.170696227168975,2.00,2001,PDB,False
1g36,R11,7.173925197299173,1.90,2001,PDB,False
1efy,BZC,8.221848749616356,2.20,2001,PDB,False
1g35,AHF,8.136677139879543,1.80,2001,PDB,False
1gcz,YZ9,5.130768280269024,1.90,2001,PDB,False
1g32,R11,6.107905397309519,1.90,2001,PDB,False
1jtq,LY3,8.070581074285707,2.50,2001,PDB,False
1jjk,BMP,11.05551732784983,3.00,2001,PDB,False
1hyo,HBU,4.071604147743286,1.30,2001,PDB,False
1hi5,ADP,4.036212172654444,1.80,2001,PDB,False
1kkq,471,6.619788758288394,3.00,2002,PDB,False
1i7i,AZ2,6.698970004336019,2.35,2002,PDB,False
1il9,MOG,3.3979400086720375,3.10,2002,PDB,False
1m5c,BRH,6.301029995663981,1.65,2002,PDB,False
1kz8,PFE,6.080921907623926,2.00,2002,PDB,False
1h1q,2A6,6.0,2.50,2002,PDB,False
1i7g,AZ2,6.0,2.20,2002,PDB,False
1ld7,U66,8.958607314841775,2.00,2002,PDB,False
1il4,9DG,2.853871964321762,2.60,2002,PDB,False
1ktt,C02,5.823908740944319,2.10,2002,PDB,False
1kmv,LII,6.950781977329818,1.05,2002,PDB,False
1m5f,AM1,7.8297382846050425,1.95,2002,PDB,False
1iyl,R64,9.0,3.20,2002,PDB,False
1ke8,LS4,6.0,2.00,2002,PDB,False
1jiz,CGS,8.698970004336019,2.60,2002,PDB,False
1il5,DDP,2.657577319177794,2.80,2002,PDB,False
1h1r,6CP,5.638272163982407,2.00,2002,PDB,False
1lev,CLI,5.6020599913279625,2.15,2002,PDB,False
1m7q,DQO,8.585026652029182,2.40,2002,PDB,False
1il3,7DG,2.5528419686577806,2.80,2002,PDB,False
1m5e,AM1,7.696803942579511,1.46,2002,PDB,False
1hww,SWA,7.698970004336019,1.87,2002,PDB,False
1kak,FNP,4.585026652029182,2.50,2002,PDB,False
1ld8,U49,8.455931955649724,1.80,2002,PDB,False
1ijr,CC0,5.443697499232713,2.20,2002,PDB,False
1eou,SMS,7.443697499232712,2.10,2002,PDB,False
1hy7,MBS,5.388276691992658,1.50,2002,PDB,False
1kyn,KTP,5.3872161432802645,3.50,2002,PDB,False
1hxk,DMJ,3.3979400086720375,1.50,2002,PDB,False
1hty,TRS,1.3979400086720375,1.40,2002,PDB,False
1nd5,2BF,8.397940008672037,2.90,2002,PDB,False
1jg0,DDT,5.301029995663981,2.00,2002,PDB,False
1ke6,LS2,8.244125144327509,2.00,2002,PDB,False
1ke5,LS1,6.251811972993799,2.20,2002,PDB,False
1jdj,CFP,2.3010299956639813,2.20,2002,PDB,False
1lqf,BGD,8.301029995663981,2.50,2002,PDB,False
1k3t,BRZ,4.1938200260161125,1.95,2002,PDB,False
1ke9,LS5,6.180456064458132,2.00,2002,PDB,False
1mzs,669,5.154901959985743,2.10,2002,PDB,False
1ljt,HDI,5.154901959985743,2.00,2002,PDB,False
1ke7,LS3,8.050609993355087,2.00,2002,PDB,False
1m5d,BRH,5.036212172654444,1.73,2002,PDB,False
1m5b,BN1,8.013228265733755,1.85,2002,PDB,False
1llb,PCN,6.045757490560675,1.72,2002,PDB,False
1m7y,PPG,10.958607314841775,1.60,2002,PDB,False
1lbf,137,7.853871964321762,2.05,2002,PDB,False
1n4k,I3P,10.045757490560675,2.20,2002,PDB,False
1lrh,NLA,6.823908740944319,1.90,2002,PDB,False
1li6,5MP,3.795880017344075,2.00,2002,PDB,False
1kv2,B96,10.0,2.80,2002,PDB,False
1esz,CPO,6.522878745280337,2.00,2002,PDB,False
1gx8,RTL,6.366531544420414,2.40,2002,PDB,False
1m83,ATP,3.3979400086720375,2.20,2002,PDB,False
1g50,EST,6.275724130399211,2.90,2002,PDB,False
1lhw,ESM,9.079876673709276,1.75,2002,PDB,False
1lgt,BP3,6.096910013008056,1.70,2002,PDB,False
1kdk,DHT,9.045757490560675,1.70,2002,PDB,False
1kv1,BMU,5.935542010773082,2.50,2002,PDB,False
1lhv,NOG,8.910094888560602,2.00,2002,PDB,False
1kzn,CBN,8.920818753952375,2.30,2002,PDB,False
1kyv,RBF,5.920818753952375,2.40,2002,PDB,False
1lhu,EST,8.829738284605043,1.80,2002,PDB,False
1m74,ADP,7.0,3.00,2002,PDB,False
1lgw,1AN,4.0,1.85,2002,PDB,False
1l5q,CFF,3.96657624451305,2.25,2002,PDB,False
1k6v,XN2,6.920818753952375,2.00,2002,PDB,False
1h79,TTP,4.886056647693163,2.90,2002,PDB,False
1l5r,RBF,4.769551078621726,2.10,2002,PDB,False
1h7a,DTP,4.721246399047171,2.75,2002,PDB,False
1lvc,DOT,6.0,3.60,2002,PDB,False
1kf0,ACP,2.5528419686577806,2.50,2002,PDB,False
1k6t,XN1,7.619788758288394,2.25,2002,PDB,False
1g85,3OL,5.481486060122113,1.80,2002,PDB,False
1h0a,I3P,5.443697499232713,1.70,2002,PDB,False
1k6c,MK1,7.481486060122112,2.20,2002,PDB,False
1k2v,DEF,4.443697499232712,1.97,2002,PDB,False
1k6p,XN3,7.356547323513812,2.20,2002,PDB,False
1jlr,GTP,3.332547047110046,2.45,2002,PDB,False
1fd0,254,8.397940008672037,1.38,2002,PDB,False
1l5s,URC,3.2596373105057563,2.10,2002,PDB,False
1li3,3CH,4.251811972993799,1.85,2002,PDB,False
1jif,BLM,6.200659450546418,1.60,2002,PDB,False
1lbk,GSH,3.175223537524454,1.86,2002,PDB,False
1lkx,ADP,5.1487416512809245,3.00,2002,PDB,False
1m48,FRG,5.086186147616283,1.95,2002,PDB,False
1gni,OLA,8.070581074285707,2.40,2002,PDB,False
1kmy,BPY,5.096910013008056,2.00,2002,PDB,False
1gnj,ACD,7.040958607678906,2.60,2002,PDB,False
1li2,IPH,4.040958607678906,2.00,2002,PDB,False
1l7x,CFF,4.036212172654444,2.30,2002,PDB,False
1ghy,121,8.096910013008056,1.85,2002,PDB,False
1gj7,132,7.886056647693163,1.50,2002,PDB,False
1izh,Q50,7.698970004336019,1.90,2002,PDB,False
1gi4,122,7.187086643357144,1.37,2002,PDB,False
1d4h,BEH,10.0,1.81,2002,PDB,False
1ec2,BEJ,10.0,2.00,2002,PDB,False
1gj6,132,7.0,1.50,2002,PDB,False
1gj8,133,6.958607314841775,1.64,2002,PDB,False
1mto,F6P,6.958607314841775,3.20,2002,PDB,False
1m0q,EPC,3.886056647693163,2.00,2002,PDB,False
1ihy,APR,3.744727494896694,3.00,2002,PDB,False
1kqb,BEZ,4.0,1.80,2002,PDB,False
1eby,BEB,9.698970004336019,2.29,2002,PDB,False
1izi,Q50,6.585026652029182,2.15,2002,PDB,False
1gzv,PA5,6.568636235841013,3.51,2002,PDB,False
1gz4,ATP,3.6989700043360187,2.20,2002,PDB,False
1kf6,HQO,6.698970004336019,2.70,2002,PDB,False
1koj,PAN,6.698970004336019,1.90,2002,PDB,False
1gpn,HUB,6.476253533188435,2.35,2002,PDB,False
1j01,XIL,6.468521082957745,2.00,2002,PDB,False
1jqe,QUN,6.443697499232713,1.91,2002,PDB,False
1ebz,BEC,9.397940008672037,2.01,2002,PDB,False
1lol,XMP,6.3872161432802645,1.90,2002,PDB,False
1gjb,130,6.346787486224656,1.90,2002,PDB,False
1gjc,130,6.346787486224656,1.73,2002,PDB,False
1ksn,FXV,9.397940008672037,2.10,2002,PDB,False
1gqs,SAF,6.301029995663981,3.00,2002,PDB,False
1gi6,124,6.221848749616356,1.49,2002,PDB,False
1ew9,MMQ,3.2218487496163566,2.00,2002,PDB,False
1l8g,DBD,6.221848749616356,2.50,2002,PDB,False
1h22,E10,9.096910013008056,2.15,2002,PDB,False
1ebw,BEI,9.045757490560675,1.81,2002,PDB,False
1ec3,MS3,9.036212172654444,1.80,2002,PDB,False
1fv0,9AR,5.928117992693875,1.70,2002,PDB,False
1ec1,BEE,8.920818753952375,2.10,2002,PDB,False
1h2k,OGA,2.9208187539523753,2.15,2002,PDB,False
1mui,AB1,11.886056647693163,2.80,2002,PDB,False
1d4i,BEG,8.853871964321762,1.81,2002,PDB,False
1k4g,AIQ,5.853871964321762,1.70,2002,PDB,False
1kpm,VIT,5.798602875679548,1.80,2002,PDB,False
1kav,FEP,5.823908740944319,2.35,2002,PDB,False
1lf3,EH5,7.0,2.70,2002,PDB,False
1gvw,0EM,6.958607314841775,1.00,2002,PDB,False
1gj5,130,4.958607314841775,1.73,2002,PDB,False
1km3,UP6,4.906578314837765,1.50,2002,PDB,False
1h1p,CMG,4.920818753952375,2.10,2002,PDB,False
1jqy,A32,4.920818753952375,2.14,2002,PDB,False
1j15,BEN,3.844663962534938,2.00,2002,PDB,False
1j16,BEN,3.844663962534938,1.60,2002,PDB,False
1me4,T10,6.835647144215563,1.20,2002,PDB,False
1jwt,BLI,7.853871964321762,2.50,2002,PDB,False
1nde,MON,7.823908740944319,3.00,2002,PDB,False
1ghz,120,4.795880017344075,1.39,2002,PDB,False
1lee,R36,7.7447274948966935,1.90,2002,PDB,False
1iup,ALQ,2.537602002101044,1.60,2002,PDB,False
1h4w,BEN,4.657577319177793,1.70,2002,PDB,False
1m1b,SPV,4.657577319177793,2.25,2002,PDB,False
1gyy,FHC,3.638272163982407,1.35,2002,PDB,False
1g9s,IMP,3.607303046740334,2.80,2002,PDB,False
1l2s,STC,4.585026652029182,1.94,2002,PDB,False
1n1m,A3M,5.698970004336019,2.50,2002,PDB,False
1ec0,BED,8.494850021680094,1.79,2002,PDB,False
1gyx,BEZ,2.4814860601221125,1.35,2002,PDB,False
1gi1,BMZ,5.468521082957745,1.42,2002,PDB,False
1gja,135,5.42021640338319,1.56,2002,PDB,False
1jys,ADE,3.5228787452803374,1.90,2002,PDB,False
1lf2,R37,7.522878745280337,1.80,2002,PDB,False
1gu1,FA1,4.522878745280337,1.80,2002,PDB,False
1gi7,120,4.508638306165727,1.79,2002,PDB,False
1j14,BEN,4.492144128304169,2.40,2002,PDB,False
1iiq,0ZR,7.481486060122112,1.83,2002,PDB,False
1h8l,GEM,7.468521082957745,2.60,2002,PDB,False
1kti,AZC,3.431798275933005,1.97,2002,PDB,False
1kc7,PPR,5.522878745280337,2.20,2002,PDB,False
1k21,IGN,8.3767507096021,1.86,2002,PDB,False
1gpk,HUP,5.366531544420414,2.10,2002,PDB,False
1d4j,MSC,8.356547323513812,1.81,2002,PDB,False
1h23,E12,8.346787486224656,2.15,2002,PDB,False
1m0o,MPM,2.309803919971486,2.40,2002,PDB,False
1kzk,JE2,10.387216143280265,1.09,2002,PDB,False
1ghv,120,4.346787486224656,1.85,2002,PDB,False
1i2s,CIT,3.309803919971486,1.70,2002,PDB,False
1k22,MEL,8.397940008672037,1.93,2002,PDB,False
1kfy,BRS,5.2839966563652006,3.60,2002,PDB,False
1ew8,PAE,2.2596373105057563,2.20,2002,PDB,False
1g9t,5GP,3.2790142558462607,2.80,2002,PDB,False
1j17,ZEN,5.218244625347531,2.00,2002,PDB,False
1m0n,HCP,2.221848749616356,2.20,2002,PDB,False
1gi9,123,5.221848749616356,1.80,2002,PDB,False
1gjd,136,5.221848749616356,1.75,2002,PDB,False
1jqd,SAH,5.161150909262744,2.28,2002,PDB,False
1kv5,PGA,4.221848749616356,1.65,2002,PDB,False
1ghw,BMZ,4.200659450546418,1.75,2002,PDB,False
1me3,P10,7.189767482004916,1.20,2002,PDB,False
1los,UP6,7.1938200260161125,1.90,2002,PDB,False
1h1s,4SP,8.221848749616356,2.00,2002,PDB,False
1jcx,PAI,5.154901959985743,1.80,2002,PDB,False
1k4h,APQ,5.113509274827518,1.80,2002,PDB,False
1jvu,C2P,5.154901959985743,1.78,2002,PDB,False
1lor,BMP,11.05551732784983,1.60,2002,PDB,False
1gi8,BMZ,5.050609993355088,1.75,2002,PDB,False
1gj4,132,4.070581074285707,1.81,2002,PDB,False
1eb2,BPO,6.008773924307505,2.00,2002,PDB,False
1q6m,P27,7.886056647693163,2.20,2003,PDB,False
1q6j,335,7.795880017344075,2.20,2003,PDB,False
1q6n,P90,7.638272163982407,2.10,2003,PDB,False
1j1a,BHP,7.5376020021010435,2.20,2003,PDB,False
1onp,FOM,7.522878745280337,2.50,2003,PDB,False
1oir,HDY,7.494850021680094,1.91,2003,PDB,False
1ogu,ST8,7.468521082957745,2.60,2003,PDB,False
1nq0,4HY,10.318758762624412,2.40,2003,PDB,False
1mzc,BNE,10.221848749616356,2.00,2003,PDB,False
1nyx,DRF,7.036212172654444,2.65,2003,PDB,False
1ouk,084,9.886056647693163,2.50,2003,PDB,False
1mqd,SHI,6.769551078621726,1.46,2003,PDB,False
1ms7,SHI,6.769551078621726,1.97,2003,PDB,False
1pqc,444,7.0,2.80,2003,PDB,False
1kwr,SG2,6.6020599913279625,2.25,2003,PDB,False
1mqh,BWD,6.522878745280337,1.80,2003,PDB,False
1q9m,ROL,6.481486060122113,2.30,2003,PDB,False
1nl4,FTL,9.4089353929735,2.70,2003,PDB,False
1mqg,IWD,6.2839966563652006,2.15,2003,PDB,False
1oyn,ROL,6.259637310505756,2.00,2003,PDB,False
1kwq,SG1,9.207608310501746,2.60,2003,PDB,False
1ove,358,9.130768280269024,2.10,2003,PDB,False
1pxl,CK4,6.045757490560675,2.50,2003,PDB,False
1n94,TIN,8.958607314841775,3.50,2003,PDB,False
1n95,FTH,8.920818753952375,2.30,2003,PDB,False
1o5m,336,8.721246399047171,2.30,2003,PDB,False
1nzq,162,7.958607314841775,2.18,2003,PDB,False
1n0t,AT1,4.913640169325252,2.10,2003,PDB,False
1p2a,5BN,7.920818753952375,2.50,2003,PDB,False
1q6s,214,7.920818753952375,2.20,2003,PDB,False
1h0w,207,4.886056647693163,2.10,2003,PDB,False
1pxj,CK2,4.886056647693163,2.30,2003,PDB,False
1h3b,R46,6.85078088734462,2.80,2003,PDB,False
1p5e,TBS,4.806875401645538,2.22,2003,PDB,False
1pmv,537,6.823908740944319,2.50,2003,PDB,False
1q3d,STU,7.823908740944319,2.20,2003,PDB,False
1mkd,ZAR,6.795880017344075,2.90,2003,PDB,False
1pxi,CK1,4.769551078621726,1.95,2003,PDB,False
1m51,TSX,4.72584215073632,2.25,2003,PDB,False
1o6h,W37,6.730487055782084,2.80,2003,PDB,False
1h36,R88,7.7447274948966935,2.80,2003,PDB,False
1uom,PTI,7.721246399047171,2.28,2003,PDB,False
1npw,LGZ,8.698970004336019,2.00,2003,PDB,False
1nhx,FTB,5.675717544702307,2.10,2003,PDB,False
1n9a,FTI,8.657577319177793,3.20,2003,PDB,False
1pxk,CK3,5.657577319177793,2.80,2003,PDB,False
1oiq,HDU,5.537602002101044,2.31,2003,PDB,False
1mm6,QUS,7.698970004336019,2.15,2003,PDB,False
1mm7,QUS,7.698970004336019,1.65,2003,PDB,False
1q41,IXM,7.657577319177793,2.10,2003,PDB,False
1h01,FAL,4.657577319177793,1.79,2003,PDB,False
1mqi,FWD,7.6283780728239785,1.35,2003,PDB,False
1o6q,R17,7.638272163982407,2.80,2003,PDB,False
1h3a,R04,6.55129368009492,2.85,2003,PDB,False
1h39,R03,6.539102157243452,2.80,2003,PDB,False
1h08,BYP,4.552841968657781,1.80,2003,PDB,False
1h35,R01,7.5376020021010435,2.80,2003,PDB,False
1nnk,CE2,5.455931955649724,1.85,2003,PDB,False
1h3c,R79,6.51427857351842,2.90,2003,PDB,False
1q6p,213,8.522878745280337,2.30,2003,PDB,False
1mxu,BWD,5.3979400086720375,1.80,2003,PDB,False
1my3,BWD,5.3979400086720375,1.75,2003,PDB,False
1ouy,094,8.366531544420413,2.50,2003,PDB,False
1mqj,HWD,5.3223930472795065,1.65,2003,PDB,False
1o79,R23,6.391473966422806,2.80,2003,PDB,False
1q3w,ATU,8.397940008672037,2.30,2003,PDB,False
1nmk,SFM,8.244125144327509,2.10,2003,PDB,False
1npv,L27,8.244125144327509,2.00,2003,PDB,False
1pmu,9HP,6.229147988357855,2.70,2003,PDB,False
1o4j,IS2,2.3565473235138126,1.70,2004,PDB,False
1uyc,PU7,4.3872161432802645,2.00,2004,PDB,False
1o49,493,6.359518563029578,1.70,2004,PDB,False
1o48,853,6.346787486224656,1.55,2004,PDB,False
1o47,822,8.397940008672037,1.80,2004,PDB,False
1w4l,GL8,8.397940008672037,2.16,2004,PDB,False
1t1r,IMB,5.3979400086720375,2.30,2004,PDB,False
1tv6,CP9,5.3979400086720375,2.80,2004,PDB,False
1uu9,BI3,5.3979400086720375,1.95,2004,PDB,False
1v0o,INR,5.259637310505756,1.90,2004,PDB,False
1xmy,ROL,7.299988937677887,2.40,2004,PDB,False
1w51,L01,6.301029995663981,2.55,2004,PDB,False
1ppw,EIP,4.301029995663981,2.21,2004,PDB,False
1rs2,209,4.301029995663981,2.31,2004,PDB,False
1py5,PY1,7.292429823902063,2.30,2004,PDB,False
1uyg,PU2,4.2716462179787715,2.00,2004,PDB,False
1u59,STU,7.253365801062421,2.30,2004,PDB,False
1okz,UCN,8.301029995663981,2.51,2004,PDB,False
1v2h,GUN,5.301029995663981,2.70,2004,PDB,False
1oky,STU,8.187086643357144,2.30,2004,PDB,False
1w6j,R71,8.187086643357144,2.20,2004,PDB,False
1q0b,NAT,5.173925197299173,1.90,2004,PDB,False
1uk1,FRQ,7.221848749616356,3.00,2004,PDB,False
1oiy,N41,7.1938200260161125,2.40,2004,PDB,False
1oi9,N20,7.161150909262744,2.10,2004,PDB,False
1pw6,FRB,5.221848749616356,2.60,2004,PDB,False
1w6r,GNT,6.153662887870195,2.05,2004,PDB,False
1w76,GNT,6.153662887870195,2.30,2004,PDB,False
1uy8,PU5,4.1249387366083,1.98,2004,PDB,False
1pfy,MSP,8.154901959985743,1.93,2004,PDB,False
1tfz,869,8.154901959985743,1.80,2004,PDB,False
1qxw,M1C,5.154901959985743,1.67,2004,PDB,False
1t1s,CBQ,5.154901959985743,2.40,2004,PDB,False
1rry,204,4.096910013008056,2.70,2004,PDB,False
1uk0,FRM,8.096910013008056,3.00,2004,PDB,False
1t4j,FRJ,5.096910013008056,2.70,2004,PDB,False
1u32,OKA,7.013228265733755,2.00,2004,PDB,False
1o42,843,8.045757490560675,1.70,2004,PDB,False
1uu8,BI1,5.045757490560675,2.50,2004,PDB,False
1sr7,MOF,10.096910013008056,1.46,2004,PDB,False
1toi,HCI,4.045757490560675,1.90,2004,PDB,False
1utj,ABN,3.8416375079047502,1.83,2004,PDB,False
1os5,NH1,6.853871964321762,2.20,2004,PDB,False
1vjc,ATP,3.580044251510242,2.10,2004,PDB,False
1vjd,ATP,3.543633966870957,1.90,2004,PDB,False
1nki,PPF,6.698970004336019,0.95,2004,PDB,False
1s19,MC9,9.508638306165727,2.10,2004,PDB,False
1utn,ABN,3.493494967595128,1.15,2004,PDB,False
1ru2,APC,6.494850021680094,1.48,2004,PDB,False
1q4x,G24,9.481486060122112,2.80,2004,PDB,False
1qy1,PRZ,6.522878745280337,1.70,2004,PDB,False
1toj,HCI,3.3872161432802645,1.90,2004,PDB,False
1sqn,NDR,9.397940008672037,1.45,2004,PDB,False
1xow,R18,9.2839966563652,1.80,2004,PDB,False
1udt,VIA,9.301029995663981,2.30,2004,PDB,False
1tpz,GDP,6.1938200260161125,2.00,2004,PDB,False
1tq4,GDP,6.1938200260161125,1.95,2004,PDB,False
1tog,HCI,3.2218487496163566,2.31,2004,PDB,False
1uho,VDN,9.221848749616356,2.50,2004,PDB,False
1utm,PEA,3.0123337350737254,1.50,2004,PDB,False
1oay,FUR,5.920818753952375,2.66,2004,PDB,False
1u1w,3HA,5.853871964321762,1.35,2004,PDB,False
1p17,IMP,2.8239087409443187,2.70,2004,PDB,False
1ryf,GDP,8.795880017344075,1.75,2004,PDB,False
1qy2,IPZ,5.7447274948966935,1.75,2004,PDB,False
1rmz,NGH,8.0,1.34,2004,PDB,False
1vyg,ACD,8.0,2.40,2004,PDB,False
1xws,BI1,8.0,1.80,2004,PDB,False
1sbr,VIB,5.0,2.30,2004,PDB,False
1pg2,MET,4.958607314841775,1.75,2004,PDB,False
1vkj,A3P,4.853871964321762,2.50,2004,PDB,False
1rd4,L08,7.73754891026957,2.40,2004,PDB,False
1ru1,APC,4.7447274948966935,1.40,2004,PDB,False
1pfu,MPJ,2.721246399047171,1.91,2004,PDB,False
1q1g,MTI,8.568636235841012,2.02,2004,PDB,False
1ryh,GNP,7.559090917934782,1.75,2004,PDB,False
1szd,APR,4.535212480354063,1.50,2004,PDB,False
1xap,TTB,8.698970004336019,2.10,2004,PDB,False
1y0x,T44,8.698970004336019,3.10,2004,PDB,False
1xxi,ADP,5.522878745280337,4.10,2004,PDB,False
1utl,PRA,2.4672456210075024,1.70,2004,PDB,False
1tok,MAE,2.468521082957745,1.85,2004,PDB,False
1r5n,GDP,5.42021640338319,2.90,2004,PDB,False
1u2r,GDP,5.4089353929735005,2.60,2004,PDB,False
1vea,HBN,7.522878745280337,2.80,2004,PDB,False
1qvu,PRL,4.455931955649724,2.96,2004,PDB,False
1utp,PBN,1.4436974992327127,1.30,2004,PDB,False
1oar,AZN,7.3979400086720375,2.22,2004,PDB,False
1r6n,434,7.3979400086720375,2.40,2004,PDB,False
1qvt,PRL,4.376750709602099,2.89,2004,PDB,False
1td7,NFL,4.366531544420414,2.50,2004,PDB,False
1uw6,NCT,7.3448615651886175,2.20,2004,PDB,False
1ttm,667,7.346787486224656,1.95,2004,PDB,False
1sv3,ANN,4.346787486224656,1.35,2004,PDB,False
1w3j,OXZ,6.315154638355588,2.00,2004,PDB,False
1r9l,BET,5.3979400086720375,1.59,2004,PDB,False
1uto,PEA,2.2740883677049517,1.15,2004,PDB,False
2bfr,ADP,5.249491605148654,2.50,2004,PDB,False
1sw1,PBE,7.301029995663981,1.90,2004,PDB,False
1oxr,AIN,5.1938200260161125,1.93,2004,PDB,False
1sw2,BET,7.221848749616356,2.10,2004,PDB,False
1pzi,1DM,4.221848749616356,1.99,2004,PDB,False
1q7a,OPB,7.1938200260161125,1.60,2004,PDB,False
1w2x,RCP,5.142667503568732,2.80,2004,PDB,False
1uv6,CCE,5.120617362825658,2.50,2004,PDB,False
1p19,IMP,4.114638779968488,2.30,2004,PDB,False
1nw4,IMH,9.065501548756432,2.20,2004,PDB,False
1r4w,GSH,4.045757490560675,2.50,2004,PDB,False
1vyf,OLA,8.045757490560675,1.85,2004,PDB,False
1rp7,TZD,8.522878745280337,2.09,2004,PDB,False
1vja,7IN,7.698970004336019,2.00,2004,PDB,False
1w1g,4PT,7.6777807052660805,1.45,2004,PDB,False
1vj9,5IN,7.552841968657781,2.40,2004,PDB,False
1sqo,UI2,7.455931955649724,1.84,2004,PDB,False
1sc8,2IN,7.443697499232713,2.40,2004,PDB,False
1ua4,AMP,4.221848749616356,1.90,2004,PDB,False
1pxm,CK5,7.221848749616356,2.53,2004,PDB,False
1xd0,ARE,7.1249387366083,2.00,2004,PDB,False
1pxn,CK6,7.154901959985743,2.50,2004,PDB,False
1sb1,165,6.892790030352131,1.90,2004,PDB,False
1pkx,XMP,6.920818753952375,1.90,2004,PDB,False
1vcu,DAN,3.853871964321762,2.85,2004,PDB,False
1om1,IQA,6.769551078621726,1.68,2004,PDB,False
1wc1,TAT,4.0,1.93,2004,PDB,False
1wc6,TAT,4.0,2.51,2004,PDB,False
1rjk,VDZ,10.0,1.99,2004,PDB,False
1pxp,CK8,6.657577319177793,2.30,2004,PDB,False
1qw7,EBP,3.6020599913279625,1.90,2004,PDB,False
1uys,H1L,3.6020599913279625,2.80,2004,PDB,False
1w1d,4IP,6.522878745280337,1.50,2004,PDB,False
1s4d,SAH,6.494850021680094,2.70,2004,PDB,False
1xjd,STU,9.481486060122112,2.00,2004,PDB,False
1q4w,DQU,6.455931955649724,1.93,2004,PDB,False
1r5y,DQU,6.455931955649724,1.20,2004,PDB,False
1o5a,696,6.42021640338319,1.68,2004,PDB,False
1re8,BD2,9.522878745280337,2.10,2004,PDB,False
1t69,SHH,6.318758762624412,2.91,2004,PDB,False
1px4,IPT,3.2291479883578558,1.60,2004,PDB,False
1pwp,NSC,6.301029995663981,2.90,2004,PDB,False
1w25,C2E,6.301029995663981,2.70,2004,PDB,False
1wm1,PTB,6.301029995663981,2.10,2004,PDB,False
1sqa,UI1,9.207608310501746,2.00,2004,PDB,False
1sqt,UI3,6.200659450546418,1.90,2004,PDB,False
1v2k,ZEN,6.187086643357144,2.00,2004,PDB,False
1ta6,177,9.130768280269024,1.90,2004,PDB,False
1u0g,E4P,6.154901959985743,1.70,2004,PDB,False
1s26,APC,3.070581074285707,3.00,2004,PDB,False
1o5f,CR9,6.070581074285707,1.78,2004,PDB,False
1uj5,5RP,3.050609993355087,2.00,2004,PDB,False
1uj6,A5P,3.050609993355087,1.74,2004,PDB,False
1xbo,IX1,6.036212172654444,2.50,2004,PDB,False
1s63,778,9.045757490560675,1.90,2004,PDB,False
1uwu,GOX,5.982966660701219,1.95,2004,PDB,False
1uwt,GTL,5.966576244513051,1.95,2004,PDB,False
1mu8,CDB,9.0,2.00,2004,PDB,False
1v2n,BBA,5.903089986991944,1.80,2004,PDB,False
1r1h,BIR,8.920818753952375,1.95,2004,PDB,False
1u6q,745,5.882728704344236,2.02,2004,PDB,False
1ugp,BUA,2.886056647693163,1.63,2004,PDB,False
1sl3,170,11.853871964321762,1.81,2004,PDB,False
1q63,AIQ,5.853871964321762,1.85,2004,PDB,False
1m0b,0ZQ,8.8153085691824,2.45,2004,PDB,False
1w5w,BE4,8.795880017344075,1.80,2004,PDB,False
1rql,VSO,2.7471469690201067,2.40,2004,PDB,False
2bet,DEZ,2.769551078621726,2.20,2004,PDB,False
1o5b,ESI,5.769551078621726,1.85,2004,PDB,False
1q66,KMB,5.769551078621726,1.75,2004,PDB,False
1o5e,132,5.7447274948966935,1.75,2004,PDB,False
1u0h,ONM,6.958607314841775,2.90,2004,PDB,False
1qxl,FR8,7.958607314841775,2.25,2004,PDB,False
1o5g,CR9,4.958607314841775,1.75,2004,PDB,False
1pwq,SD2,4.958607314841775,3.52,2004,PDB,False
1t3t,ADP,4.958607314841775,1.90,2004,PDB,False
1tl7,ONM,7.920818753952375,2.80,2004,PDB,False
1uz1,IFL,6.886056647693163,2.00,2004,PDB,False
1v79,FR7,7.886056647693163,2.50,2004,PDB,False
1xff,GLU,4.823908740944319,1.80,2004,PDB,False
1v48,HA1,7.795880017344075,2.20,2004,PDB,False
1v2o,ANH,4.734003629504921,1.62,2004,PDB,False
1v2p,ANH,4.734003629504921,1.92,2004,PDB,False
1sdv,MK1,8.742321425130816,1.40,2004,PDB,False
1u2y,GOX,1.7447274948966938,1.95,2004,PDB,False
1txr,BES,7.7447274948966935,2.00,2004,PDB,False
1v2t,ANH,4.708631149548418,1.90,2004,PDB,False
1rm8,BAT,9.0,1.80,2004,PDB,False
1ssq,CYS,6.0,1.85,2004,PDB,False
1pxo,CK7,8.698970004336019,1.96,2004,PDB,False
1pwu,GM6,5.6777807052660805,2.70,2004,PDB,False
1mue,CDD,8.638272163982407,2.00,2004,PDB,False
1r1j,OIR,8.638272163982407,2.35,2004,PDB,False
1r1i,TI1,8.537602002101044,2.60,2004,PDB,False
1rdt,L79,6.698970004336019,2.40,2004,PDB,False
1rek,B8L,6.698970004336019,2.30,2004,PDB,False
1s39,AQO,7.698970004336019,1.95,2004,PDB,False
1uou,CMU,7.698970004336019,2.11,2004,PDB,False
1v41,AZG,4.698970004336019,2.85,2004,PDB,False
1xs7,MMI,7.600326278518962,2.80,2004,PDB,False
1w8m,E1P,1.6020599913279623,1.65,2004,PDB,False
1v2r,ANH,3.55445806563208,1.70,2004,PDB,False
1pk0,EMA,7.568636235841013,3.30,2004,PDB,False
1q95,PAL,7.568636235841013,2.46,2004,PDB,False
1w5y,BE6,8.481486060122112,1.90,2004,PDB,False
1q65,BHB,5.455931955649724,2.10,2004,PDB,False
1t4s,VAL,2.4436974992327127,2.80,2004,PDB,False
1uml,FR4,7.522878745280337,2.50,2004,PDB,False
1w8l,1P3,0.494850021680094,1.80,2004,PDB,False
1ro6,ROL,6.455931955649724,2.00,2004,PDB,False
1pi4,SM3,7.431798275933005,1.39,2004,PDB,False
1pye,PM1,6.413412695328245,2.00,2004,PDB,False
1q5k,TMU,7.42021640338319,1.94,2004,PDB,False
1ta2,176,8.522878745280337,2.30,2004,PDB,False
1xkk,FMM,8.522878745280337,2.40,2004,PDB,False
1w5x,BE5,8.397940008672037,1.90,2004,PDB,False
1mu6,CDA,8.3767507096021,1.99,2004,PDB,False
1uz4,IFL,3.3979400086720375,1.71,2004,PDB,False
1p57,CR4,4.3979400086720375,1.75,2004,PDB,False
1q83,TZ5,12.387216143280265,2.65,2004,PDB,False
1sgu,MK1,5.3731465853332745,1.90,2004,PDB,False
1v2u,BEN,3.3695721249749764,1.80,2004,PDB,False
1v2v,BEN,3.3695721249749764,1.80,2004,PDB,False
1pzo,CBT,3.318758762624413,1.90,2004,PDB,False
1pzp,FTA,3.309803919971486,1.45,2004,PDB,False
1s64,778,8.397940008672037,2.55,2004,PDB,False
1xbb,STI,5.301029995663981,1.57,2004,PDB,False
1s89,PGA,5.236572006437063,2.22,2004,PDB,False
1v2l,BEN,4.292429823902063,1.60,2004,PDB,False
1v2m,BEN,4.292429823902063,1.65,2004,PDB,False
1sdt,MK1,9.267606240177031,1.30,2004,PDB,False
1v2j,BEN,3.2471835688117285,1.90,2004,PDB,False
2bes,RES,4.2441251443275085,2.10,2004,PDB,False
1rej,B1L,8.301029995663981,2.20,2004,PDB,False
1o5c,CR9,5.221848749616356,1.63,2004,PDB,False
1ro7,CSF,3.1824346304402193,1.80,2004,PDB,False
1v2s,BEN,4.167491087293763,1.72,2004,PDB,False
1s38,MAQ,5.154901959985743,1.81,2004,PDB,False
1w5v,BE3,8.148741651280925,1.80,2004,PDB,False
1thz,326,5.1487416512809245,1.80,2004,PDB,False
1o5r,FR9,8.1249387366083,2.35,2004,PDB,False
1q91,DPB,4.154901959985743,1.60,2004,PDB,False
1pf7,IMH,10.142667503568731,2.60,2004,PDB,False
1v2q,ANH,4.133004186889352,2.30,2004,PDB,False
1sdu,MK1,10.065501548756432,1.25,2004,PDB,False
1q84,TZ4,11.050609993355087,2.45,2004,PDB,False
1tuf,AZ1,4.050609993355088,2.40,2004,PDB,False
1p4r,354,8.096910013008056,2.55,2004,PDB,False
1v7a,FRC,8.008773924307505,2.50,2004,PDB,False
1pwy,AC2,4.045757490560675,2.80,2004,PDB,False
1sh9,RIT,6.030584087646019,2.50,2004,PDB,False
1v2w,ANH,4.009705553871561,1.75,2004,PDB,False
1yt9,OIS,8.301029995663981,3.00,2005,PDB,False
1tt1,KAI,8.154901959985743,1.93,2005,PDB,False
2a5u,QYT,8.096910013008056,2.70,2005,PDB,False
1z6j,PY3,8.0268721464003,2.00,2005,PDB,False
1yhs,STU,8.0,2.15,2005,PDB,False
2b54,D05,7.698970004336019,1.85,2005,PDB,False
1y2k,7DE,7.6777807052660805,1.36,2005,PDB,False
1y2j,7DE,7.481486060122113,2.55,2005,PDB,False
1y2h,6DE,7.251811972993799,2.40,2005,PDB,False
1y91,CT9,7.229147988357856,2.15,2005,PDB,False
1w83,L11,7.187086643357144,2.50,2005,PDB,False
1z4u,PH9,7.154901959985743,2.80,2005,PDB,False
1yvf,PH7,7.0,2.50,2005,PDB,False
2a3x,CPK,6.920818753952375,3.00,2005,PDB,False
1yt7,3FC,9.886056647693163,2.30,2005,PDB,False
1s9t,QUS,6.823908740944319,1.80,2005,PDB,False
1y2e,5DE,6.795880017344075,2.10,2005,PDB,False
2ai8,SB7,6.795880017344075,1.70,2005,PDB,False
1rw8,580,6.756961951313706,2.40,2005,PDB,False
2c1a,I5S,6.769551078621726,1.95,2005,PDB,False
2a4z,BYM,6.6020599913279625,2.90,2005,PDB,False
2byh,2D7,6.58838029403677,1.90,2005,PDB,False
1y2c,3DE,6.568636235841013,1.67,2005,PDB,False
2c6l,DT4,6.568636235841013,2.30,2005,PDB,False
1zz3,3YP,6.537602002101044,1.76,2005,PDB,False
1z6q,195,6.698970004336019,2.03,2005,PDB,False
1wbt,WBT,6.468521082957745,2.00,2005,PDB,False
1wbn,L09,6.455931955649724,2.40,2005,PDB,False
2c6m,DT5,6.455931955649724,1.90,2005,PDB,False
2c1b,CQP,6.3979400086720375,2.00,2005,PDB,False
1z34,2FD,3.3767507096020997,2.40,2005,PDB,False
2byi,2DD,6.336299074610352,1.60,2005,PDB,False
2ai7,SB7,6.3979400086720375,2.00,2005,PDB,False
1wzy,F29,6.251811972993799,2.50,2005,PDB,False
1r6g,442,9.207608310501746,3.00,2005,PDB,False
1wbs,LI2,6.200659450546418,1.80,2005,PDB,False
2b53,D23,6.221848749616356,2.00,2005,PDB,False
2c6k,DT2,6.136677139879544,1.90,2005,PDB,False
1xo2,FSE,6.070581074285707,2.90,2005,PDB,False
1you,PFD,9.060480747381382,2.30,2005,PDB,False
2b5j,3AC,9.096910013008056,2.90,2005,PDB,False
1zz1,SHH,6.022276394711152,1.57,2005,PDB,False
1z6p,194,6.045757490560675,2.40,2005,PDB,False
1yc5,NCA,3.0,1.40,2005,PDB,False
2c4g,514,5.939302159646388,2.70,2005,PDB,False
1w1t,CHQ,2.958607314841775,1.90,2005,PDB,False
1u3s,797,8.853871964321762,2.50,2005,PDB,False
2bro,DF2,5.853871964321762,2.20,2005,PDB,False
1zyj,BI5,5.823908740944319,2.00,2005,PDB,False
2bge,T2D,2.795880017344075,1.80,2005,PDB,False
1zuc,T98,8.769551078621726,2.00,2005,PDB,False
2c68,CT6,5.7447274948966935,1.95,2005,PDB,False
1x76,697,8.721246399047171,2.20,2005,PDB,False
1z3c,SA8,4.0,2.20,2005,PDB,False
1x7e,244,5.973671061277651,2.80,2005,PDB,False
2c6i,DT1,4.958607314841775,1.80,2005,PDB,False
1zp5,2NI,2.9208187539523753,1.80,2005,PDB,False
1wqv,PSM,6.886056647693163,2.50,2005,PDB,False
2f6y,ENT,3.870310107800699,2.15,2005,PDB,False
1ywr,LI9,7.886056647693163,1.95,2005,PDB,False
1x78,244,7.853871964321762,2.30,2005,PDB,False
1yw2,PGJ,6.85078088734462,2.01,2005,PDB,False
1yhm,AHD,3.832682665251824,2.50,2005,PDB,False
2a3a,TEP,2.8239087409443187,2.10,2005,PDB,False
2b8l,5HA,7.823908740944319,1.70,2005,PDB,False
1wbv,LI3,3.7904849854573692,2.00,2005,PDB,False
1y57,MPZ,5.7870138152633315,1.91,2005,PDB,False
1xh8,R55,5.769551078621726,1.60,2005,PDB,False
1wss,3CB,7.769551078621726,2.60,2005,PDB,False
1wu1,D91,7.7447274948966935,2.30,2005,PDB,False
1x70,715,7.7447274948966935,2.10,2005,PDB,False
1w82,L10,6.707743928643524,2.20,2005,PDB,False
1wbg,L03,3.0,2.20,2005,PDB,False
1z9h,IMN,3.0,2.60,2005,PDB,False
2ban,357,9.0,2.95,2005,PDB,False
1zgv,501,6.0,2.20,2005,PDB,False
1y2d,4DE,5.698970004336019,1.70,2005,PDB,False
2aie,SB9,5.657577319177793,1.70,2005,PDB,False
1w1y,TYP,2.619788758288394,1.85,2005,PDB,False
2bbb,HH1,8.619788758288394,1.70,2005,PDB,False
2f71,UN7,5.6020599913279625,1.55,2005,PDB,False
2bts,U32,7.698970004336019,1.99,2005,PDB,False
2brh,DFW,4.640164517660112,2.10,2005,PDB,False
1y6a,AAZ,7.657577319177793,2.10,2005,PDB,False
2c69,CT8,4.585026652029182,2.10,2005,PDB,False
2bmc,MPY,7.568636235841013,2.60,2005,PDB,False
1svg,I04,8.698970004336019,2.02,2005,PDB,False
2be2,R22,8.698970004336019,2.43,2005,PDB,False
2bpm,529,8.698970004336019,2.40,2005,PDB,False
2bw7,ECS,5.698970004336019,2.30,2005,PDB,False
1u3q,272,8.455931955649724,2.40,2005,PDB,False
1ynd,SFA,8.443697499232712,1.60,2005,PDB,False
2a3w,CPJ,5.42021640338319,2.20,2005,PDB,False
2aia,SB8,5.4089353929735005,1.70,2005,PDB,False
1z5m,LI8,7.522878745280337,2.17,2005,PDB,False
1zkn,IBM,4.508638306165727,2.10,2005,PDB,False
2f70,UN6,4.474955192963154,2.12,2005,PDB,False
1wok,CNQ,7.481486060122112,3.00,2005,PDB,False
1wcc,CIG,3.4559319556497243,2.20,2005,PDB,False
1w84,L12,4.455931955649724,2.20,2005,PDB,False
1svh,I08,6.443697499232712,2.30,2005,PDB,False
2f6v,SK2,4.431798275933005,1.70,2005,PDB,False
1y6b,AAX,7.42021640338319,2.10,2005,PDB,False
1veb,I05,7.4089353929735005,2.89,2005,PDB,False
1yi3,LY2,5.3979400086720375,2.50,2005,PDB,False
1x7b,041,8.387216143280265,2.30,2005,PDB,False
1yvz,JPC,5.356547323513812,2.20,2005,PDB,False
1u9q,186,8.327902142064282,2.30,2005,PDB,False
2f6z,UN5,5.318758762624412,1.70,2005,PDB,False
1way,L02,3.3979400086720375,2.02,2005,PDB,False
1xog,ABW,6.3872161432802645,2.80,2005,PDB,False
1xoe,ABX,7.3872161432802645,2.20,2005,PDB,False
1wbw,LI4,4.356547323513813,2.41,2005,PDB,False
1yrs,L47,6.346787486224656,2.50,2005,PDB,False
2a3b,CFF,3.3288271572849166,1.90,2005,PDB,False
1w1p,GIO,2.3010299956639813,2.10,2005,PDB,False
1zzl,TZY,8.301029995663981,2.00,2005,PDB,False
2brn,DF1,5.259637310505756,2.80,2005,PDB,False
1u9e,397,8.244125144327509,2.40,2005,PDB,False
1zrz,BI1,5.236572006437063,3.00,2005,PDB,False
1wv7,5PI,7.259637310505756,2.70,2005,PDB,False
1sve,I01,8.301029995663981,2.49,2005,PDB,False
1u3r,338,8.301029995663981,2.21,2005,PDB,False
1w0x,OLO,5.301029995663981,2.20,2005,PDB,False
1zz2,B11,5.221848749616356,2.00,2005,PDB,False
2brg,DFY,5.214670164989233,2.10,2005,PDB,False
1w1v,ALJ,2.2006594505464183,1.85,2005,PDB,False
1sqp,MYX,8.200659450546418,2.70,2005,PDB,False
1wun,P5B,7.2076083105017466,2.40,2005,PDB,False
1xqc,AEJ,7.200659450546418,2.05,2005,PDB,False
1xur,PB5,5.180456064458132,1.85,2005,PDB,False
1xuo,LA1,7.161150909262744,1.80,2005,PDB,False
1xuc,PB3,7.142667503568731,1.70,2005,PDB,False
1yvx,IPC,5.096910013008056,2.00,2005,PDB,False
1zkl,IBM,5.0915149811213505,1.67,2005,PDB,False
1wxz,FRL,8.065501548756432,2.80,2005,PDB,False
1zgb,A1E,8.05551732784983,2.30,2005,PDB,False
2brc,CT5,5.050609993355088,1.60,2005,PDB,False
1y2b,DEE,4.086186147616283,1.40,2005,PDB,False
1xud,PB4,8.096910013008056,1.80,2005,PDB,False
1zxc,IH6,8.096910013008056,2.28,2005,PDB,False
2b52,D42,8.096910013008056,1.88,2005,PDB,False
1zaj,M2P,5.096910013008056,1.89,2005,PDB,False
1wtg,3BP,7.031517051446065,2.20,2005,PDB,False
2btr,U73,7.022276394711152,1.85,2005,PDB,False
2b55,D31,7.017728766960431,1.85,2005,PDB,False
1x8b,824,7.013228265733755,1.81,2005,PDB,False
2b8v,3BN,7.008773924307505,1.80,2005,PDB,False
1x7r,GEN,8.045757490560675,2.00,2005,PDB,False
1t13,INI,7.376750709602099,2.90,2005,PDB,False
2bfq,AR6,6.886056647693163,1.50,2005,PDB,False
1xt8,CYS,6.853871964321762,2.00,2005,PDB,False
1tr7,DEG,6.823908740944319,2.10,2005,PDB,False
1uwf,DEG,6.823908740944319,1.69,2005,PDB,False
2f01,BTN,13.0,0.85,2005,PDB,False
1tmm,APC,6.638272163982407,1.25,2005,PDB,False
2aa6,STR,9.4089353929735,1.95,2005,PDB,False
2bys,LOB,9.522878745280337,2.05,2005,PDB,False
1z2b,VLB,6.3979400086720375,4.10,2005,PDB,False
2ao6,R18,9.2839966563652,1.89,2005,PDB,False
2bt9,MFU,6.1938200260161125,0.94,2005,PDB,False
1y8p,ATP,6.075720713938118,2.63,2005,PDB,False
1ws4,GYP,3.0,1.90,2005,PDB,False
1xk5,TPG,6.0,2.40,2005,PDB,False
1y8o,ADP,5.886056647693163,2.48,2005,PDB,False
1ydk,GTX,5.886056647693163,1.95,2005,PDB,False
1yid,ATP,5.0,2.40,2005,PDB,False
2a58,RBF,4.920818753952375,2.80,2005,PDB,False
1y2f,WAI,4.920818753952375,2.00,2005,PDB,False
1xfv,3AT,3.886056647693163,3.35,2005,PDB,False
1xh7,R96,6.823908740944319,2.47,2005,PDB,False
1sqq,OST,7.823908740944319,3.00,2005,PDB,False
1u1b,PAX,7.795880017344075,2.00,2005,PDB,False
1xh9,R69,7.769551078621726,1.64,2005,PDB,False
1y0l,HAN,9.0,2.50,2005,PDB,False
1t7j,478,8.698970004336019,2.20,2005,PDB,False
2byr,MLK,8.55284196865778,2.45,2005,PDB,False
1xge,DOR,4.681936665037238,1.90,2005,PDB,False
2bjm,ANF,3.6989700043360187,2.15,2005,PDB,False
2arm,OIN,7.6777807052660805,1.23,2005,PDB,False
2c3i,IYZ,7.6020599913279625,1.90,2005,PDB,False
1wva,S2C,6.568636235841013,1.94,2005,PDB,False
1yc4,43P,6.552841968657781,1.81,2005,PDB,False
1w96,S1A,8.4089353929735,1.80,2005,PDB,False
1zhy,CLR,6.522878745280337,1.60,2005,PDB,False
1xz8,U5P,4.522878745280337,2.80,2005,PDB,False
2a4m,TRP,4.522878745280337,2.30,2005,PDB,False
1xh5,R68,5.468521082957745,2.05,2005,PDB,False
1xh4,R69,7.468521082957745,2.45,2005,PDB,False
2bak,AQZ,7.431798275933005,2.20,2005,PDB,False
1tjp,HPF,4.42021640338319,1.50,2005,PDB,False
2baj,1PP,8.397940008672037,2.25,2005,PDB,False
1w6y,EQU,5.356547323513812,2.10,2005,PDB,False
1we2,DHK,4.356547323513813,2.30,2005,PDB,False
1xq0,4TR,6.342944147142896,1.76,2005,PDB,False
1xh6,R94,7.318758762624412,1.90,2005,PDB,False
2bal,PQA,6.309803919971486,2.10,2005,PDB,False
1x07,IPE,3.283996656365201,2.20,2005,PDB,False
2f8i,205,7.259637310505756,1.54,2005,PDB,False
1rr6,IMH,10.2518119729938,2.50,2005,PDB,False
2aeb,ABH,8.301029995663981,1.29,2005,PDB,False
1x8d,RNS,2.2104192878355744,1.80,2005,PDB,False
1yc1,4BC,6.167491087293763,1.70,2005,PDB,False
1t4e,DIZ,7.096910013008056,2.60,2005,PDB,False
2f7i,26C,7.096910013008056,1.60,2005,PDB,False
1y2g,CL3,4.080398976215889,1.90,2005,PDB,False
1xpz,4TZ,7.075720713938118,2.02,2005,PDB,False
2b9a,FBC,8.045757490560675,1.54,2005,PDB,False
1w7x,413,8.397940008672037,1.80,2005,PDB,False
1wuq,8GT,8.267606240177031,2.00,2005,PDB,False
1yly,CB4,7.823908740944319,1.25,2005,PDB,False
1t4v,14A,7.6777807052660805,2.00,2005,PDB,False
2c3k,ABO,7.585026652029182,2.60,2005,PDB,False
1s50,GLU,7.200659450546418,1.65,2005,PDB,False
1x8j,AOI,6.958607314841775,2.35,2005,PDB,False
1tvo,FRZ,6.853871964321762,2.50,2005,PDB,False
2etk,HFS,6.823908740944319,2.96,2005,PDB,False
2etr,Y27,6.823908740944319,2.60,2005,PDB,False
1wur,8DG,6.657577319177793,1.82,2005,PDB,False
1w31,SHO,3.6020599913279625,1.90,2005,PDB,False
1ws1,BB2,9.55284196865778,2.00,2005,PDB,False
2bok,784,6.552841968657781,1.64,2005,PDB,False
2a5s,GLU,6.698970004336019,1.70,2005,PDB,False
2b07,598,6.431798275933005,2.10,2005,PDB,False
2ax9,BHM,9.522878745280337,1.65,2005,PDB,False
1yys,SAZ,6.327902142064283,2.75,2005,PDB,False
1yvm,TMG,6.3979400086720375,1.60,2005,PDB,False
2ayr,L4G,9.292429823902063,1.90,2005,PDB,False
1yyr,SAZ,6.292429823902063,2.50,2005,PDB,False
2ael,SAZ,6.292429823902063,2.50,2005,PDB,False
2esm,M77,6.275724130399211,3.20,2005,PDB,False
1wcq,DAN,6.259637310505756,2.10,2005,PDB,False
1ym1,SM2,6.238072161579471,1.12,2005,PDB,False
2b17,DIF,6.2076083105017466,2.71,2005,PDB,False
2c3j,DBQ,6.18111458540599,2.10,2005,PDB,False
1z71,L17,9.18045606445813,1.80,2005,PDB,False
1x6u,DO8,3.2218487496163566,2.70,2005,PDB,False
1x39,IDE,9.221848749616356,1.80,2005,PDB,False
1z1r,HBH,9.221848749616356,1.85,2005,PDB,False
1y1z,192,3.080398976215889,1.50,2005,PDB,False
1zxv,MFM,6.096910013008056,2.67,2005,PDB,False
1xgj,HTC,6.0,1.97,2005,PDB,False
2br6,HSL,2.958607314841775,1.70,2005,PDB,False
2brm,DFZ,5.886056647693163,2.20,2005,PDB,False
1x38,IDD,8.769551078621726,1.70,2005,PDB,False
1zp8,AB2,8.769551078621726,2.02,2005,PDB,False
1zdp,TIO,5.7447274948966935,1.70,2005,PDB,False
1zyr,STD,5.7447274948966935,3.00,2005,PDB,False
1zoh,K44,7.0,1.81,2005,PDB,False
1w2h,ATM,5.0,2.00,2005,PDB,False
2ad5,CTP,3.958607314841775,2.80,2005,PDB,False
2brb,PFQ,4.863279432843593,2.10,2005,PDB,False
1x7a,187,7.886056647693163,2.90,2005,PDB,False
1xk9,P34,6.853871964321762,2.10,2005,PDB,False
1xgi,NST,4.853871964321762,1.96,2005,PDB,False
1ya4,CTX,4.818156412055227,3.20,2005,PDB,False
1y1m,AC5,1.8153085691824011,1.80,2005,PDB,False
1wkm,MET,0.8239087409443188,2.30,2005,PDB,False
1v1j,FA3,4.823908740944319,2.20,2005,PDB,False
1y3w,UIP,5.774690718274137,1.80,2005,PDB,False
1x8t,RC1,7.795880017344075,1.90,2005,PDB,False
1ybg,TAV,4.795880017344075,2.60,2005,PDB,False
2afw,AHN,4.769551078621726,1.56,2005,PDB,False
2aou,CQA,7.730487055782084,2.30,2005,PDB,False
1wvj,IBC,6.732828271596986,1.75,2005,PDB,False
2adu,R20,7.7447274948966935,1.90,2005,PDB,False
1w4p,UM3,4.7447274948966935,1.69,2005,PDB,False
2bvd,ISX,6.0,1.60,2005,PDB,False
2a14,SAH,5.698970004336019,1.70,2005,PDB,False
2erz,HFS,5.657577319177793,2.20,2005,PDB,False
1t31,OHH,8.638272163982407,1.90,2005,PDB,False
1z9g,RRT,5.638272163982407,1.70,2005,PDB,False
1ze8,PIU,7.6777807052660805,2.00,2005,PDB,False
1wn6,BST,4.6777807052660805,1.80,2005,PDB,False
1y3v,UIR,5.638272163982407,1.60,2005,PDB,False
1y3y,UIR,5.638272163982407,1.75,2005,PDB,False
2azr,982,3.638272163982407,2.00,2005,PDB,False
2bo4,FLC,4.609064892896621,1.95,2005,PDB,False
1yqy,915,7.619788758288394,2.30,2005,PDB,False
1t5a,OXL,4.619788758288394,2.80,2005,PDB,False
2f6t,1C2,4.619788758288394,1.70,2005,PDB,False
1tx7,4CM,4.6020599913279625,1.75,2005,PDB,False
1u65,CP0,7.578396073130169,2.61,2005,PDB,False
2ax6,HFT,7.568636235841013,1.50,2005,PDB,False
1w2g,THM,4.568636235841013,2.10,2005,PDB,False
1y6q,TDI,11.698970004336019,2.20,2005,PDB,False
1z4n,GL1,4.522878745280337,1.97,2005,PDB,False
1z4o,GL1,4.522878745280337,1.90,2005,PDB,False
1syi,CPW,5.444905551421681,2.10,2005,PDB,False
1wvc,CTP,4.455931955649724,2.50,2005,PDB,False
1vzq,SHY,7.443697499232712,1.54,2005,PDB,False
2a3c,PNX,4.431798275933005,2.07,2005,PDB,False
2aow,THA,7.4179366370882915,2.97,2005,PDB,False
2aox,THA,7.4179366370882915,3.12,2005,PDB,False
1t32,OHH,7.42021640338319,1.85,2005,PDB,False
1syh,CPW,6.405607449624573,1.80,2005,PDB,False
1z6d,IMP,2.337242168318426,1.54,2005,PDB,False
1zgi,382,5.337242168318426,2.20,2005,PDB,False
1y20,1AC,5.318758762624412,1.40,2005,PDB,False
1vyq,DUX,5.302770657240282,2.40,2005,PDB,False
1zoe,K25,7.3979400086720375,1.77,2005,PDB,False
1xnx,ATE,6.380906669373257,2.90,2005,PDB,False
1yfz,IMP,4.346787486224656,2.20,2005,PDB,False
1z6s,AMP,4.337242168318426,1.50,2005,PDB,False
1z1h,HBB,8.397940008672037,1.85,2005,PDB,False
1zpa,A83,8.397940008672037,2.02,2005,PDB,False
2al5,FWD,8.397940008672037,1.65,2005,PDB,False
1w4q,UMF,5.259637310505756,1.68,2005,PDB,False
1rt9,IMH,10.2518119729938,2.30,2005,PDB,False
1t5f,DHH,4.221848749616356,2.20,2005,PDB,False
1xhy,KAI,6.1791420105603,1.85,2005,PDB,False
2c6o,4SP,8.221848749616356,2.10,2005,PDB,False
1w4o,UA3,5.221848749616356,1.60,2005,PDB,False
2afx,1BN,5.1487416512809245,1.64,2005,PDB,False
2br1,PFP,5.142667503568732,2.00,2005,PDB,False
1yqj,6NP,8.136677139879543,2.00,2005,PDB,False
1zog,K37,7.154901959985743,2.30,2005,PDB,False
1y3x,UIB,5.13578566953867,1.70,2005,PDB,False
1x8r,SC1,6.1249387366083,1.50,2005,PDB,False
1z95,198,7.119186407719209,1.80,2005,PDB,False
1y6r,MTM,10.113509274827518,2.20,2005,PDB,False
2exm,ZIP,4.107905397309519,1.80,2005,PDB,False
2c3l,IDZ,5.066512712151295,2.35,2005,PDB,False
1x1z,BMP,11.05551732784983,1.45,2005,PDB,False
1yq7,RIS,7.0851281824599495,2.20,2005,PDB,False
2d06,EST,4.079876673709276,2.30,2005,PDB,False
1yci,NDF,4.080921907623926,2.70,2005,PDB,False
2aov,C2M,7.040958607678906,2.48,2005,PDB,False
2bqv,A1A,8.045757490560675,2.10,2005,PDB,False
2bed,736,8.154901959985743,2.70,2006,PDB,False
2bu5,TF1,7.782516055786093,2.35,2006,PDB,False
2f4b,EHA,7.301029995663981,2.07,2006,PDB,False
2nsx,IFM,7.200659450546418,2.11,2006,PDB,False
2bdf,24A,7.173925197299173,2.10,2006,PDB,False
2evo,CT0,7.173925197299173,1.70,2006,PDB,False
2ewp,TXF,7.102372908709558,2.30,2006,PDB,False
2g1y,5IG,7.045757490560675,2.50,2006,PDB,False
2h03,3UN,7.045757490560675,1.65,2006,PDB,False
2gm1,2AZ,7.0,2.30,2006,PDB,False
2hha,3TP,6.913640169325252,2.35,2006,PDB,False
2iw6,QQ2,6.853871964321762,2.30,2006,PDB,False
2ath,3EA,6.818156412055227,2.28,2006,PDB,False
2ie4,OKA,10.0,2.60,2006,PDB,False
2etm,7PY,6.673664139071248,2.30,2006,PDB,False
1zeo,C01,6.6777807052660805,2.50,2006,PDB,False
2c5n,CK8,6.657577319177793,2.10,2006,PDB,False
2h96,893,6.638272163982407,3.00,2006,PDB,False
2gtk,208,6.600326278518962,2.10,2006,PDB,False
2c5x,MTW,6.6020599913279625,2.90,2006,PDB,False
2c5y,MTW,6.6020599913279625,2.25,2006,PDB,False
2gg2,U12,6.6020599913279625,1.00,2006,PDB,False
2gg5,U19,6.6020599913279625,2.12,2006,PDB,False
2evc,FC3,6.537602002101044,1.60,2006,PDB,False
2ggx,NPJ,3.494850021680094,1.90,2006,PDB,False
2h02,2UN,6.494850021680094,2.30,2006,PDB,False
2fyv,W72,3.5228787452803374,1.90,2006,PDB,False
2gz7,D3F,6.522878745280337,1.86,2006,PDB,False
2bdj,HET,9.346787486224656,2.50,2006,PDB,False
2f2c,AP9,6.346787486224656,2.80,2006,PDB,False
2fm0,M98,9.397940008672037,2.00,2006,PDB,False
2a4l,RRC,6.3979400086720375,2.40,2006,PDB,False
2hai,PFI,6.275724130399211,1.58,2006,PDB,False
1ykr,628,6.251811972993799,1.80,2006,PDB,False
2fix,870,6.2441251443275085,3.50,2006,PDB,False
2gg3,U13,6.236572006437063,1.45,2006,PDB,False
2f3r,G5P,6.301029995663981,2.50,2006,PDB,False
2evm,FC2,6.159266765388193,1.70,2006,PDB,False
2g6p,HM2,6.221848749616356,1.90,2006,PDB,False
2ccu,2D9,6.130768280269024,2.70,2006,PDB,False
2fde,385,9.154901959985743,2.70,2006,PDB,False
2ewy,DBO,6.154901959985743,3.10,2006,PDB,False
2gfs,PQB,6.154901959985743,1.75,2006,PDB,False
2c6e,HPM,9.096910013008056,2.10,2006,PDB,False
2fum,MIX,6.096910013008056,2.89,2006,PDB,False
2fes,3SP,9.008773924307505,2.42,2006,PDB,False
2c0o,L2G,5.913640169325252,2.85,2006,PDB,False
2g01,73Q,5.913640169325252,3.50,2006,PDB,False
2ew5,Y12,5.903089986991944,2.20,2006,PDB,False
2aa9,SKM,2.9208187539523753,1.50,2006,PDB,False
2aay,SKM,2.9208187539523753,1.55,2006,PDB,False
2cm8,F16,5.8696662315049934,2.10,2006,PDB,False
2feq,34P,8.856985199745905,2.44,2006,PDB,False
1ztq,033,8.886056647693163,2.00,2006,PDB,False
1yw7,A41,5.853871964321762,1.85,2006,PDB,False
2g19,4HG,5.853871964321762,1.70,2006,PDB,False
2i40,BLZ,5.801342913045578,2.80,2006,PDB,False
2ckm,AA7,8.823908740944319,2.15,2006,PDB,False
2giu,FBR,8.823908740944319,2.20,2006,PDB,False
2nq6,HM4,5.823908740944319,1.50,2006,PDB,False
2cmc,DFM,5.756961951313706,2.20,2006,PDB,False
2gg7,U14,5.756961951313706,1.12,2006,PDB,False
2cne,DFJ,8.769551078621726,1.80,2006,PDB,False
2j7x,EST,8.769551078621726,2.10,2006,PDB,False
2gg0,U11,5.769551078621726,1.28,2006,PDB,False
2h44,7CA,5.769551078621726,1.80,2006,PDB,False
2anm,CDO,8.744727494896694,2.40,2006,PDB,False
2ew6,Y13,4.966576244513051,2.20,2006,PDB,False
2f1b,GB3,3.0,1.45,2006,PDB,False
2brp,SIE,4.0,2.00,2006,PDB,False
2c8y,C3M,4.0,2.20,2006,PDB,False
2iw8,4SP,6.987162775294828,2.30,2006,PDB,False
2fme,3QC,6.982966660701219,2.10,2006,PDB,False
1yw8,A75,8.0,2.65,2006,PDB,False
2ama,DHT,8.0,1.90,2006,PDB,False
2cng,IZE,6.958607314841775,1.90,2006,PDB,False
2igy,A2T,6.94692155651658,2.60,2006,PDB,False
2hny,NVP,5.933674074637962,2.50,2006,PDB,False
2gga,GPJ,1.958607314841775,1.70,2006,PDB,False
2irz,I02,7.920818753952375,1.80,2006,PDB,False
2c93,C4M,4.920818753952375,2.20,2006,PDB,False
2ggb,U17,4.920818753952375,2.13,2006,PDB,False
1zd5,NC7,4.872895201635193,2.60,2006,PDB,False
2cgu,3A3,4.872895201635193,2.50,2006,PDB,False
2f3k,RO1,7.886056647693163,1.60,2006,PDB,False
2j50,627,7.886056647693163,3.00,2006,PDB,False
2gnh,H52,6.826813731587726,2.05,2006,PDB,False
2cgx,3D3,4.806875401645538,2.20,2006,PDB,False
2euf,LQQ,7.823908740944319,3.00,2006,PDB,False
2i0v,6C3,6.795880017344075,2.80,2006,PDB,False
2ggd,GPJ,3.7958800173440754,1.70,2006,PDB,False
2chz,093,7.795880017344075,2.60,2006,PDB,False
2cgw,3C3,4.761953896871205,2.20,2006,PDB,False
2bdy,UNB,7.769551078621726,1.61,2006,PDB,False
2chw,039,4.769551078621726,2.60,2006,PDB,False
2azc,3TL,6.73754891026957,2.01,2006,PDB,False
2cma,F20,6.732828271596986,2.30,2006,PDB,False
2chx,090,7.7447274948966935,2.50,2006,PDB,False
2b7a,IZA,9.0,2.00,2006,PDB,False
2am1,1LG,6.0,2.50,2006,PDB,False
2fl2,N4T,8.698970004336019,2.50,2006,PDB,False
2ccs,4BH,5.698970004336019,1.79,2006,PDB,False
2gpp,1BA,5.698970004336019,2.60,2006,PDB,False
2hwh,RNA,5.698970004336019,2.30,2006,PDB,False
2bb7,QMS,5.669586226650809,1.70,2006,PDB,False
2gni,M77,5.642065152999546,2.27,2006,PDB,False
2i47,KGY,8.657577319177793,1.90,2006,PDB,False
2f4j,VX6,5.657577319177793,1.91,2006,PDB,False
2h42,VIA,8.619788758288394,2.30,2006,PDB,False
1yy4,4NA,8.598599459218455,2.70,2006,PDB,False
2fky,N2T,8.585026652029182,2.30,2006,PDB,False
2iit,872,8.585026652029182,2.35,2006,PDB,False
1yye,196,8.568636235841012,2.03,2006,PDB,False
2h8h,H8H,8.568636235841012,2.20,2006,PDB,False
2nq7,HM5,5.537602002101044,1.60,2006,PDB,False
2a2x,NA9,7.694648630553377,2.44,2006,PDB,False
2fwy,H64,6.698970004336019,2.10,2006,PDB,False
2is0,I03,6.698970004336019,2.20,2006,PDB,False
1zaf,789,7.698970004336019,2.20,2006,PDB,False
2c4f,GIL,7.698970004336019,1.72,2006,PDB,False
2g1r,3IG,7.698970004336019,2.42,2006,PDB,False
2ica,2IC,7.698970004336019,1.56,2006,PDB,False
2cm7,IZD,6.6777807052660805,2.10,2006,PDB,False
2bve,PH5,3.6675615400843946,2.20,2006,PDB,False
2cni,IZF,7.6777807052660805,2.00,2006,PDB,False
2g0h,SP3,7.6439741428068775,2.30,2006,PDB,False
2c8x,C5M,6.657577319177793,2.17,2006,PDB,False
2nyr,SVR,4.657577319177793,2.06,2006,PDB,False
2exc,JNK,6.628932137728263,2.75,2006,PDB,False
2cnf,F32,6.619788758288394,2.20,2006,PDB,False
2i0y,5CN,7.619788758288394,1.90,2006,PDB,False
2i1m,5CN,7.619788758288394,1.80,2006,PDB,False
1zd4,NC6,3.596879478824182,2.70,2006,PDB,False
2gg8,U15,4.6020599913279625,1.80,2006,PDB,False
2cgv,3B3,4.5638373529592435,2.60,2006,PDB,False
2cmf,F11,7.552841968657781,2.50,2006,PDB,False
2hwi,VRX,5.522878745280337,2.00,2006,PDB,False
2gc8,885,5.508638306165727,2.20,2006,PDB,False
2cn8,DBQ,5.455931955649724,2.70,2006,PDB,False
2fie,A74,5.455931955649724,2.81,2006,PDB,False
2gg9,U16,5.455931955649724,1.05,2006,PDB,False
2c8w,C7M,8.431798275933005,1.96,2006,PDB,False
2am9,TES,8.4089353929735,1.64,2006,PDB,False
2c6c,24I,7.522878745280337,2.00,2006,PDB,False
2bua,007,4.522878745280337,2.56,2006,PDB,False
2c90,C1M,3.4814860601221125,2.25,2006,PDB,False
2bks,PZ1,7.431798275933005,2.20,2006,PDB,False
2fl6,N5T,7.42021640338319,2.50,2006,PDB,False
2b1p,AIZ,8.522878745280337,1.90,2006,PDB,False
2hfp,NSI,8.522878745280337,2.00,2006,PDB,False
2gcd,STU,5.522878745280337,2.55,2006,PDB,False
2gz8,F3F,5.522878745280337,1.97,2006,PDB,False
2fjp,S14,8.366531544420413,2.40,2006,PDB,False
2dq7,STU,8.318758762624412,2.80,2006,PDB,False
2fdd,385,8.318758762624412,1.58,2006,PDB,False
2c6g,GLU,3.3685562309868278,2.20,2006,PDB,False
2np8,CC3,7.376750709602099,2.25,2006,PDB,False
2fm5,M99,7.366531544420414,2.03,2006,PDB,False
2g1q,N9H,7.356547323513812,2.51,2006,PDB,False
2g9x,NU5,7.346787486224656,2.50,2006,PDB,False
2dxs,JTP,7.337242168318426,2.20,2006,PDB,False
2hk5,1BM,7.337242168318426,2.00,2006,PDB,False
2ank,N12,7.325138859262188,2.46,2006,PDB,False
2boi,MFU,4.318758762624412,1.10,2006,PDB,False
2g24,7IG,5.3979400086720375,1.90,2006,PDB,False
2chm,3P4,8.259637310505756,1.60,2006,PDB,False
2aq7,TL5,3.3010299956639813,2.30,2006,PDB,False
2aqb,TL6,3.3010299956639813,2.19,2006,PDB,False
2hd1,IBM,3.3010299956639813,2.23,2006,PDB,False
2a0c,CK9,7.301029995663981,1.95,2006,PDB,False
2fwz,H71,7.301029995663981,2.10,2006,PDB,False
2g0g,SP0,6.29073003902417,2.54,2006,PDB,False
2igx,A1T,7.267606240177032,1.70,2006,PDB,False
2gnl,H52,7.236572006437063,2.60,2006,PDB,False
2cnh,IZB,7.229147988357855,1.80,2006,PDB,False
2c5o,CK2,5.187086643357144,2.10,2006,PDB,False
2iiv,565,8.18045606445813,2.15,2006,PDB,False
2bv4,MMA,3.2218487496163566,1.00,2006,PDB,False
2j83,BAT,4.214670164989233,2.00,2006,PDB,False
2cmb,F17,7.187086643357144,1.70,2006,PDB,False
2j4z,626,7.187086643357144,2.00,2006,PDB,False
2a8h,4NH,7.173925197299173,2.30,2006,PDB,False
2gnf,Y27,5.221848749616356,2.28,2006,PDB,False
2gnj,Y27,5.221848749616356,2.28,2006,PDB,False
2f1a,GB2,3.1426675035687315,1.45,2006,PDB,False
2gmx,877,7.113509274827518,3.50,2006,PDB,False
2b1z,17M,7.102372908709558,1.78,2006,PDB,False
2ayp,43A,8.154901959985743,2.90,2006,PDB,False
2bkz,SBC,8.154901959985743,2.60,2006,PDB,False
2go4,TUX,5.154901959985743,2.70,2006,PDB,False
2q2z,MKK,8.698970004336019,3.00,2007,PDB,False
2v0c,ANZ,5.6777807052660805,1.85,2007,PDB,False
2qt9,524,8.638272163982407,2.10,2007,PDB,False
2gu8,796,8.585026652029182,2.20,2007,PDB,False
2j2i,LY4,6.698970004336019,1.90,2007,PDB,False
2ow0,6MR,6.696803942579511,2.00,2007,PDB,False
2qoh,P3Y,7.698970004336019,1.95,2007,PDB,False
2uw0,GVK,7.698970004336019,2.00,2007,PDB,False
2h9t,SVR,4.698970004336019,2.40,2007,PDB,False
2jc0,699,4.698970004336019,2.20,2007,PDB,False
2rcu,BUJ,6.6777807052660805,1.78,2007,PDB,False
2p8s,417,7.6777807052660805,2.20,2007,PDB,False
2vcj,2EQ,7.6777807052660805,2.50,2007,PDB,False
2vci,2GJ,7.6777807052660805,2.00,2007,PDB,False
2oq6,OGA,3.6020599913279625,2.00,2007,PDB,False
2q6h,CXX,3.6020599913279625,1.85,2007,PDB,False
2qch,5IU,3.6020599913279625,1.95,2007,PDB,False
2qoe,448,7.6020599913279625,2.30,2007,PDB,False
2jaj,D20,4.6020599913279625,2.00,2007,PDB,False
2ohq,7IP,4.6020599913279625,2.10,2007,PDB,False
2ph6,712,7.568636235841013,2.00,2007,PDB,False
2uzo,C62,4.568636235841013,2.30,2007,PDB,False
2hm1,LIQ,8.698970004336019,2.20,2007,PDB,False
2ovx,4MR,8.698970004336019,2.00,2007,PDB,False
2uym,K03,5.508638306165727,2.11,2007,PDB,False
2ds1,1CD,8.468521082957745,2.00,2007,PDB,False
2oh4,GIG,8.455931955649724,2.05,2007,PDB,False
2vev,IZ2,6.522878745280337,1.80,2007,PDB,False
2ow9,SP6,7.522878745280337,1.74,2007,PDB,False
2gfk,VII,4.522878745280337,1.90,2007,PDB,False
2h1h,AFH,4.522878745280337,2.40,2007,PDB,False
2ohm,8AP,3.5086383061657274,2.70,2007,PDB,False
2qcf,5FU,3.494850021680094,1.22,2007,PDB,False
2fvc,888,7.494850021680094,2.00,2007,PDB,False
2pzy,B18,7.468521082957745,2.90,2007,PDB,False
2p2i,608,7.42021640338319,2.40,2007,PDB,False
2poq,ISD,4.42021640338319,2.59,2007,PDB,False
2gd8,PO1,7.4089353929735005,1.46,2007,PDB,False
2v11,C80,8.522878745280337,3.10,2007,PDB,False
2vf6,M0N,8.522878745280337,2.10,2007,PDB,False
2ga2,A19,5.522878745280337,1.95,2007,PDB,False
2ohu,IP7,5.376750709602099,2.35,2007,PDB,False
2vd7,PD2,5.376750709602099,2.25,2007,PDB,False
2qtb,474,8.318758762624412,2.25,2007,PDB,False
2q8i,RDC,3.3979400086720375,2.60,2007,PDB,False
2qcd,U5P,3.3979400086720375,2.03,2007,PDB,False
2o9i,444,7.3979400086720375,2.80,2007,PDB,False
2ohs,9IP,4.3979400086720375,2.45,2007,PDB,False
2hzn,KIN,7.3872161432802645,2.70,2007,PDB,False
2pvv,OSE,3.3585258894959007,2.11,2007,PDB,False
2vey,IZ5,7.366531544420414,2.20,2007,PDB,False
2qcm,JW5,3.3467874862246565,1.67,2007,PDB,False
2uze,C95,4.327902142064283,2.40,2007,PDB,False
2oic,STU,8.397940008672037,2.40,2007,PDB,False
2pe2,464,8.397940008672037,2.13,2007,PDB,False
2os9,INS,2.2441251443275085,1.70,2007,PDB,False
2gde,SN3,8.244125144327509,2.00,2007,PDB,False
2pix,FLF,4.301029995663981,2.40,2007,PDB,False
2p33,J07,7.2441251443275085,2.40,2007,PDB,False
2r8q,IBM,3.2365720064370627,1.50,2007,PDB,False
3biz,61E,7.236572006437063,2.20,2007,PDB,False
2iqg,F2I,8.301029995663981,1.70,2007,PDB,False
2pe1,517,8.301029995663981,2.14,2007,PDB,False
2rfn,AM7,8.301029995663981,2.50,2007,PDB,False
2p9a,YE6,5.1830961606243395,1.60,2007,PDB,False
2imb,AHL,4.221848749616356,2.41,2007,PDB,False
2vew,IZ3,7.1938200260161125,2.00,2007,PDB,False
2p2h,994,7.167491087293763,1.95,2007,PDB,False
2ow2,8MR,8.221848749616356,2.90,2007,PDB,False
2i5f,5IP,5.1249387366083,1.35,2007,PDB,False
2p8h,MY9,7.1487416512809245,1.80,2007,PDB,False
2ywp,A42,8.154901959985743,2.90,2007,PDB,False
2o5d,VR1,5.154901959985743,2.20,2007,PDB,False
2ooz,OX5,5.154901959985743,1.80,2007,PDB,False
2jbo,P4O,8.070581074285707,3.10,2007,PDB,False
2jbp,P4O,8.070581074285707,3.31,2007,PDB,False
2pe0,39Z,7.096910013008056,2.35,2007,PDB,False
2qju,DSM,4.096910013008056,2.90,2007,PDB,False
2of4,979,7.0915149811213505,2.70,2007,PDB,False
2ogz,U1N,7.075720713938118,2.10,2007,PDB,False
2va5,C8C,4.0655015487564325,2.75,2007,PDB,False
2q8g,AZX,7.060480747381382,1.90,2007,PDB,False
2iog,IOG,8.096910013008056,1.60,2007,PDB,False
2oht,IP6,5.040958607678906,2.30,2007,PDB,False
2or4,QUS,5.022276394711152,1.62,2007,PDB,False
2ohp,6IP,4.026872146400302,2.25,2007,PDB,False
2no3,859,8.045757490560675,3.20,2007,PDB,False
2z60,P3Y,8.045757490560675,1.95,2007,PDB,False
2v7a,627,8.301029995663981,2.50,2007,PDB,False
2gek,GDP,7.522878745280337,2.40,2007,PDB,False
2pl0,STI,7.2076083105017466,2.80,2007,PDB,False
2v8w,MGO,6.823908740944319,2.30,2007,PDB,False
2c1q,BTN,13.0,2.10,2007,PDB,False
2p0d,I3P,7.0,1.81,2007,PDB,False
2v00,V15,3.657577319177794,1.55,2007,PDB,False
2gej,GDD,6.638272163982407,2.60,2007,PDB,False
2py4,DUP,6.698970004336019,1.49,2007,PDB,False
2pfy,PCA,6.522878745280337,1.95,2007,PDB,False
2e27,AB0,9.346787486224656,1.70,2007,PDB,False
2qx0,PH2,6.107905397309519,1.80,2007,PDB,False
2p8n,ADE,3.154901959985743,1.94,2007,PDB,False
2pze,ATP,6.075720713938118,1.70,2007,PDB,False
2nnd,PRZ,6.060480747381382,1.60,2007,PDB,False
2ph9,GNT,5.886056647693163,2.88,2007,PDB,False
2pgz,COC,5.7447274948966935,1.76,2007,PDB,False
2v25,ASP,5.721246399047171,1.49,2007,PDB,False
2ja3,ADP,4.0,3.05,2007,PDB,False
2j9l,ATP,4.0,2.30,2007,PDB,False
2r58,MLY,2.0,2.00,2007,PDB,False
2oiq,STI,5.0,2.07,2007,PDB,False
2vhj,ADP,3.9030899869919438,1.80,2007,PDB,False
2pk6,O33,10.886056647693163,1.45,2007,PDB,False
2jg0,TTZ,7.823908740944319,1.50,2007,PDB,False
2hr6,DUD,4.823908740944319,1.84,2007,PDB,False
2clk,G3H,3.785156151952302,1.50,2007,PDB,False
2qm9,TDZ,7.769551078621726,2.31,2007,PDB,False
2ov4,AQP,4.7447274948966935,2.50,2007,PDB,False
2q8h,TF4,3.0,2.00,2007,PDB,False
2v3u,DSN,3.0,1.74,2007,PDB,False
2uyq,SAM,5.6777807052660805,1.80,2007,PDB,False
2r5a,MLZ,2.6020599913279625,2.30,2007,PDB,False
2pk5,075,10.698970004336019,1.90,2007,PDB,False
2j9n,BEN,4.698970004336019,1.50,2007,PDB,False
2v5x,V5X,6.657577319177793,2.25,2007,PDB,False
2vba,P4T,4.6020599913279625,1.36,2007,PDB,False
2vb8,TLM,4.6020599913279625,1.52,2007,PDB,False
2hrm,UC5,3.5551748004902524,1.70,2007,PDB,False
2cle,F6F,3.552841968657781,1.50,2007,PDB,False
2clm,F6F,3.552841968657781,1.51,2007,PDB,False
2clf,F6F,3.552841968657781,1.70,2007,PDB,False
2uyn,2KT,2.6989700043360187,1.60,2007,PDB,False
2o3z,AI7,5.698970004336019,2.25,2007,PDB,False
2ntf,OHM,6.522878745280337,3.18,2007,PDB,False
2opy,CO9,4.522878745280337,2.80,2007,PDB,False
2ra6,ETY,4.522878745280337,1.50,2007,PDB,False
2ogy,C2F,4.478861916295964,2.30,2007,PDB,False
2qhd,DAO,5.376750709602099,1.95,2007,PDB,False
2p09,ATP,6.346787486224656,1.65,2007,PDB,False
2v95,HCY,8.301029995663981,1.93,2007,PDB,False
2e2r,2OH,8.259637310505756,1.60,2007,PDB,False
2h5e,GDP,8.2518119729938,2.80,2007,PDB,False
2oi2,DP6,6.301029995663981,2.50,2007,PDB,False
2p15,EZT,10.301029995663981,1.94,2007,PDB,False
2cli,F9F,4.301029995663981,1.70,2007,PDB,False
2cll,F9F,4.301029995663981,1.60,2007,PDB,False
2pql,TSS,7.275724130399211,2.20,2007,PDB,False
2pll,ABH,8.301029995663981,1.90,2007,PDB,False
2q7q,C2B,5.301029995663981,1.60,2007,PDB,False
2o1v,ADP,5.301029995663981,2.45,2007,PDB,False
2i6b,89I,7.167491087293763,2.30,2007,PDB,False
2hqu,DUP,5.142667503568732,2.20,2007,PDB,False
2jf4,VDM,8.154901959985743,2.20,2007,PDB,False
2ipo,1IP,5.055517327849831,2.60,2007,PDB,False
2clh,F19,4.057495893831919,1.70,2007,PDB,False
2clo,F19,4.057495893831919,1.50,2007,PDB,False
2ohl,2AQ,3.0457574905606752,2.65,2007,PDB,False
2e94,364,8.0,2.18,2007,PDB,False
2i2c,DTA,4.698970004336019,1.85,2007,PDB,False
2o4j,VD4,10.096910013008056,1.74,2007,PDB,False
2p16,GG2,10.096910013008056,2.30,2007,PDB,False
2e95,B75,7.096910013008056,2.20,2007,PDB,False
2uvm,GVF,7.096910013008056,1.94,2007,PDB,False
3bgp,VX1,7.040958607678906,2.80,2007,PDB,False
2e93,B29,6.958607314841775,2.12,2007,PDB,False
2e92,M0N,6.886056647693163,2.31,2007,PDB,False
2iu0,203,6.886056647693163,2.53,2007,PDB,False
2oxd,K32,6.823908740944319,2.30,2007,PDB,False
2ot1,N3P,4.0,2.05,2007,PDB,False
2oxx,K22,6.698970004336019,2.30,2007,PDB,False
2j4g,NB1,6.6020599913279625,2.25,2007,PDB,False
2e91,ZOL,6.585026652029182,2.14,2007,PDB,False
2jj3,JJ3,9.55284196865778,2.28,2007,PDB,False
2pog,WST,9.537602002101044,1.84,2007,PDB,False
2nt7,902,6.522878745280337,2.10,2007,PDB,False
2oxy,K17,6.522878745280337,1.81,2007,PDB,False
2v3e,NND,6.522878745280337,2.00,2007,PDB,False
2p95,ME5,9.366531544420413,2.20,2007,PDB,False
2z4b,DC8,9.356547323513812,2.34,2007,PDB,False
2o4r,VD5,9.397940008672037,1.98,2007,PDB,False
2o2u,738,6.3979400086720375,2.45,2007,PDB,False
2qtu,3AS,9.275724130399212,2.53,2007,PDB,False
2ok1,33A,6.259637310505756,2.40,2007,PDB,False
3bgz,VX3,6.259637310505756,2.40,2007,PDB,False
2yxj,N3C,9.301029995663981,2.20,2007,PDB,False
2oyl,IDC,6.301029995663981,1.80,2007,PDB,False
2p94,ME4,9.173925197299173,1.80,2007,PDB,False
2p2a,MP9,6.1249387366083,2.26,2007,PDB,False
2flr,7NH,6.096910013008056,2.35,2007,PDB,False
2q54,MU1,9.008773924307505,1.85,2007,PDB,False
2on3,XAP,9.0,3.00,2007,PDB,False
2p4j,23I,8.958607314841775,2.50,2007,PDB,False
2onz,TMJ,8.886056647693163,2.80,2007,PDB,False
2obf,F83,8.853871964321762,2.30,2007,PDB,False
2pu1,FSG,5.853871964321762,1.80,2007,PDB,False
2z94,TLD,5.853871964321762,1.78,2007,PDB,False
2hvc,LGD,8.823908740944319,2.10,2007,PDB,False
2p93,ME1,8.823908740944319,1.90,2007,PDB,False
2opb,F21,8.744727494896694,2.80,2007,PDB,False
2uz9,XAN,5.707743928643524,2.30,2007,PDB,False
2qrl,OGA,4.0,1.60,2007,PDB,False
2hah,3TL,8.0,1.70,2007,PDB,False
3b92,440,8.0,2.00,2007,PDB,False
2oym,MNI,5.0,1.86,2007,PDB,False
2qe4,JJ3,7.958607314841775,2.40,2007,PDB,False
2v3d,NBV,3.9355420107730814,1.96,2007,PDB,False
2oc9,IMH,7.958607314841775,2.59,2007,PDB,False
2p3a,3TL,7.958607314841775,1.75,2007,PDB,False
2q15,3MR,7.958607314841775,2.40,2007,PDB,False
3bgq,VX2,7.958607314841775,2.00,2007,PDB,False
2o9j,CZA,6.920818753952375,2.65,2007,PDB,False
2oa0,CZA,6.920818753952375,3.40,2007,PDB,False
2cem,2AH,7.920818753952375,1.80,2007,PDB,False
2ovv,PFH,7.920818753952375,2.00,2007,PDB,False
2ovz,5MR,7.886056647693163,2.00,2007,PDB,False
2oz7,CA4,7.853871964321762,1.80,2007,PDB,False
2p8o,BVA,4.853871964321762,1.50,2007,PDB,False
2uwp,894,6.812479279163537,1.75,2007,PDB,False
2ptz,PAH,7.823908740944319,1.65,2007,PDB,False
2pu0,PAH,7.823908740944319,1.90,2007,PDB,False
2jal,YLL,4.823908740944319,1.90,2007,PDB,False
2pwg,CTS,4.823908740944319,2.20,2007,PDB,False
2nta,521,4.795880017344075,2.10,2007,PDB,False
2on6,IMH,6.764471553092451,2.50,2007,PDB,False
2iyf,ERY,3.7512912643990823,1.70,2007,PDB,False
2g70,HNT,7.769551078621726,2.40,2007,PDB,False
2jh6,894,7.769551078621726,2.21,2007,PDB,False
2p3d,3TL,6.7447274948966935,2.80,2007,PDB,False
2e2p,ADP,4.7447274948966935,2.00,2007,PDB,False
2o1c,PPV,4.721246399047171,1.80,2007,PDB,False
2i4t,UA2,9.0,2.74,2007,PDB,False
2q55,MU0,8.6903698325741,1.90,2007,PDB,False
2oax,SNL,8.651305809734458,2.29,2007,PDB,False
2ojg,19A,5.638272163982407,2.00,2007,PDB,False
2cej,1AH,8.619788758288394,2.50,2007,PDB,False
2np9,YE1,5.568636235841013,2.45,2007,PDB,False
2onb,7PA,5.568636235841013,2.70,2007,PDB,False
2jew,720,6.686132779630847,1.40,2007,PDB,False
2psj,CEI,7.698970004336019,1.80,2007,PDB,False
2fu8,MCO,4.698970004336019,1.80,2007,PDB,False
2ony,TMJ,6.6777807052660805,2.60,2007,PDB,False
2za3,U5P,3.677780705266081,2.65,2007,PDB,False
2h15,B19,5.670602120638957,1.90,2007,PDB,False
2hl4,BO1,7.638272163982407,1.55,2007,PDB,False
2z3h,BLO,4.638272163982407,1.50,2007,PDB,False
2it4,PPF,1.6179829574251317,2.00,2007,PDB,False
2vfz,UPF,3.6108339156354674,2.40,2007,PDB,False
2p3c,3TL,7.619788758288394,2.10,2007,PDB,False
2psu,MUU,7.619788758288394,1.93,2007,PDB,False
2ihj,CSF,4.590066876668706,2.00,2007,PDB,False
3b3x,A33,3.6020599913279625,2.50,2007,PDB,False
2o8h,227,7.6020599913279625,1.80,2007,PDB,False
2q80,GRG,4.6020599913279625,2.70,2007,PDB,False
2jiw,BEU,4.585026652029182,1.95,2007,PDB,False
3b3s,LEU,2.5528419686577806,1.18,2007,PDB,False
2oi0,283,7.552841968657781,2.00,2007,PDB,False
2v96,CFQ,4.5376020021010435,2.40,2007,PDB,False
2jh0,701,8.698970004336019,1.70,2007,PDB,False
2nnq,T4B,8.698970004336019,1.80,2007,PDB,False
2oaz,I96,8.698970004336019,1.90,2007,PDB,False
2ojj,82A,8.698970004336019,2.40,2007,PDB,False
2uwo,701,8.698970004336019,1.75,2007,PDB,False
2oqi,GGO,8.494850021680094,2.80,2007,PDB,False
2o0u,C0M,5.494850021680094,2.10,2007,PDB,False
2p3b,3TL,8.481486060122112,2.10,2007,PDB,False
2oag,DLI,8.468521082957745,2.30,2007,PDB,False
2o4h,AS9,6.522878745280337,2.70,2007,PDB,False
2g72,F21,6.501689446210399,2.00,2007,PDB,False
2hhn,GNQ,7.494850021680094,1.55,2007,PDB,False
2r2w,4PG,4.468521082957745,2.01,2007,PDB,False
2g71,FTS,7.455931955649724,2.20,2007,PDB,False
2p53,NNG,7.455931955649724,2.10,2007,PDB,False
2jh5,895,6.43533393574791,2.50,2007,PDB,False
2oxn,OAN,7.443697499232712,1.70,2007,PDB,False
2pou,I7A,7.42021640338319,1.60,2007,PDB,False
2oc2,RX3,8.522878745280337,2.25,2007,PDB,False
2qu6,857,8.522878745280337,2.10,2007,PDB,False
2j62,GSZ,11.337242168318426,2.26,2007,PDB,False
2pwd,NOJ,4.3979400086720375,1.80,2007,PDB,False
2j95,GSX,8.397940008672037,2.01,2007,PDB,False
2ovy,PFJ,8.397940008672037,1.80,2007,PDB,False
2oqv,MA9,8.397940008672037,2.80,2007,PDB,False
2uwl,895,8.397940008672037,1.90,2007,PDB,False
2qft,GPJ,5.259637310505756,1.55,2007,PDB,False
2uxx,FAJ,3.3010299956639813,2.74,2007,PDB,False
2j94,G15,6.272458742971444,2.10,2007,PDB,False
2qzr,S79,7.259637310505756,1.95,2007,PDB,False
2qrk,AMP,4.259637310505756,1.75,2007,PDB,False
2o4z,HSW,6.247183568811728,2.10,2007,PDB,False
2psv,MUV,7.236572006437063,1.75,2007,PDB,False
2q38,LSA,5.22548303427145,1.95,2007,PDB,False
2cen,4AH,8.301029995663981,1.70,2007,PDB,False
2q5k,AB1,11.301029995663981,1.95,2007,PDB,False
2oyk,9MR,5.301029995663981,1.50,2007,PDB,False
2jds,L20,8.200659450546418,2.00,2007,PDB,False
2jdv,L20,8.200659450546418,2.08,2007,PDB,False
2pow,I7C,7.200659450546418,1.75,2007,PDB,False
3b3w,LEU,4.187086643357144,1.75,2007,PDB,False
2qfu,GPJ,4.180456064458132,1.60,2007,PDB,False
2pov,I7B,7.1249387366083,1.60,2007,PDB,False
2q1q,OSP,8.154901959985743,1.90,2007,PDB,False
2q70,DC8,8.080921907623926,1.95,2007,PDB,False
2qu5,276,8.060480747381382,2.95,2007,PDB,False
2z1w,BDI,4.080921907623926,1.63,2007,PDB,False
2oc4,IMH,7.0655015487564325,2.59,2007,PDB,False
2oji,33A,7.0655015487564325,2.60,2007,PDB,False
2jfh,LK1,3.0604807473813813,1.97,2007,PDB,False
2q11,XX4,6.045757490560675,2.40,2007,PDB,False
2q8m,AMP,4.026872146400302,2.05,2007,PDB,False
3bea,IXH,8.154901959985743,2.02,2008,PDB,False
2ow7,NK2,4.853871964321762,1.77,2008,PDB,False
3bel,POX,7.853871964321762,2.30,2008,PDB,False
2vv9,IM9,7.769551078621726,1.90,2008,PDB,False
2vcx,D26,7.6777807052660805,2.10,2008,PDB,False
3ctj,320,7.455931955649724,2.50,2008,PDB,False
3cst,E52,7.4089353929735005,3.20,2008,PDB,False
3d4q,SM5,10.522878745280337,2.80,2008,PDB,False
2r64,740,7.522878745280337,2.30,2008,PDB,False
2rgp,HYZ,7.522878745280337,2.00,2008,PDB,False
2w3l,DRO,7.522878745280337,2.10,2008,PDB,False
3bmy,CXZ,7.522878745280337,1.60,2008,PDB,False
3c1x,CKK,7.346787486224656,2.17,2008,PDB,False
3cp9,C19,7.318758762624412,2.50,2008,PDB,False
2rc9,1AC,7.3979400086720375,1.96,2008,PDB,False
3dog,NNN,7.3979400086720375,2.70,2008,PDB,False
3br9,DEY,7.2076083105017466,2.30,2008,PDB,False
3d7h,YC2,10.221848749616356,1.55,2008,PDB,False
2r7b,253,7.221848749616356,2.70,2008,PDB,False
3ddp,RC8,7.142667503568732,2.70,2008,PDB,False
2z7i,742,7.0,2.10,2008,PDB,False
3dct,064,6.950781977329818,2.50,2008,PDB,False
3bjc,WAN,6.958607314841775,2.00,2008,PDB,False
3cth,319,6.958607314841775,2.30,2008,PDB,False
3cwe,825,6.920818753952375,1.60,2008,PDB,False
3ej1,5BP,6.920818753952375,3.22,2008,PDB,False
2vd1,D28,6.860120913598763,2.25,2008,PDB,False
2vgp,AD6,6.853871964321762,1.70,2008,PDB,False
2q8s,L92,6.732828271596986,2.30,2008,PDB,False
3bm9,BXZ,6.721246399047171,1.60,2008,PDB,False
2qc6,G12,7.0,1.85,2008,PDB,False
3di6,PDZ,7.0,2.65,2008,PDB,False
3c45,317,9.67778070526608,2.05,2008,PDB,False
3ddq,RRC,6.6777807052660805,1.80,2008,PDB,False
3eoc,T2A,6.638272163982407,3.20,2008,PDB,False
2q94,A04,6.431798275933005,1.63,2008,PDB,False
2rc8,DSN,6.522878745280337,1.45,2008,PDB,False
3bv2,P38,9.356547323513812,2.40,2008,PDB,False
3eid,PO5,6.346787486224656,3.15,2008,PDB,False
3bv3,P39,9.337242168318426,2.59,2008,PDB,False
3e2m,E2M,9.397940008672037,2.00,2008,PDB,False
2q93,B21,6.251811972993799,1.60,2008,PDB,False
2qu3,462,6.229147988357856,2.00,2008,PDB,False
3b8q,900,9.301029995663981,2.75,2008,PDB,False
3bys,AM5,9.301029995663981,2.20,2008,PDB,False
3d7f,YBY,9.301029995663981,1.54,2008,PDB,False
2w4i,VGA,6.301029995663981,1.87,2008,PDB,False
3dwb,RDF,6.187086643357144,2.38,2008,PDB,False
3b8r,887,9.221848749616356,2.70,2008,PDB,False
2ze1,411,6.221848749616356,2.20,2008,PDB,False
2z4y,252,6.1487416512809245,2.10,2008,PDB,False
3db6,FRS,6.136677139879544,2.85,2008,PDB,False
2z78,H86,6.119186407719209,2.10,2008,PDB,False
2zdz,310,6.154901959985743,2.00,2008,PDB,False
3byu,AM6,9.096910013008056,2.30,2008,PDB,False
2vcq,D25,6.036212172654444,1.95,2008,PDB,False
2z4w,749,6.008773924307505,2.45,2008,PDB,False
2qa8,GEN,6.00436480540245,1.85,2008,PDB,False
3f66,IHX,6.045757490560675,1.40,2008,PDB,False
2q92,B23,5.958607314841775,1.90,2008,PDB,False
2q96,A18,5.920818753952375,1.60,2008,PDB,False
3c6u,M22,8.869666231504993,2.70,2008,PDB,False
2viq,D55,5.886056647693163,2.00,2008,PDB,False
3bz3,YAM,8.823908740944319,2.20,2008,PDB,False
2vtr,LZB,5.823908740944319,1.90,2008,PDB,False
3bet,CTF,5.823908740944319,1.85,2008,PDB,False
3dpd,41A,5.779891911959945,2.85,2008,PDB,False
2q95,A05,5.795880017344075,1.70,2008,PDB,False
3e63,5B2,5.795880017344075,1.90,2008,PDB,False
2z4z,SC0,5.730487055782084,2.09,2008,PDB,False
2viy,VG3,5.7447274948966935,1.82,2008,PDB,False
2pjc,343,8.721246399047171,1.74,2008,PDB,False
2vtj,LZ4,5.721246399047171,2.20,2008,PDB,False
3c4f,C4F,5.721246399047171,2.07,2008,PDB,False
2r3k,SCQ,7.0,1.70,2008,PDB,False
2r3l,SCW,7.0,1.65,2008,PDB,False
3c4e,C4E,4.0,1.98,2008,PDB,False
2uup,LK4,3.978810700930062,1.88,2008,PDB,False
2r3j,SCJ,8.0,1.65,2008,PDB,False
2r3m,SCX,8.0,1.70,2008,PDB,False
3fc1,52P,8.0,2.40,2008,PDB,False
2z50,028,4.950007143079858,2.01,2008,PDB,False
2vd0,D27,4.935542010773082,2.20,2008,PDB,False
2zva,1N1,7.958607314841775,2.60,2008,PDB,False
2pks,G44,4.958607314841775,2.50,2008,PDB,False
3e7o,35F,6.920818753952375,2.14,2008,PDB,False
2vth,LZ2,3.9208187539523753,1.90,2008,PDB,False
2vte,IK4,3.9136401693252516,2.20,2008,PDB,False
3dy6,DY6,6.899629454882437,2.90,2008,PDB,False
2pj9,281,7.920818753952375,1.56,2008,PDB,False
2pj2,864,7.920818753952375,1.95,2008,PDB,False
2pj4,414,7.886056647693163,2.00,2008,PDB,False
2vto,LZ8,6.853871964321762,2.19,2008,PDB,False
2vtq,LZA,6.853871964321762,1.90,2008,PDB,False
3cib,314,7.853871964321762,1.72,2008,PDB,False
3d7d,FBD,7.853871964321762,1.69,2008,PDB,False
3ehw,DUP,4.818156412055227,1.80,2008,PDB,False
3eqb,LUG,1.8239087409443189,2.62,2008,PDB,False
2pj5,11B,7.823908740944319,1.65,2008,PDB,False
3c4c,324,6.795880017344075,2.57,2008,PDB,False
2ea2,F77,7.795880017344075,2.50,2008,PDB,False
2vwv,7X3,4.795880017344075,1.90,2008,PDB,False
2piz,606,6.769551078621726,1.60,2008,PDB,False
2uuo,LK3,3.769551078621726,2.50,2008,PDB,False
2pj7,235,7.769551078621726,1.77,2008,PDB,False
3chs,4BU,7.769551078621726,2.55,2008,PDB,False
3d7g,MUD,7.769551078621726,1.75,2008,PDB,False
2qn1,0AS,4.769551078621726,2.40,2008,PDB,False
2ph8,35A,5.7447274948966935,1.70,2008,PDB,False
2vj9,VG7,6.7447274948966935,1.60,2008,PDB,False
2vta,LZ1,3.7328282715969863,2.00,2008,PDB,False
2pj8,17A,7.7447274948966935,1.70,2008,PDB,False
2vd4,P21,4.7447274948966935,1.90,2008,PDB,False
2pjb,983,7.721246399047171,1.70,2008,PDB,False
2zjf,BSU,7.721246399047171,2.40,2008,PDB,False
3c43,315,7.721246399047171,2.30,2008,PDB,False
2vin,505,3.0,1.90,2008,PDB,False
2vtm,LZM,3.0,2.25,2008,PDB,False
2r2l,PB9,9.0,2.23,2008,PDB,False
2w05,FRT,9.0,1.90,2008,PDB,False
2qh6,ODE,6.0,2.70,2008,PDB,False
2r3i,SCF,6.0,1.28,2008,PDB,False
3f69,XDR,6.0,2.80,2008,PDB,False
3c6t,M14,8.675717544702307,2.70,2008,PDB,False
2pja,33Z,8.657577319177793,1.70,2008,PDB,False
2rg6,287,8.657577319177793,1.72,2008,PDB,False
3bqn,BQN,8.602059991327963,1.80,2008,PDB,False
3cbp,SFG,5.6020599913279625,1.42,2008,PDB,False
2z52,H23,5.570247719997592,2.13,2008,PDB,False
2ria,289,2.5686362358410126,1.80,2008,PDB,False
3daj,FXG,5.537602002101044,2.00,2008,PDB,False
3bwf,DWC,9.698970004336019,2.35,2008,PDB,False
2e9o,A58,7.698970004336019,2.10,2008,PDB,False
2piy,528,7.698970004336019,1.43,2008,PDB,False
3chq,4BQ,7.698970004336019,2.09,2008,PDB,False
2r3h,SCE,4.698970004336019,1.50,2008,PDB,False
2zm1,KSF,6.657577319177793,2.10,2008,PDB,False
3eio,AJH,6.651695136951839,2.00,2008,PDB,False
3d14,AK1,7.657577319177793,1.90,2008,PDB,False
3eyl,SMK,6.6020599913279625,3.00,2008,PDB,False
2zp0,PI0,7.6020599913279625,2.70,2008,PDB,False
3cpb,C92,4.6020599913279625,2.70,2008,PDB,False
2v13,C40,7.585026652029182,2.80,2008,PDB,False
3cgf,JNF,6.568636235841013,3.00,2008,PDB,False
3cm7,X22,6.568636235841013,3.10,2008,PDB,False
2qzk,I21,7.568636235841013,1.80,2008,PDB,False
3cho,4BG,6.552841968657781,1.80,2008,PDB,False
2qn2,0MA,4.552841968657781,2.70,2008,PDB,False
2ow6,NK1,2.6989700043360187,1.19,2008,PDB,False
2vnn,CM7,8.698970004336019,1.87,2008,PDB,False
2w17,I19,8.698970004336019,2.15,2008,PDB,False
3be2,RAJ,8.698970004336019,1.75,2008,PDB,False
3cn0,LJ1,5.511449283499556,1.52,2008,PDB,False
2rg5,279,8.508638306165727,2.40,2008,PDB,False
3bx5,304,8.455931955649724,2.40,2008,PDB,False
2rf2,MRX,8.443697499232712,2.40,2008,PDB,False
2qu2,251,5.431798275933005,2.60,2008,PDB,False
2vts,LZC,7.522878745280337,1.90,2008,PDB,False
3e01,PZ2,7.522878745280337,2.95,2008,PDB,False
2vl8,UDP,4.522878745280337,2.31,2008,PDB,False
3ccb,B2Y,4.522878745280337,2.49,2008,PDB,False
3d4l,605,7.494850021680094,2.00,2008,PDB,False
2vie,VG0,7.481486060122112,1.90,2008,PDB,False
3bsc,2PD,4.481486060122113,2.65,2008,PDB,False
2pt9,S4M,4.455931955649724,2.20,2008,PDB,False
3dm6,757,7.431798275933005,2.60,2008,PDB,False
2ow3,BIM,8.522878745280337,2.80,2008,PDB,False
2qmf,CS9,8.522878745280337,1.75,2008,PDB,False
2vnm,CM8,8.522878745280337,1.79,2008,PDB,False
2vtp,LZ9,8.522878745280337,2.15,2008,PDB,False
3cic,316,8.522878745280337,1.75,2008,PDB,False
3dcv,55E,8.522878745280337,2.70,2008,PDB,False
3dya,PZL,8.522878745280337,2.30,2008,PDB,False
3cgo,JNO,5.522878745280337,3.00,2008,PDB,False
3bgl,RID,8.346787486224656,2.23,2008,PDB,False
3e62,5B1,4.388276691992658,1.92,2008,PDB,False
2vj7,VG6,7.3979400086720375,1.60,2008,PDB,False
2vio,L1O,4.3979400086720375,1.80,2008,PDB,False
2ei6,D92,7.3872161432802645,2.30,2008,PDB,False
3dbd,3FR,7.376750709602099,3.05,2008,PDB,False
2vtt,LZD,7.356547323513812,1.68,2008,PDB,False
2vrx,447,7.346787486224656,1.86,2008,PDB,False
2ea4,F79,7.337242168318426,2.35,2008,PDB,False
2vu3,LZE,7.327902142064283,1.85,2008,PDB,False
2pj6,059,7.309803919971486,1.60,2008,PDB,False
2rl5,2RL,8.397940008672037,2.65,2008,PDB,False
3bl7,DD1,8.397940008672037,2.31,2008,PDB,False
3efw,AK8,8.397940008672037,2.29,2008,PDB,False
3ekn,GS3,8.397940008672037,2.20,2008,PDB,False
2vip,L1R,5.2839966563652006,1.72,2008,PDB,False
2vvt,I24,5.236572006437063,1.65,2008,PDB,False
2r3f,SC8,6.301029995663981,1.50,2008,PDB,False
2vgo,AD5,6.301029995663981,1.70,2008,PDB,False
2viv,VG2,6.2839966563652006,1.72,2008,PDB,False
3chp,4BO,5.267606240177032,2.10,2008,PDB,False
3d27,W29,4.2541448048262716,2.20,2008,PDB,False
3cj3,SX4,4.2441251443275085,1.87,2008,PDB,False
2qmd,CS7,8.301029995663981,1.65,2008,PDB,False
3bc5,ZAA,8.301029995663981,2.27,2008,PDB,False
3cid,318,8.301029995663981,1.80,2008,PDB,False
2vj1,XP1,5.301029995663981,2.25,2008,PDB,False
3cpc,C52,5.301029995663981,2.40,2008,PDB,False
3elj,GS7,5.301029995663981,1.80,2008,PDB,False
2jjr,TAM,8.202040356262804,2.30,2008,PDB,False
2e9n,76A,8.207608310501746,2.50,2008,PDB,False
3cjf,SAV,8.200659450546418,2.15,2008,PDB,False
3dcr,KVS,8.200659450546418,1.40,2008,PDB,False
2pmn,K51,5.200659450546418,2.80,2008,PDB,False
3c5u,P41,8.193820026016112,2.80,2008,PDB,False
2pj3,86A,8.18045606445813,1.64,2008,PDB,False
2r3o,2SC,6.221848749616356,1.80,2008,PDB,False
2viz,VG4,6.218244625347531,1.60,2008,PDB,False
3cy2,MB9,7.221848749616356,2.01,2008,PDB,False
3chr,4BS,7.214670164989233,2.20,2008,PDB,False
2rip,34Q,7.187086643357144,2.90,2008,PDB,False
3ee2,NZO,4.187086643357144,1.91,2008,PDB,False
2vti,LZ3,6.180456064458132,2.00,2008,PDB,False
2r4b,GW7,7.180456064458132,2.40,2008,PDB,False
3bl9,DD2,7.180456064458132,1.80,2008,PDB,False
2v16,C47,8.221848749616356,2.80,2008,PDB,False
3bym,AM0,8.221848749616356,2.00,2008,PDB,False
3bki,FQX,5.119186407719209,1.87,2008,PDB,False
2jkq,VG8,8.113509274827518,2.60,2008,PDB,False
2r3n,SCZ,7.154901959985743,1.63,2008,PDB,False
2viw,D56,7.142667503568731,2.05,2008,PDB,False
3dbs,GD9,7.1249387366083,2.80,2008,PDB,False
2zof,BES,8.154901959985743,2.30,2008,PDB,False
3byo,AM9,8.154901959985743,2.00,2008,PDB,False
2pj0,922,8.09151498112135,1.65,2008,PDB,False
3ens,ENS,8.050609993355087,2.30,2008,PDB,False
2r3g,SC9,6.096910013008056,1.55,2008,PDB,False
2vle,DZN,7.096910013008056,2.40,2008,PDB,False
2qiq,CYV,4.096910013008056,1.90,2008,PDB,False
2w06,FRV,7.080921907623926,2.04,2008,PDB,False
2vtn,LZ7,6.070581074285707,2.20,2008,PDB,False
2vtd,LKM,4.070581074285707,1.94,2008,PDB,False
2vcw,ZZA,3.050609993355087,1.95,2008,PDB,False
2qk5,CS5,8.096910013008056,2.20,2008,PDB,False
2qp8,SC7,8.096910013008056,1.50,2008,PDB,False
2qzl,IXS,8.096910013008056,1.80,2008,PDB,False
3ccc,7AC,8.096910013008056,2.71,2008,PDB,False
2zdt,46C,8.017728766960431,2.00,2008,PDB,False
2pj1,578,8.013228265733755,1.64,2008,PDB,False
2r3p,3SC,6.045757490560675,1.66,2008,PDB,False
2vtl,LZ5,4.013228265733755,2.00,2008,PDB,False
2qhn,582,6.008773924307505,1.70,2008,PDB,False
3db8,1FR,7.00436480540245,3.15,2008,PDB,False
2jjk,R15,8.045757490560675,2.00,2008,PDB,False
2zv9,PP2,8.045757490560675,2.76,2008,PDB,False
2z8e,MES,8.0,1.99,2008,PDB,False
2q2a,ARG,7.4089353929735005,1.79,2008,PDB,False
3e64,5B3,7.107905397309519,1.80,2008,PDB,False
2vt3,ATP,4.154901959985743,2.00,2008,PDB,False
2zmd,537,7.008773924307505,2.88,2008,PDB,False
3bxz,ADP,6.721246399047171,3.00,2008,PDB,False
2uyw,BTN,13.0,1.70,2008,PDB,False
2vwc,BC2,6.619788758288394,2.40,2008,PDB,False
2p7z,OHT,6.581698708680254,2.50,2008,PDB,False
2p7g,2OH,6.527243550682788,2.10,2008,PDB,False
3d0b,SNX,6.537602002101044,1.74,2008,PDB,False
3c7n,ADP,6.698970004336019,3.12,2008,PDB,False
3cj4,SX5,6.508638306165727,2.07,2008,PDB,False
2phb,230,9.494850021680094,2.30,2008,PDB,False
2p3i,MNA,3.4814860601221125,1.75,2008,PDB,False
2q2n,H01,6.481486060122113,1.80,2008,PDB,False
3cj5,SX6,6.337242168318426,1.92,2008,PDB,False
2zb1,GK4,6.318758762624412,2.50,2008,PDB,False
2pvu,LYS,6.309803919971486,1.79,2008,PDB,False
2vrj,NCW,6.301029995663981,1.90,2008,PDB,False
3ebl,GA4,6.301029995663981,1.90,2008,PDB,False
2zm3,575,6.211831628858833,2.50,2008,PDB,False
2p7a,43M,6.103473782510445,2.30,2008,PDB,False
2z92,ENE,9.096910013008056,2.30,2008,PDB,False
2vmd,MBG,3.0222763947111524,1.90,2008,PDB,False
2vmc,NGA,2.939302159646388,1.90,2008,PDB,False
3e5u,3C4,5.853871964321762,1.83,2008,PDB,False
3c39,3PG,3.962573502059376,1.85,2008,PDB,False
2r6f,ADP,8.0,3.20,2008,PDB,False
3dba,35G,8.0,2.57,2008,PDB,False
2jb6,T5C,10.958607314841775,2.85,2008,PDB,False
3cd5,7HI,7.896196279044043,2.39,2008,PDB,False
3ccw,4HI,7.8696662315049934,2.10,2008,PDB,False
3cd7,882,7.844663962534938,2.05,2008,PDB,False
2vmf,MVL,5.853871964321762,2.10,2008,PDB,False
3e6v,ABH,6.8326826652518236,1.72,2008,PDB,False
3c84,TH4,7.853871964321762,1.94,2008,PDB,False
3cj2,SX3,4.853871964321762,1.75,2008,PDB,False
3f17,HS4,8.627087997029893,1.10,2008,PDB,False
2rio,ADP,4.690369832574102,2.40,2008,PDB,False
3bra,AEF,2.6989700043360187,2.30,2008,PDB,False
3f3e,LEU,7.698970004336019,1.80,2008,PDB,False
3ew2,BTN,6.667561540084395,2.30,2008,PDB,False
3buh,AED,3.657577319177794,2.30,2008,PDB,False
2z4r,ADP,7.619788758288394,3.05,2008,PDB,False
2pyy,GLU,4.6020599913279625,2.10,2008,PDB,False
3d7k,D7K,4.6020599913279625,2.49,2008,PDB,False
3cda,8HI,7.580044251510242,2.07,2008,PDB,False
3cd0,6HI,7.570247719997592,2.40,2008,PDB,False
3cct,3HI,7.562249437179612,2.12,2008,PDB,False
3brn,SRO,8.698970004336019,2.00,2008,PDB,False
3eks,CY9,5.698970004336019,1.80,2008,PDB,False
3f18,HS5,7.403402904373539,1.13,2008,PDB,False
2vw5,BC6,8.522878745280337,1.90,2008,PDB,False
3f6e,8PA,2.382999658879101,1.34,2008,PDB,False
2zif,SAM,4.366531544420414,2.40,2008,PDB,False
2oz6,CMP,5.259637310505756,2.80,2008,PDB,False
3f16,HS3,8.228412519118745,1.16,2008,PDB,False
2vvn,NHT,7.301029995663981,1.85,2008,PDB,False
2q7y,IGC,4.301029995663981,1.95,2008,PDB,False
3ccz,5HI,7.286509456906058,1.70,2008,PDB,False
3f48,ALA,6.29073003902417,1.90,2008,PDB,False
3blr,CPB,8.193820026016112,2.80,2008,PDB,False
3f80,6HN,4.221848749616356,1.60,2008,PDB,False
3f1a,HS7,7.213958789757446,1.25,2008,PDB,False
3f19,HS6,7.186419011431808,1.13,2008,PDB,False
2qhm,7CS,6.180456064458132,2.00,2008,PDB,False
3bug,AEH,3.1804560644581312,2.50,2008,PDB,False
3f3d,MET,7.161150909262744,2.30,2008,PDB,False
3f15,HS1,8.103473782510445,1.70,2008,PDB,False
3d2t,1FL,7.1249387366083,1.85,2008,PDB,False
3e6k,ABH,5.154901959985743,2.10,2008,PDB,False
2zg1,SIA,2.0969100130080562,2.70,2008,PDB,False
3buf,AEG,3.0969100130080562,2.30,2008,PDB,False
3cdb,9HI,7.019088062223156,2.30,2008,PDB,False
2qbp,527,8.397940008672037,2.50,2008,PDB,False
3e0p,B3C,7.920818753952375,1.70,2008,PDB,False
3c56,PH4,7.886056647693163,2.30,2008,PDB,False
2qi5,MZ7,10.853871964321762,1.85,2008,PDB,False
2qi6,MZ8,10.568636235841012,1.85,2008,PDB,False
2qi4,MZ6,10.443697499232712,1.80,2008,PDB,False
2qbq,4B3,7.443697499232713,2.10,2008,PDB,False
2r38,G4G,7.443697499232713,1.81,2008,PDB,False
3ekr,PY9,7.522878745280337,2.00,2008,PDB,False
3c52,PGH,7.301029995663981,2.30,2008,PDB,False
2qi7,MZ9,10.207608310501746,1.85,2008,PDB,False
2qi3,MZ5,10.200659450546418,1.95,2008,PDB,False
2qnn,QN1,7.154901959985743,1.48,2008,PDB,False
2r3w,G3G,6.892790030352131,1.92,2008,PDB,False
2vnp,DED,9.920818753952375,2.19,2008,PDB,False
3bc3,OPT,6.809668301829708,2.20,2008,PDB,False
2rfh,23N,6.823908740944319,1.70,2008,PDB,False
3e8r,615,9.744727494896694,1.90,2008,PDB,False
2qbs,024,6.6777807052660805,2.10,2008,PDB,False
2zb0,GK3,6.619788758288394,2.10,2008,PDB,False
2pwr,G4G,6.585026652029182,1.50,2008,PDB,False
2pvh,P19,6.585026652029182,2.20,2008,PDB,False
2pwc,G3G,6.568636235841013,1.78,2008,PDB,False
2vh6,GSV,9.698970004336019,1.95,2008,PDB,False
3eko,PYU,6.698970004336019,1.55,2008,PDB,False
2p4s,DIH,9.508638306165727,2.20,2008,PDB,False
2r6y,LLC,9.494850021680094,2.00,2008,PDB,False
2pvn,P63,9.455931955649724,2.00,2008,PDB,False
3c1k,T15,9.443697499232712,1.84,2008,PDB,False
2pvm,P29,6.443697499232713,2.00,2008,PDB,False
2qnp,QN2,6.4089353929735005,1.41,2008,PDB,False
2vw1,DAN,3.5228787452803374,2.39,2008,PDB,False
3ckp,012,6.347753658996677,2.30,2008,PDB,False
2r6w,LLB,9.356547323513812,2.00,2008,PDB,False
2qbr,910,6.327902142064283,2.30,2008,PDB,False
2w26,RIV,9.397940008672037,2.08,2008,PDB,False
2zaz,GK1,6.3979400086720375,1.80,2008,PDB,False
2vw2,NHE,3.3010299956639813,1.70,2008,PDB,False
3bkl,KAW,6.168130225719499,2.18,2008,PDB,False
2qnq,QN3,6.113509274827519,2.30,2008,PDB,False
2qmg,SC6,9.154901959985743,1.89,2008,PDB,False
3d91,REM,9.154901959985743,2.20,2008,PDB,False
3bkk,KAF,6.080921907623926,2.17,2008,PDB,False
3cke,FDF,6.096910013008056,2.40,2008,PDB,False
3bgb,LJG,6.045757490560675,1.90,2008,PDB,False
2vqt,15A,6.0,2.10,2008,PDB,False
2z7g,EH9,8.94692155651658,2.52,2008,PDB,False
3e93,19B,8.853871964321762,2.00,2008,PDB,False
2r3t,G4G,5.853871964321762,1.80,2008,PDB,False
2zcq,B65,8.823908740944319,2.38,2008,PDB,False
3bqc,EMO,5.732828271596986,1.50,2008,PDB,False
2vkm,BSD,8.744727494896694,2.05,2008,PDB,False
3ckz,ZMR,8.721246399047171,1.90,2008,PDB,False
3e92,G6A,8.0,2.00,2008,PDB,False
3d1g,322,5.0,1.64,2008,PDB,False
2z7h,GG3,6.939302159646388,2.08,2008,PDB,False
2vjx,IFL,4.958607314841775,1.85,2008,PDB,False
3d67,GEM,4.958607314841775,3.40,2008,PDB,False
2e9v,85A,7.899974269892137,2.00,2008,PDB,False
2uy0,HV1,6.920818753952375,1.76,2008,PDB,False
3bl0,BL0,6.91721462968355,1.90,2008,PDB,False
2q7o,IMH,7.920818753952375,2.90,2008,PDB,False
3d7z,GK5,7.920818753952375,2.10,2008,PDB,False
3f0r,TSN,6.886056647693163,2.54,2008,PDB,False
2zcr,B69,6.8696662315049934,1.92,2008,PDB,False
2zn7,410,7.886056647693163,2.10,2008,PDB,False
2vo5,VBZ,4.886056647693163,2.30,2008,PDB,False
3d4z,GIM,4.886056647693163,1.39,2008,PDB,False
3ewj,642,6.844663962534939,1.80,2008,PDB,False
3dd8,2C7,7.853871964321762,1.90,2008,PDB,False
2r9x,WH6,4.853871964321762,1.90,2008,PDB,False
2ra0,JNJ,7.798602875679548,2.30,2008,PDB,False
3d94,D94,6.804100347590766,2.30,2008,PDB,False
3fas,GLU,6.767003889607846,1.40,2008,PDB,False
3d50,OEV,4.769551078621726,1.79,2008,PDB,False
3b7u,KEL,7.7447274948966935,1.90,2008,PDB,False
3b9g,IMH,4.721246399047171,1.40,2008,PDB,False
2p4y,C03,9.0,2.25,2008,PDB,False
2r43,G3G,6.0,1.58,2008,PDB,False
3ddg,GB7,6.0,1.74,2008,PDB,False
2pqz,G0G,5.667561540084395,1.55,2008,PDB,False
2vr4,17B,5.6777807052660805,1.80,2008,PDB,False
2qlm,F68,5.638272163982407,2.10,2008,PDB,False
3bl1,BL1,5.598599459218456,2.10,2008,PDB,False
2qp6,MB1,6.681936665037238,1.45,2008,PDB,False
2ves,GVR,7.698970004336019,1.90,2008,PDB,False
1w0z,SI1,7.6777807052660805,1.90,2008,PDB,False
2p1c,GG3,7.6777807052660805,2.45,2008,PDB,False
3cs7,LG0,10.67778070526608,2.20,2008,PDB,False
2yz3,M5P,6.657577319177793,2.30,2008,PDB,False
3ddf,GB6,4.657577319177793,1.20,2008,PDB,False
3egk,M18,4.657577319177793,2.20,2008,PDB,False
3dln,GLU,6.603800652904264,1.91,2008,PDB,False
2pvl,P55,7.619788758288394,1.90,2008,PDB,False
3be9,P04,7.619788758288394,2.00,2008,PDB,False
3cl2,G39,7.586700235918748,2.54,2008,PDB,False
2zmm,35B,7.6020599913279625,2.10,2008,PDB,False
3djk,G55,10.585026652029182,1.00,2008,PDB,False
1w13,SM1,8.698970004336019,2.00,2008,PDB,False
2vj8,HA2,8.698970004336019,1.80,2008,PDB,False
3bla,DD3,8.698970004336019,2.60,2008,PDB,False
3eqr,T74,8.698970004336019,2.00,2008,PDB,False
3d4y,MVL,5.698970004336019,1.52,2008,PDB,False
2vh0,GSI,8.508638306165727,1.70,2008,PDB,False
3bmq,AX5,5.494850021680094,1.70,2008,PDB,False
2uxz,HI1,8.481486060122112,1.75,2008,PDB,False
2qo8,3CC,8.468521082957745,1.40,2008,PDB,False
2qln,F59,5.431798275933005,2.15,2008,PDB,False
2qhy,MZ1,7.481486060122112,1.85,2008,PDB,False
3bmn,AX3,4.455931955649724,1.98,2008,PDB,False
2q9y,BTM,4.443697499232712,2.85,2008,PDB,False
3e81,SLB,1.431798275933005,1.63,2008,PDB,False
2pu2,DK2,4.431798275933005,1.86,2008,PDB,False
3anr,HRM,6.455931955649724,2.60,2010,PDB,False
3i6m,G3X,6.455931955649724,2.26,2010,PDB,False
3ksq,Z96,9.42021640338319,2.10,2010,PDB,False
3is9,AC7,6.42021640338319,2.55,2010,PDB,False
3m8q,DJZ,9.522878745280337,2.70,2010,PDB,False
3l3a,625,6.376750709602099,2.36,2010,PDB,False
3lq8,88Z,9.397940008672037,2.02,2010,PDB,False
3g58,988,9.2839966563652,2.05,2010,PDB,False
3iu8,T03,6.236572006437063,1.85,2010,PDB,False
2wxk,RW4,9.301029995663981,2.90,2010,PDB,False
3kwj,23Q,9.301029995663981,2.80,2010,PDB,False
3mvh,WFE,9.301029995663981,2.01,2010,PDB,False
3lmp,CEK,6.2076083105017466,1.90,2010,PDB,False
2xd6,XD6,6.187086643357144,2.20,2010,PDB,False
3gen,B43,9.142667503568731,1.60,2010,PDB,False
2wxg,ZZN,9.154901959985743,2.00,2010,PDB,False
2x8d,X8D,6.096910013008056,1.90,2010,PDB,False
3lkh,LT6,6.096910013008056,2.05,2010,PDB,False
3max,LLX,6.045757490560675,2.05,2010,PDB,False
3g4g,D71,9.040958607678906,2.30,2010,PDB,False
3g4i,D71,9.040958607678906,1.90,2010,PDB,False
3lj3,WYE,9.0268721464003,2.43,2010,PDB,False
3irx,UDR,9.0,2.80,2010,PDB,False
3m1s,DW1,9.0,3.13,2010,PDB,False
3km4,22X,8.886056647693163,1.90,2010,PDB,False
3itz,P66,8.853871964321762,2.25,2010,PDB,False
3nzu,NZU,8.853871964321762,2.60,2010,PDB,False
2xez,XEZ,5.823908740944319,2.25,2010,PDB,False
2xk7,30E,5.823908740944319,1.99,2010,PDB,False
3njy,8XQ,5.769551078621726,2.60,2010,PDB,False
3kx1,KX1,7.0,1.51,2010,PDB,False
3gzn,B39,8.0,3.00,2010,PDB,False
3l0e,G58,8.0,2.30,2010,PDB,False
3fxw,F10,5.958607314841775,2.00,2010,PDB,False
3ho2,N32,6.94692155651658,2.00,2010,PDB,False
3lnk,74A,5.939302159646388,1.80,2010,PDB,False
3ndm,3ND,7.958607314841775,3.30,2010,PDB,False
3nnx,EDD,7.958607314841775,2.28,2010,PDB,False
3oui,42Z,4.8996294548824375,1.70,2010,PDB,False
3ipx,B86,6.920818753952375,2.00,2010,PDB,False
3lpj,Z75,6.920818753952375,1.79,2010,PDB,False
3kbz,2T4,6.906578314837765,2.45,2010,PDB,False
2x6d,X6D,7.920818753952375,2.80,2010,PDB,False
3ivi,2LI,7.920818753952375,2.20,2010,PDB,False
3kc0,2T5,7.920818753952375,2.80,2010,PDB,False
2x38,IC8,6.886056647693163,2.20,2010,PDB,False
2xfj,VG5,7.886056647693163,1.80,2010,PDB,False
3mvl,38P,7.886056647693163,2.80,2010,PDB,False
3lco,LC0,6.844663962534939,3.40,2010,PDB,False
2x8e,X8E,7.853871964321762,2.50,2010,PDB,False
3i5n,B2D,7.853871964321762,2.00,2010,PDB,False
2xfi,XFI,7.823908740944319,1.73,2010,PDB,False
3koo,24D,7.823908740944319,2.79,2010,PDB,False
3l13,JZW,7.823908740944319,3.00,2010,PDB,False
3mj2,MJG,7.823908740944319,1.90,2010,PDB,False
3ncz,3NC,7.823908740944319,3.00,2010,PDB,False
2xk4,OL2,4.772113295386326,2.10,2010,PDB,False
3ihz,FK5,6.795880017344075,1.67,2010,PDB,False
3g8o,30X,7.795880017344075,1.90,2010,PDB,False
3hq5,GKK,7.795880017344075,2.10,2010,PDB,False
3phe,C9A,7.795880017344075,2.20,2010,PDB,False
3iu7,FCD,4.795880017344075,1.40,2010,PDB,False
3iop,8I1,7.769551078621726,2.20,2010,PDB,False
3k5c,0BI,7.769551078621726,2.12,2010,PDB,False
2wxf,039,6.7447274948966935,1.90,2010,PDB,False
3fh8,27P,6.7447274948966935,1.67,2010,PDB,False
3mv5,XFE,6.7447274948966935,2.47,2010,PDB,False
2wa4,069,4.7447274948966935,2.50,2010,PDB,False
3ful,52D,3.701146923590293,2.39,2010,PDB,False
3hnz,PMN,7.721246399047171,2.75,2010,PDB,False
2wa3,A29,3.0,2.50,2010,PDB,False
2wxj,RW3,9.0,2.60,2010,PDB,False
3iad,15X,9.0,2.65,2010,PDB,False
3kc1,2T6,9.0,2.25,2010,PDB,False
3pa3,C70,9.0,1.40,2010,PDB,False
3m8p,65B,8.67778070526608,2.67,2010,PDB,False
3p1d,MB3,2.638272163982407,1.86,2010,PDB,False
3k5g,BJC,8.602059991327963,2.00,2010,PDB,False
2x7d,EGB,6.698970004336019,2.30,2010,PDB,False
3oyl,ZZX,6.698970004336019,2.54,2010,PDB,False
2wxn,DLN,7.6777807052660805,2.60,2010,PDB,False
2xg5,EC2,4.657577319177793,2.00,2010,PDB,False
2x6k,X6K,5.638272163982407,3.50,2010,PDB,False
3kig,DA4,6.610833915635467,1.39,2010,PDB,False
2x6f,3MA,4.589847250177932,3.30,2010,PDB,False
3lfs,A07,5.6020599913279625,2.40,2010,PDB,False
3kn0,3TO,3.6020599913279625,1.90,2010,PDB,False
3mpt,1GK,6.600326278518962,1.89,2010,PDB,False
3oyn,ZZX,7.6020599913279625,2.68,2010,PDB,False
3kdt,7HA,6.585026652029182,2.70,2010,PDB,False
3msk,EV4,4.585026652029182,2.00,2010,PDB,False
3l5e,BDW,7.568636235841013,1.53,2010,PDB,False
3nnv,437,7.568636235841013,2.10,2010,PDB,False
3g4k,ROL,6.540607512240769,1.95,2010,PDB,False
3a4p,DFQ,7.552841968657781,2.54,2010,PDB,False
2wxv,WXV,8.698970004336019,2.60,2010,PDB,False
3lvp,PDR,8.698970004336019,3.00,2010,PDB,False
3oot,SSR,8.698970004336019,2.55,2010,PDB,False
3pa5,C73,8.698970004336019,1.70,2010,PDB,False
2x7c,KZ9,5.698970004336019,1.90,2010,PDB,False
3g0c,RUF,5.698970004336019,2.69,2010,PDB,False
3n5h,GO0,5.698970004336019,2.20,2010,PDB,False
2wxd,E18,5.481486060122113,1.60,2010,PDB,False
3ked,DAB,2.4436974992327127,2.30,2010,PDB,False
3k5f,AYH,5.431798275933005,2.25,2010,PDB,False
3frg,SK4,8.400116927926312,1.70,2010,PDB,False
3mvm,39P,8.4089353929735,2.00,2010,PDB,False
3k5u,PFQ,6.510041520575165,2.35,2010,PDB,False
3mpm,5LK,7.522878745280337,1.95,2010,PDB,False
2xf0,4UB,4.522878745280337,2.40,2010,PDB,False
3lau,OFI,4.522878745280337,2.10,2010,PDB,False
3lfn,A27,5.5003129173815966,2.28,2010,PDB,False
2xru,400,7.508638306165727,2.90,2010,PDB,False
3og7,032,7.508638306165727,2.45,2010,PDB,False
3ovx,O64,7.508638306165727,1.49,2010,PDB,False
3mvj,XFE,5.494850021680094,2.49,2010,PDB,False
3h0j,B36,6.488116639021126,2.80,2010,PDB,False
3nc9,TR3,6.481486060122113,2.40,2010,PDB,False
3l16,JZX,7.481486060122112,2.90,2010,PDB,False
2wwj,Y28,4.481486060122113,2.60,2010,PDB,False
3kdu,NKS,6.459670525209126,2.07,2010,PDB,False
2wxq,ZZQ,7.468521082957745,2.70,2010,PDB,False
3gb2,G3B,7.468521082957745,2.40,2010,PDB,False
3oy3,XY3,7.446116973356125,1.95,2010,PDB,False
3kxz,925,7.455931955649724,2.37,2010,PDB,False
2x6j,093,7.443697499232712,3.50,2010,PDB,False
2xch,CKG,6.42712839779952,2.00,2010,PDB,False
3l5r,47X,7.42021640338319,1.94,2010,PDB,False
2wxp,GD9,8.522878745280337,2.30,2010,PDB,False
2xa4,AZ5,8.522878745280337,2.04,2010,PDB,False
2xfk,AA9,8.522878745280337,1.80,2010,PDB,False
3ns9,NS9,8.522878745280337,1.78,2010,PDB,False
3ocg,OCG,8.522878745280337,2.21,2010,PDB,False
3pa4,C72,8.522878745280337,1.59,2010,PDB,False
3i97,8DR,5.522878745280337,2.90,2010,PDB,False
2xke,WI2,5.376750709602099,2.20,2010,PDB,False
3g45,988,8.356547323513812,2.63,2010,PDB,False
2wxl,ZS4,8.337242168318426,1.99,2010,PDB,False
2wxm,ZZM,7.3979400086720375,2.80,2010,PDB,False
3lcd,BDY,7.3979400086720375,2.50,2010,PDB,False
3otq,MZL,7.3872161432802645,3.00,2010,PDB,False
3oqk,S52,6.376750709602099,2.90,2010,PDB,False
3krx,BA1,7.376750709602099,3.10,2010,PDB,False
3krw,BA1,7.376750709602099,2.90,2010,PDB,False
3lpb,NVB,7.376750709602099,2.00,2010,PDB,False
3nsh,957,6.327902142064283,2.20,2010,PDB,False
3ivh,1LI,7.327902142064283,1.80,2010,PDB,False
3nnu,EDB,7.318758762624412,2.40,2010,PDB,False
3nrm,NRM,8.397940008672037,3.05,2010,PDB,False
3l17,JZY,8.2839966563652,3.00,2010,PDB,False
3nw7,LGV,8.275724130399212,2.11,2010,PDB,False
3g4l,ROF,8.236572006437063,2.50,2010,PDB,False
3hmv,HBT,7.299988937677887,2.23,2010,PDB,False
3ls4,TCI,6.301029995663981,2.00,2010,PDB,False
2xml,OGA,3.3010299956639813,2.55,2010,PDB,False
3n1v,3N1,3.3010299956639813,2.18,2010,PDB,False
3n46,3N5,4.301029995663981,2.35,2010,PDB,False
3ipy,B87,6.292429823902063,2.54,2010,PDB,False
3oc0,B2Q,6.2839966563652006,2.70,2010,PDB,False
3k5d,XLI,7.275724130399211,2.90,2010,PDB,False
3o8h,O8H,6.236572006437063,1.90,2010,PDB,False
3kec,3KE,7.236572006437063,2.05,2010,PDB,False
3o96,IQO,7.236572006437063,2.70,2010,PDB,False
3n4l,842,7.229147988357855,2.70,2010,PDB,False
2x81,ZZL,8.301029995663981,2.91,2010,PDB,False
3g0d,XIH,8.301029995663981,2.39,2010,PDB,False
3lxl,IZA,8.301029995663981,1.74,2010,PDB,False
3ly2,Z72,8.301029995663981,2.60,2010,PDB,False
3oct,1N1,8.301029995663981,1.95,2010,PDB,False
3ot3,22K,8.301029995663981,1.44,2010,PDB,False
2xey,YVQ,5.187086643357144,2.70,2010,PDB,False
3ixk,929,8.18045606445813,2.50,2010,PDB,False
3kwf,B1Q,8.167491087293763,2.40,2010,PDB,False
3l5f,BDX,6.218244625347531,1.70,2010,PDB,False
2x9f,X9F,7.214670164989233,1.75,2010,PDB,False
3h0s,B38,6.1979107421182675,2.43,2010,PDB,False
3my5,RFZ,4.187086643357144,2.10,2010,PDB,False
3pup,OS1,8.221848749616356,2.99,2010,PDB,False
3n5j,GO1,5.221848749616356,2.35,2010,PDB,False
3lxg,Z73,8.137868620686962,2.30,2010,PDB,False
3o8g,O8G,5.130768280269024,1.90,2010,PDB,False
3hnb,768,5.107905397309519,1.15,2010,PDB,False
3gwt,066,11.100179497572904,1.75,2010,PDB,False
3l5c,BDQ,5.154901959985743,1.80,2010,PDB,False
2xck,MH4,6.146910470148135,2.30,2010,PDB,False
3odk,ODK,3.1426675035687315,2.30,2010,PDB,False
3nzs,NZS,7.1249387366083,2.75,2010,PDB,False
3msj,EV3,3.113509274827518,1.80,2010,PDB,False
3l5d,BDV,4.107905397309519,1.75,2010,PDB,False
3ho9,N3A,6.102922996790579,1.90,2010,PDB,False
3ouh,014,7.102372908709558,2.51,2010,PDB,False
2wxi,S30,8.154901959985743,2.80,2010,PDB,False
3kb7,071,8.154901959985743,2.50,2010,PDB,False
3l54,LXX,8.154901959985743,2.30,2010,PDB,False
3nw6,LGW,8.154901959985743,2.20,2010,PDB,False
3nww,3NW,8.154901959985743,2.09,2010,PDB,False
3msl,EV5,5.154901959985743,2.40,2010,PDB,False
3n49,3N4,5.154901959985743,2.50,2010,PDB,False
3oxz,0LI,8.065501548756432,2.20,2010,PDB,False
3ovz,O96,8.060480747381382,2.02,2010,PDB,False
2x6i,090,6.080921907623926,3.40,2010,PDB,False
3nw5,LGX,5.075720713938118,2.14,2010,PDB,False
3h0q,B37,6.0746879085003505,2.50,2010,PDB,False
3fh5,24P,7.060480747381382,1.63,2010,PDB,False
2wpa,889,8.096910013008056,2.51,2010,PDB,False
3ion,8H1,8.096910013008056,2.40,2010,PDB,False
3l58,CS5,8.096910013008056,1.80,2010,PDB,False
3l8v,L8V,8.096910013008056,2.40,2010,PDB,False
3l9h,EMQ,8.096910013008056,2.00,2010,PDB,False
2wxo,ZZP,7.045757490560675,2.49,2010,PDB,False
3oqf,S51,7.040958607678906,2.78,2010,PDB,False
3nzc,D2O,7.017728766960431,2.00,2010,PDB,False
2wxh,ZZO,8.045757490560675,1.90,2010,PDB,False
3nnw,EDD,8.045757490560675,1.89,2010,PDB,False
3ot8,MI5,8.045757490560675,1.65,2010,PDB,False
3myg,EML,10.698970004336019,2.40,2010,PDB,False
3m5e,JDR,7.366531544420414,1.70,2010,PDB,False
3mhl,J71,7.251811972993799,1.90,2010,PDB,False
3m3x,JS7,6.823908740944319,1.68,2010,PDB,False
3lxk,MI1,9.795880017344075,2.00,2010,PDB,False
3m40,J45,6.769551078621726,1.60,2010,PDB,False
3m67,E36,6.7447274948966935,1.80,2010,PDB,False
3fsm,2NC,7.0,1.60,2010,PDB,False
3kdm,TES,7.0,1.50,2010,PDB,False
3mhm,J75,7.0,1.50,2010,PDB,False
2xhx,T5M,6.6020599913279625,2.80,2010,PDB,False
3ip6,PRO,6.6020599913279625,1.40,2010,PDB,False
3kmm,LHL,9.698970004336019,2.80,2010,PDB,False
3mhi,J90,6.698970004336019,1.70,2010,PDB,False
3lhj,LHJ,9.508638306165727,3.31,2010,PDB,False
2xjj,L81,6.508638306165727,1.90,2010,PDB,False
3mho,J43,6.494850021680094,1.15,2010,PDB,False
2xdx,WOE,6.455931955649724,2.42,2010,PDB,False
2xup,TZ5,12.387216143280265,2.70,2010,PDB,False
3k1j,ADP,6.3979400086720375,2.00,2010,PDB,False
2xab,VHD,9.267606240177031,1.90,2010,PDB,False
3m89,GSP,6.161150909262744,2.00,2010,PDB,False
3acl,3F1,6.221848749616356,2.35,2010,PDB,False
3ip5,ALA,6.221848749616356,1.35,2010,PDB,False
3ipa,ALA,6.221848749616356,1.55,2010,PDB,False
3p2e,SAH,6.221848749616356,1.68,2010,PDB,False
3pb3,SAH,6.221848749616356,1.90,2010,PDB,False
2xjx,XJX,9.148741651280925,1.66,2010,PDB,False
3otf,CMP,6.080921907623926,2.40,2010,PDB,False
2xui,TZ5,15.0,2.60,2010,PDB,False
3k54,1N1,9.0,1.94,2010,PDB,False
2xht,C0Y,5.958607314841775,2.27,2010,PDB,False
2y3p,SM8,5.886056647693163,2.62,2010,PDB,False
3lka,M4S,2.8239087409443187,1.80,2010,PDB,False
3lf0,ATP,5.714442690992226,2.40,2010,PDB,False
3l8x,N4D,8.0,2.40,2010,PDB,False
3nga,3NG,8.0,2.71,2010,PDB,False
3new,3NE,5.0,2.51,2010,PDB,False
2w97,GOL,0.958607314841775,2.29,2010,PDB,False
3a5y,KAA,7.958607314841775,1.90,2010,PDB,False
3juk,UPG,4.889410289700751,2.30,2010,PDB,False
3l5b,BDO,3.910094888560602,1.80,2010,PDB,False
3lp4,LYS,4.882728704344236,1.90,2010,PDB,False
2xjg,XJG,7.823908740944319,2.25,2010,PDB,False
3mj1,614,7.823908740944319,1.72,2010,PDB,False
3hdk,2NC,4.756961951313706,1.80,2010,PDB,False
2wq5,MIY,3.744727494896694,1.65,2010,PDB,False
3lcv,SAM,4.7447274948966935,2.00,2010,PDB,False
3llm,ADP,4.7447274948966935,2.80,2010,PDB,False
3lk8,Z79,7.705533773838407,1.80,2010,PDB,False
2wzy,SQX,10.721246399047171,2.51,2010,PDB,False
3jrx,S1A,9.0,2.50,2010,PDB,False
3nyn,SGV,6.0,2.72,2010,PDB,False
3l1n,PLM,5.6307841425898575,1.30,2010,PDB,False
3hkw,IX6,8.638272163982407,1.55,2010,PDB,False
3ip9,ABU,5.619788758288394,1.80,2010,PDB,False
3l59,BDJ,3.6989700043360187,2.00,2010,PDB,False
3n7s,3N6,7.698970004336019,2.10,2010,PDB,False
3n7r,N7R,7.698970004336019,2.90,2010,PDB,False
2wva,TPU,10.698970004336019,2.20,2010,PDB,False
3lm1,LEC,4.698970004336019,2.10,2010,PDB,False
3nkk,JLZ,4.698970004336019,1.12,2010,PDB,False
3p2k,SAM,4.698970004336019,2.70,2010,PDB,False
3miy,B49,7.6777807052660805,1.67,2010,PDB,False
3mss,MS7,4.657577319177793,1.95,2010,PDB,False
3o4k,LTC,7.619788758288394,2.11,2010,PDB,False
2xdk,XDK,3.6020599913279625,1.97,2010,PDB,False
3fh7,25P,7.6020599913279625,2.05,2010,PDB,False
3adt,HID,4.552841968657781,2.70,2010,PDB,False
2x7x,FRU,5.698970004336019,2.64,2010,PDB,False
3i73,ADP,5.490797477668897,2.40,2010,PDB,False
2xde,1B0,5.465973893943865,1.40,2010,PDB,False
3pty,AFO,5.437707135543525,2.00,2010,PDB,False
3lp7,HAR,5.443697499232713,2.04,2010,PDB,False
2xbv,XBV,8.431798275933005,1.66,2010,PDB,False
3lcu,SAH,3.5228787452803374,2.10,2010,PDB,False
3gy7,BEN,4.522878745280337,1.55,2010,PDB,False
3kmy,D8Y,4.494850021680094,1.90,2010,PDB,False
3o8p,BMU,6.455931955649724,2.10,2010,PDB,False
3kqr,OPE,4.434152181326483,1.50,2010,PDB,False
2xuf,TZ4,14.387216143280265,2.55,2010,PDB,False
3ncq,ATP,5.356547323513812,1.24,2010,PDB,False
3npc,B96,8.337242168318426,2.35,2010,PDB,False
3nrz,HPA,5.337242168318426,1.80,2010,PDB,False
2x00,GYN,11.327902142064282,2.40,2010,PDB,False
2xhr,C0P,8.318758762624412,2.20,2010,PDB,False
3guz,PAF,4.376750709602099,1.67,2010,PDB,False
3nm6,TRS,1.3467874862246563,1.60,2010,PDB,False
2xyn,VX6,8.397940008672037,2.81,2010,PDB,False
3l6h,BET,5.3979400086720375,2.30,2010,PDB,False
3k8q,22A,11.2839966563652,2.50,2010,PDB,False
3n9s,TD4,5.259637310505756,1.85,2010,PDB,False
3mle,ADP,5.236572006437063,2.80,2010,PDB,False
3nsq,CHZ,5.2076083105017466,2.60,2010,PDB,False
2wtw,ZZL,8.187086643357144,3.30,2010,PDB,False
3kyq,DPV,4.221848749616356,2.44,2010,PDB,False
3ms9,MS9,5.221848749616356,1.80,2010,PDB,False
3n1c,F6P,5.221848749616356,2.00,2010,PDB,False
3hb8,UMP,5.1249387366083,2.74,2010,PDB,False
3nx7,NHK,8.103473782510445,1.80,2010,PDB,False
3ncr,ADP,4.110698297493689,1.44,2010,PDB,False
2xdl,2DL,3.1023729087095586,1.98,2010,PDB,False
3hbo,2NC,5.086186147616283,1.71,2010,PDB,False
3k8o,229,11.065501548756432,2.40,2010,PDB,False
2y34,UN9,7.096910013008056,2.01,2010,PDB,False
3le8,2B5,6.0655015487564325,1.70,2010,PDB,False
3gy4,PBZ,5.096910013008056,1.55,2010,PDB,False
3ads,IMN,5.011887159731648,2.25,2010,PDB,False
3ouj,AKG,6.045757490560675,2.30,2010,PDB,False
3n8k,D1X,4.045757490560675,2.25,2010,PDB,False
3adv,SRO,3.0301183562535,2.27,2010,PDB,False
3liw,RUP,7.6020599913279625,2.22,2010,PDB,False
3i51,45C,7.698970004336019,1.80,2010,PDB,False
3mxe,K54,10.013228265733755,1.85,2010,PDB,False
3i4y,35C,7.045757490560675,1.85,2010,PDB,False
3gt9,516,3.958607314841775,1.70,2010,PDB,False
3a2c,PDY,6.8996294548824375,2.90,2010,PDB,False
3iae,D7K,3.886056647693163,2.30,2010,PDB,False
3m36,M35,9.823908740944319,2.15,2010,PDB,False
2xhm,K26,6.795880017344075,1.96,2010,PDB,False
2xb9,XNW,6.769551078621726,2.75,2010,PDB,False
3anq,EHB,6.7447274948966935,2.60,2010,PDB,False
3m2u,TXZ,7.0,1.40,2010,PDB,False
3lc5,IZX,6.568636235841013,2.62,2010,PDB,False
3nmq,7PP,9.698970004336019,2.20,2010,PDB,False
2xd9,XD9,6.455931955649724,1.95,2010,PDB,False
3p4q,OAA,6.522878745280337,3.35,2010,PDB,False
3kqd,LGL,9.397940008672037,2.75,2010,PDB,False
3ioi,1GW,6.275724130399211,1.45,2010,PDB,False
3aaq,ARU,3.3010299956639813,2.00,2010,PDB,False
3l7g,M44,3.3010299956639813,2.70,2010,PDB,False
3fv1,DYH,9.301029995663981,1.50,2010,PDB,False
3kqb,LGJ,9.301029995663981,2.25,2010,PDB,False
3lpp,KTL,6.221848749616356,2.15,2010,PDB,False
2xda,JPS,6.221848749616356,1.85,2010,PDB,False
3p8z,36A,6.086186147616283,1.70,2010,PDB,False
3a2o,KNJ,9.080921907623926,0.88,2010,PDB,False
3fvl,BHK,6.0655015487564325,1.85,2010,PDB,False
3owj,1EL,6.0655015487564325,1.85,2010,PDB,False
3lea,Z93,9.096910013008056,2.00,2010,PDB,False
3lpk,Z76,9.096910013008056,1.93,2010,PDB,False
3mdz,EZL,9.096910013008056,2.32,2010,PDB,False
3m37,M37,9.040958607678906,1.90,2010,PDB,False
3lmk,GLU,5.935542010773082,2.44,2010,PDB,False
3iaf,TPP,2.9208187539523753,2.80,2010,PDB,False
3k8c,RES,2.9208187539523753,2.10,2010,PDB,False
3k37,BCZ,8.920818753952375,2.00,2010,PDB,False
2wpb,ZZI,2.886056647693163,2.05,2010,PDB,False
3mxd,K53,8.832682665251824,1.95,2010,PDB,False
3fvk,8DX,8.823908740944319,1.50,2010,PDB,False
3jyj,JZI,5.7447274948966935,1.87,2010,PDB,False
3lik,EEG,8.71669877129645,1.80,2010,PDB,False
3p4r,GUA,2.721246399047171,3.05,2010,PDB,False
2xbw,455,8.0,1.72,2010,PDB,False
3k97,4CD,8.0,1.95,2010,PDB,False
2x95,X95,4.94692155651658,1.96,2010,PDB,False
3lir,EEC,6.924453038607469,1.90,2010,PDB,False
2x8z,X8Z,7.958607314841775,1.98,2010,PDB,False
3mhc,ARZ,7.958607314841775,1.70,2010,PDB,False
3fvg,MS8,6.892790030352131,1.50,2010,PDB,False
3i6c,GIA,4.920818753952375,1.30,2010,PDB,False
3kr5,BEY,7.886056647693163,2.56,2010,PDB,False
3h9k,UFP,7.853871964321762,2.65,2010,PDB,False
3ik1,20C,4.853871964321762,2.25,2010,PDB,False
2xbx,RR8,7.823908740944319,1.85,2010,PDB,False
3fvn,9DX,6.772113295386326,1.50,2010,PDB,False
3agl,A03,7.795880017344075,2.10,2010,PDB,False
3gi4,K60,10.795880017344075,1.85,2010,PDB,False
3acw,651,4.756961951313706,1.63,2010,PDB,False
3ljg,EEF,7.730487055782084,1.31,2010,PDB,False
2x91,LPR,6.7447274948966935,1.98,2010,PDB,False
2wyi,SWA,4.7447274948966935,2.60,2010,PDB,False
2xc0,8NC,6.716698771296451,2.05,2010,PDB,False
2wyj,898,9.0,2.38,2010,PDB,False
3lvw,GSH,2.6736641390712483,2.50,2010,PDB,False
3kqc,LGK,8.657577319177793,2.20,2010,PDB,False
3nox,6A5,8.657577319177793,2.34,2010,PDB,False
2x97,RX4,5.657577319177793,1.85,2010,PDB,False
2xj7,GC2,6.657577319177793,2.00,2010,PDB,False
3l0v,724,7.638272163982407,1.75,2010,PDB,False
3lxe,TOR,6.6020599913279625,1.90,2010,PDB,False
3kr4,BES,7.6020599913279625,2.00,2010,PDB,False
3o87,BSG,7.6020599913279625,1.78,2010,PDB,False
2xb8,XNW,7.585026652029182,2.40,2010,PDB,False
3fuz,GLU,6.5376020021010435,1.65,2010,PDB,False
2wyg,461,8.698970004336019,1.88,2010,PDB,False
3i60,E86,8.698970004336019,2.50,2010,PDB,False
3i5z,Z48,8.698970004336019,2.20,2010,PDB,False
3l1s,Z92,8.698970004336019,2.90,2010,PDB,False
3lgp,50X,8.698970004336019,1.90,2010,PDB,False
3acx,673,5.698970004336019,1.31,2010,PDB,False
3kku,B95,5.698970004336019,1.28,2010,PDB,False
3i25,MV7,8.508638306165727,2.10,2010,PDB,False
3l79,DKX,2.4609239012072233,1.86,2010,PDB,False
3mi3,LYS,5.448550002027125,2.38,2010,PDB,False
3l7c,DK4,2.4353339357479107,1.93,2010,PDB,False
3mjl,2AI,2.4436974992327127,1.90,2010,PDB,False
3aas,GUS,4.508638306165727,1.75,2010,PDB,False
3nyx,TZ1,7.494850021680094,2.50,2010,PDB,False
3ieo,AMJ,6.480172006224281,2.00,2010,PDB,False
3l3l,L3L,7.481486060122112,2.50,2010,PDB,False
3pd8,HA7,6.458420756053419,2.48,2010,PDB,False
3own,3OX,7.468521082957745,2.00,2010,PDB,False
3lpi,Z74,8.522878745280337,2.05,2010,PDB,False
3iog,SDF,5.522878745280337,1.41,2010,PDB,False
3l7b,DKZ,2.396855627379818,2.00,2010,PDB,False
3m1k,BEW,5.3872161432802645,1.35,2010,PDB,False
3k4q,IHS,5.337242168318426,2.20,2010,PDB,False
3o88,BSH,6.366531544420414,1.64,2010,PDB,False
3l7a,DKY,4.333294863880101,1.90,2010,PDB,False
3mnu,BON,7.318758762624412,1.80,2010,PDB,False
3mhw,ABV,2.2984320149440727,1.45,2010,PDB,False
3i3b,149,2.2291479883578558,2.20,2010,PDB,False
3ok9,G52,11.229147988357855,1.27,2010,PDB,False
3lc3,IYX,5.229147988357856,1.90,2010,PDB,False
3gta,851,4.275724130399211,1.70,2010,PDB,False
3n3g,93N,7.236572006437063,1.60,2010,PDB,False
3kgq,CIT,2.3010299956639813,1.70,2010,PDB,False
3gjw,GJW,8.301029995663981,2.30,2010,PDB,False
3gn7,3GN,8.301029995663981,2.50,2010,PDB,False
3l7d,DK5,2.183758700008217,2.00,2010,PDB,False
3l3n,LSW,8.18045606445813,2.30,2010,PDB,False
3pd9,HA5,6.221848749616356,2.10,2010,PDB,False
3k99,PFT,7.221848749616356,2.10,2010,PDB,False
3m35,M35,7.221848749616356,2.20,2010,PDB,False
3l08,ZIG,10.221848749616356,2.70,2010,PDB,False
3l3m,A92,8.221848749616356,2.50,2010,PDB,False
3le9,727,8.221848749616356,1.85,2010,PDB,False
3gi6,D78,11.221848749616356,1.84,2010,PDB,False
3gi5,K62,11.221848749616356,1.80,2010,PDB,False
3iof,IFS,5.221848749616356,1.44,2010,PDB,False
3ijz,15C,5.221848749616356,2.21,2010,PDB,False
3fv2,NDZ,8.113509274827518,1.50,2010,PDB,False
3n9r,TD3,7.154901959985743,1.80,2010,PDB,False
3o86,BSF,7.154901959985743,1.60,2010,PDB,False
3n7o,N7O,7.142667503568731,1.80,2010,PDB,False
3i4b,Z48,8.154901959985743,2.30,2010,PDB,False
3nxq,RX4,8.154901959985743,1.99,2010,PDB,False
3oaw,OAW,8.154901959985743,2.75,2010,PDB,False
3kqe,LGM,8.09151498112135,2.35,2010,PDB,False
3k39,BCZ,8.080921907623926,2.54,2010,PDB,False
3lil,EEA,8.080921907623926,1.80,2010,PDB,False
3g2n,OAK,4.0915149811213505,2.10,2010,PDB,False
3k3a,G39,7.075720713938118,2.59,2010,PDB,False
3aho,3A2,7.051098239029786,1.88,2010,PDB,False
3ith,EDM,8.096910013008056,2.80,2010,PDB,False
3aau,GZC,5.045757490560675,1.80,2010,PDB,False
3ahn,3A1,7.045275209020937,1.80,2010,PDB,False
3igp,DT7,7.024568191490737,1.65,2010,PDB,False
2x96,RX3,4.026872146400302,1.85,2010,PDB,False
2xc4,IVK,8.045757490560675,1.67,2010,PDB,False
3ag9,A02,8.045757490560675,2.00,2010,PDB,False
3p7b,P7B,7.7447274948966935,1.90,2011,PDB,False
3twd,GOB,7.7447274948966935,1.90,2011,PDB,False
3p7c,P7C,7.657577319177793,2.30,2011,PDB,False
3pj8,404,7.3979400086720375,1.96,2011,PDB,False
3p5k,P5K,7.119186407719209,2.09,2011,PDB,False
3tge,TGE,10.154901959985743,1.96,2011,PDB,False
3r7q,FAV,6.966576244513051,2.50,2011,PDB,False
3qaq,QAQ,7.0,2.90,2011,PDB,False
3qj9,QJ9,7.0,2.30,2011,PDB,False
3zya,2A8,7.0,1.90,2011,PDB,False
3lq5,SLQ,6.958607314841775,3.00,2011,PDB,False
3p78,P78,6.958607314841775,2.30,2011,PDB,False
3qtf,05S,6.958607314841775,1.57,2011,PDB,False
3r04,UNQ,6.920818753952375,1.70,2011,PDB,False
3zrk,ZRK,6.886056647693163,2.37,2011,PDB,False
3zrm,ZRM,6.886056647693163,2.49,2011,PDB,False
3qcq,3Q0,6.801342913045578,2.50,2011,PDB,False
3zrl,ZRL,6.795880017344075,2.48,2011,PDB,False
3r21,D36,6.7447274948966935,2.90,2011,PDB,False
2y5k,YCU,6.657577319177793,2.10,2011,PDB,False
3ow6,MEX,6.657577319177793,1.80,2011,PDB,False
3opm,LUI,6.619788758288394,2.72,2011,PDB,False
3sl8,JN7,6.537602002101044,2.60,2011,PDB,False
3zs0,ZS0,6.698970004336019,2.30,2011,PDB,False
3qcs,3Q1,6.5003129173815966,2.49,2011,PDB,False
3u6a,18P,6.489454989793388,2.20,2011,PDB,False
3p3u,3M4,6.482672117705627,1.50,2011,PDB,False
3qar,QAR,6.494850021680094,2.65,2011,PDB,False
2x24,X24,6.481486060122113,2.40,2011,PDB,False
2y5l,RO8,6.481486060122113,2.20,2011,PDB,False
3qkk,SMH,6.522878745280337,2.30,2011,PDB,False
3qup,LUN,6.3223930472795065,1.90,2011,PDB,False
3sfi,3SF,6.3979400086720375,2.31,2011,PDB,False
3zs1,PVW,6.3979400086720375,2.60,2011,PDB,False
3p7a,P7A,6.2839966563652006,2.31,2011,PDB,False
3ti6,G39,9.267606240177031,1.69,2011,PDB,False
3ro4,LJ9,6.229147988357856,2.60,2011,PDB,False
3o23,MQY,6.301029995663981,2.10,2011,PDB,False
3qcj,NX4,6.301029995663981,2.26,2011,PDB,False
2ye9,2D4,6.221848749616356,2.20,2011,PDB,False
3r2a,RHN,6.1249387366083,3.00,2011,PDB,False
3rsv,3RS,9.154901959985743,2.50,2011,PDB,False
3osw,XDI,6.154901959985743,2.55,2011,PDB,False
3rm8,RM8,6.154901959985743,1.80,2011,PDB,False
2yiw,YIW,9.096910013008056,2.00,2011,PDB,False
3qri,919,9.096910013008056,2.10,2011,PDB,False
3rcj,3RC,6.096910013008056,1.70,2011,PDB,False
3ti8,LNV,9.045757490560675,1.60,2011,PDB,False
2yg2,FLC,6.045757490560675,1.70,2011,PDB,False
3skh,058,6.045757490560675,2.50,2011,PDB,False
3tjd,6TP,9.0,2.90,2011,PDB,False
3ti5,ZMR,8.954677021213342,1.90,2011,PDB,False
3s7a,684,8.958607314841775,1.80,2011,PDB,False
3tic,ZMR,8.866461091629782,1.89,2011,PDB,False
3rxa,SZ1,2.853871964321762,1.70,2011,PDB,False
3r2f,PB0,8.853871964321762,2.53,2011,PDB,False
3skc,BR2,8.795880017344075,3.20,2011,PDB,False
2yis,YIS,8.769551078621726,2.00,2011,PDB,False
3ti3,LNV,8.73754891026957,1.80,2011,PDB,False
3r7r,FAZ,8.744727494896694,2.90,2011,PDB,False
3t9t,IAQ,8.714442690992227,1.65,2011,PDB,False
3rv3,ADP,2.0,1.91,2011,PDB,False
3qd3,3Q5,8.0,2.00,2011,PDB,False
3tv4,TV4,6.958607314841775,3.40,2011,PDB,False
3nwb,659,7.958607314841775,1.30,2011,PDB,False
3pp0,03Q,7.958607314841775,2.25,2011,PDB,False
3rvi,RVI,7.958607314841775,2.65,2011,PDB,False
2xsb,GDL,4.958607314841775,2.11,2011,PDB,False
3tib,LVO,6.889410289700751,2.20,2011,PDB,False
3qpp,PFW,7.920818753952375,1.80,2011,PDB,False
2yiu,SMA,6.886056647693163,2.70,2011,PDB,False
3py0,SU9,6.886056647693163,1.75,2011,PDB,False
3py1,SU9,6.886056647693163,2.05,2011,PDB,False
3src,28N,3.886056647693163,2.00,2011,PDB,False
3mg7,L2T,7.886056647693163,2.78,2011,PDB,False
3atk,SZ1,2.853871964321762,1.74,2011,PDB,False
3ooz,ZOO,7.853871964321762,1.80,2011,PDB,False
3qti,3QT,7.853871964321762,2.00,2011,PDB,False
3tl5,980,7.853871964321762,2.79,2011,PDB,False
3rxh,HSM,1.8041003475907664,1.70,2011,PDB,False
3qbh,QBH,6.823908740944319,2.24,2011,PDB,False
3tpp,5HA,7.823908740944319,1.60,2011,PDB,False
2xp8,4FY,4.823908740944319,2.10,2011,PDB,False
3nuu,JOZ,3.7721132953863266,1.98,2011,PDB,False
3oy1,589,7.795880017344075,1.70,2011,PDB,False
3q3b,55E,7.764471553092451,2.70,2011,PDB,False
3atl,BEN,4.764471553092451,1.74,2011,PDB,False
3rxe,BEN,4.764471553092451,1.70,2011,PDB,False
3qpn,PFK,7.769551078621726,2.00,2011,PDB,False
3r22,D37,7.769551078621726,2.90,2011,PDB,False
3rcd,03P,7.769551078621726,3.21,2011,PDB,False
3ske,054,7.769551078621726,1.97,2011,PDB,False
3s0n,0BB,6.7447274948966935,1.95,2011,PDB,False
2xp4,G14,3.744727494896694,1.80,2011,PDB,False
3ati,SZ4,3.72584215073632,1.71,2011,PDB,False
3rxd,SZ4,3.72584215073632,1.70,2011,PDB,False
3ohh,3HH,7.7447274948966935,2.01,2011,PDB,False
3qk5,QK5,7.7447274948966935,2.20,2011,PDB,False
3tpr,5HA,7.701146923590294,2.55,2011,PDB,False
3r02,UNM,9.0,1.95,2011,PDB,False
2xpb,4GE,5.698970004336019,2.00,2011,PDB,False
3rxk,SZ8,2.6777807052660805,1.60,2011,PDB,False
3rxb,ALG,2.657577319177794,1.70,2011,PDB,False
3oxi,SYY,5.657577319177793,2.20,2011,PDB,False
3p79,P79,5.638272163982407,2.10,2011,PDB,False
3qzq,AG7,5.638272163982407,1.70,2011,PDB,False
3rxl,SZ9,2.619788758288394,1.70,2011,PDB,False
3qqu,01P,8.619788758288394,2.90,2011,PDB,False
3rxf,4AP,2.6020599913279625,1.70,2011,PDB,False
3sdg,3SE,5.552841968657781,1.87,2011,PDB,False
3q96,0NF,8.537602002101044,3.10,2011,PDB,False
3sff,0DI,6.698970004336019,2.00,2011,PDB,False
3olf,OLF,7.698970004336019,1.90,2011,PDB,False
3q0z,23E,7.698970004336019,2.29,2011,PDB,False
3qcy,3Q3,7.698970004336019,2.20,2011,PDB,False
2xp6,4G2,4.698970004336019,1.90,2011,PDB,False
3sl5,J25,7.657577319177793,2.65,2011,PDB,False
3rxm,SW1,3.6345120151091,1.70,2011,PDB,False
3poz,03P,7.638272163982407,1.50,2011,PDB,False
3qpo,PFR,6.607303046740334,1.80,2011,PDB,False
3nwe,662,7.6020599913279625,1.50,2011,PDB,False
3ptg,932,7.6020599913279625,2.43,2011,PDB,False
3s3o,DLU,7.568636235841013,2.55,2011,PDB,False
3sl4,JN4,7.568636235841013,1.90,2011,PDB,False
3nf9,CD9,3.537602002101044,1.95,2011,PDB,False
3nf6,IMV,3.530177984021837,1.90,2011,PDB,False
3b0w,DGX,5.698970004336019,2.20,2011,PDB,False
3zxh,E41,8.522878745280337,1.30,2011,PDB,False
3tia,LNV,8.505845405981557,1.80,2011,PDB,False
3qd0,3Q4,8.500312917381596,1.99,2011,PDB,False
3pp1,IZG,8.494850021680094,2.70,2011,PDB,False
4a22,TD4,8.494850021680094,1.90,2011,PDB,False
3qch,NX2,5.481486060122113,2.40,2011,PDB,False
3qci,NX3,5.42021640338319,2.27,2011,PDB,False
3ogq,AB1,7.522878745280337,1.80,2011,PDB,False
3owd,MEY,7.522878745280337,1.63,2011,PDB,False
3q7j,FBO,4.522878745280337,2.91,2011,PDB,False
3srv,S19,7.500312917381596,1.95,2011,PDB,False
3nus,JNZ,3.5072396109731625,2.75,2011,PDB,False
3oeu,OEU,7.508638306165727,2.60,2011,PDB,False
3tjc,0TP,7.508638306165727,2.40,2011,PDB,False
3pdc,ZYI,7.494850021680094,2.60,2011,PDB,False
3ska,053,7.494850021680094,1.73,2011,PDB,False
3nf7,CIW,3.468521082957745,1.80,2011,PDB,False
3nuy,JPZ,3.462180904926726,2.10,2011,PDB,False
3zw3,ZW3,7.468521082957745,2.80,2011,PDB,False
3nlb,5BE,7.455931955649724,1.90,2011,PDB,False
2xp5,4FF,3.4436974992327127,1.90,2011,PDB,False
3ogp,017,7.443697499232712,1.70,2011,PDB,False
3q4c,RSW,6.431798275933005,3.20,2011,PDB,False
3omm,OMM,7.431798275933005,2.10,2011,PDB,False
3qkm,SM9,7.42021640338319,2.20,2011,PDB,False
4a7b,3W5,7.400116927926312,2.20,2011,PDB,False
3u4r,08F,7.4089353929735005,2.00,2011,PDB,False
3sfc,S53,8.522878745280337,2.10,2011,PDB,False
3qcl,NXV,5.3979400086720375,2.40,2011,PDB,False
2xpa,4G5,5.3872161432802645,1.90,2011,PDB,False
3tv6,B0R,8.318758762624412,3.30,2011,PDB,False
3s3m,DLU,7.3979400086720375,2.49,2011,PDB,False
3sc1,3S1,4.382999658879101,2.70,2011,PDB,False
3m11,AKI,7.366531544420414,2.75,2011,PDB,False
3vhu,SNL,7.309803919971486,2.11,2011,PDB,False
3ook,OOK,8.397940008672037,2.29,2011,PDB,False
3qrj,919,8.397940008672037,1.82,2011,PDB,False
3r2b,05B,8.397940008672037,2.90,2011,PDB,False
3ttz,07N,8.397940008672037,1.63,2011,PDB,False
3tdc,0EU,8.267606240177031,2.41,2011,PDB,False
3qck,NX5,5.236572006437063,2.05,2011,PDB,False
3r01,UNE,5.236572006437063,2.60,2011,PDB,False
3pxy,JWS,5.229147988357856,1.80,2011,PDB,False
3pxz,JWS,5.229147988357856,1.70,2011,PDB,False
3oof,OOF,7.301029995663981,2.29,2011,PDB,False
3vhv,LD1,6.292429823902063,1.35,2011,PDB,False
3u4o,08E,7.275724130399211,1.77,2011,PDB,False
3pka,Y02,6.267606240177032,1.25,2011,PDB,False
3qrk,9DP,7.2441251443275085,2.30,2011,PDB,False
3skf,PB7,8.301029995663981,3.00,2011,PDB,False
3vhe,42Q,8.207608310501746,1.55,2011,PDB,False
3qd4,3Q6,8.199970640755867,2.30,2011,PDB,False
3pkb,Y16,6.2076083105017466,1.25,2011,PDB,False
3qcx,3Q2,7.200659450546418,2.30,2011,PDB,False
3srb,28S,4.187086643357144,1.80,2011,PDB,False
3s2p,PMU,7.167491087293763,2.30,2011,PDB,False
3q77,2HY,8.221848749616356,2.00,2011,PDB,False
3osi,XDH,5.221848749616356,2.70,2011,PDB,False
4jwr,1MY,6.214670164989233,2.35,2013,PDB,False
4i4f,1BR,6.1938200260161125,1.75,2013,PDB,False
4b6c,B5U,6.161150909262744,2.20,2013,PDB,False
4dwk,MGK,6.221848749616356,3.00,2013,PDB,False
4mk2,28B,6.136677139879544,1.85,2013,PDB,False
4hzt,0ZA,6.1249387366083,1.80,2013,PDB,False
4li7,1XP,6.113509274827519,2.20,2013,PDB,False
4j1h,1HJ,6.110138278741812,2.20,2013,PDB,False
4iqt,1FO,6.107905397309519,2.60,2013,PDB,False
4kp6,1S1,9.09151498112135,1.50,2013,PDB,False
4ir6,IR6,6.075720713938118,1.80,2013,PDB,False
4inb,1F6,6.050609993355088,1.80,2013,PDB,False
3zlq,6T9,6.043831569524636,2.10,2013,PDB,False
3vuc,HHE,9.045757490560675,2.60,2013,PDB,False
4i6b,11G,5.931814138253839,1.80,2013,PDB,False
4bdt,HUW,8.958607314841775,3.10,2013,PDB,False
3zm4,22T,5.958607314841775,2.37,2013,PDB,False
4bqy,FNT,5.958607314841775,1.53,2013,PDB,False
4feq,0T8,5.958607314841775,2.20,2013,PDB,False
4bw1,S5B,5.8996294548824375,1.40,2013,PDB,False
3zki,WZV,5.920818753952375,2.40,2013,PDB,False
4l3p,1UH,5.920818753952375,2.68,2013,PDB,False
4hzw,LNV,8.882728704344236,1.70,2013,PDB,False
4hy5,1AQ,8.886056647693163,1.75,2013,PDB,False
4btt,VYR,8.844663962534938,2.59,2013,PDB,False
4bzn,UGX,5.841336019186011,1.90,2013,PDB,False
3vo3,0KF,8.853871964321762,1.52,2013,PDB,False
4j6i,1JV,8.853871964321762,2.90,2013,PDB,False
4gsc,MGW,5.853871964321762,2.81,2013,PDB,False
4mcb,21W,5.823908740944319,1.94,2013,PDB,False
4g2w,NI0,8.795880017344075,2.28,2013,PDB,False
4gk2,L66,8.795880017344075,2.19,2013,PDB,False
4ibm,IR1,5.7447274948966935,1.80,2013,PDB,False
4hhy,15R,8.71669877129645,2.36,2013,PDB,False
4jht,8XQ,4.991399828238082,1.18,2013,PDB,False
4m5r,MSR,3.0,1.40,2013,PDB,False
4i7f,NVE,7.0,2.50,2013,PDB,False
4iz0,2BI,4.0,2.22,2013,PDB,False
4dr9,BB2,8.0,1.90,2013,PDB,False
4kfp,1R7,8.0,1.84,2013,PDB,False
4mb9,28F,8.0,1.85,2013,PDB,False
4b78,KGG,5.0,1.50,2013,PDB,False
4lc7,1WP,4.928117992693875,1.70,2013,PDB,False
4l34,1VG,6.943095148663527,1.80,2013,PDB,False
4dho,Y09,3.9281179926938745,1.70,2013,PDB,False
3w5e,NVW,7.958607314841775,2.30,2013,PDB,False
4g2j,0WF,7.958607314841775,2.40,2013,PDB,False
4m4q,21A,7.958607314841775,2.50,2013,PDB,False
4m5u,20F,7.958607314841775,2.20,2013,PDB,False
4j04,1JF,4.958607314841775,2.00,2013,PDB,False
4kb8,1QN,7.889410289700751,1.95,2013,PDB,False
3wfg,WFG,6.920818753952375,1.40,2013,PDB,False
4kc1,WS1,2.9136401693252516,1.50,2013,PDB,False
4men,25K,3.9030899869919438,1.81,2013,PDB,False
4fz6,0VG,6.896196279044043,1.85,2013,PDB,False
4dhn,0KC,3.8927900303521317,1.80,2013,PDB,False
3vtd,TKD,7.920818753952375,2.70,2013,PDB,False
4j1f,1HL,7.920818753952375,2.25,2013,PDB,False
4kmu,RFP,7.920818753952375,3.85,2013,PDB,False
4b81,ZN4,4.920818753952375,2.80,2013,PDB,False
4bnt,36E,3.8610976000664063,2.30,2013,PDB,False
3vtc,TK3,7.886056647693163,1.50,2013,PDB,False
4j1k,1HG,7.886056647693163,2.18,2013,PDB,False
4dzw,0MQ,7.886056647693163,3.05,2013,PDB,False
4kbc,1QJ,7.847711655616943,1.98,2013,PDB,False
4l0s,1UZ,6.838631997765025,1.90,2013,PDB,False
4l32,1VF,6.835647144215563,1.85,2013,PDB,False
3zo4,QWI,6.826813731587726,1.65,2013,PDB,False
4bjc,RPB,7.853871964321762,2.20,2013,PDB,False
4gk4,L90,7.853871964321762,2.10,2013,PDB,False
4i0r,1B4,7.853871964321762,2.10,2013,PDB,False
4jzr,4JR,7.801342913045577,2.10,2013,PDB,False
3zlx,5EZ,3.8041003475907664,2.20,2013,PDB,False
4b0g,VEK,7.823908740944319,2.50,2013,PDB,False
4bfp,SWY,7.823908740944319,2.40,2013,PDB,False
4bgg,844,7.823908740944319,2.56,2013,PDB,False
4dht,0KG,4.823908740944319,1.80,2013,PDB,False
4l31,F08,6.790484985457369,2.00,2013,PDB,False
4dhm,0KB,3.7825160557860937,1.70,2013,PDB,False
4dhs,Y03,4.795880017344075,1.74,2013,PDB,False
4mk1,27Y,4.795880017344075,1.85,2013,PDB,False
4alu,79O,7.769551078621726,2.60,2013,PDB,False
4g1f,0WG,7.769551078621726,2.90,2013,PDB,False
4ke0,1R8,7.769551078621726,2.30,2013,PDB,False
4m3q,24K,7.769551078621726,2.72,2013,PDB,False
3wav,DWV,6.7447274948966935,1.80,2013,PDB,False
4dwb,0M7,5.735182176990463,2.10,2013,PDB,False
4kjv,1RK,7.7447274948966935,1.70,2013,PDB,False
4c36,ZO9,7.703334809738469,1.98,2013,PDB,False
4bb4,32W,6.721246399047171,1.65,2013,PDB,False
4jrg,I09,6.707743928643524,1.90,2013,PDB,False
3zlw,MT8,3.703334809738469,2.12,2013,PDB,False
3w2r,W2R,7.721246399047171,2.05,2013,PDB,False
4j1e,1HM,7.721246399047171,1.78,2013,PDB,False
4im0,1FV,7.721246399047171,2.40,2013,PDB,False
4hyh,1AM,9.0,1.70,2013,PDB,False
4iwd,1JC,9.0,1.99,2013,PDB,False
4ktc,1X3,9.0,2.30,2013,PDB,False
4mk8,28Q,9.0,2.09,2013,PDB,False
4mka,2AY,9.0,2.05,2013,PDB,False
3zo1,SIJ,6.0,2.00,2013,PDB,False
4awi,AQ2,6.0,1.91,2013,PDB,False
4jql,VJ6,6.0,1.72,2013,PDB,False
3wc5,DDK,8.698970004336019,1.70,2013,PDB,False
4jlg,1L8,8.698970004336019,1.90,2013,PDB,False
4lgu,1YH,8.67778070526608,2.00,2013,PDB,False
4lnf,GLN,2.619788758288394,2.95,2013,PDB,False
4ke1,1R6,8.602059991327963,1.91,2013,PDB,False
4btl,5GZ,5.6020599913279625,2.50,2013,PDB,False
4ezl,0SE,8.585026652029182,2.94,2013,PDB,False
4mx9,2E8,8.585026652029182,3.10,2013,PDB,False
4hy4,1BG,8.568636235841012,1.25,2013,PDB,False
4mbl,26L,8.537602002101044,2.60,2013,PDB,False
4dtt,I41,5.537602002101044,3.22,2013,PDB,False
4hy0,1AQ,6.698970004336019,2.84,2013,PDB,False
4nie,NBH,7.698970004336019,2.01,2013,PDB,False
4fic,0UL,4.698970004336019,2.50,2013,PDB,False
4l2g,1V4,6.6777807052660805,2.05,2013,PDB,False
4jr3,KJR,6.661543506395395,2.70,2013,PDB,False
4bjb,P34,6.6595558851598815,2.30,2013,PDB,False
4j3m,AJ8,7.6777807052660805,1.90,2013,PDB,False
4hww,X7A,6.651695136951839,1.30,2013,PDB,False
3wd1,ST7,7.657577319177793,2.30,2013,PDB,False
4bjx,73B,7.657577319177793,1.59,2013,PDB,False
4b84,Z5K,4.657577319177793,2.60,2013,PDB,False
4l0v,1V1,6.632644078973981,1.70,2013,PDB,False
3zmg,6Z0,7.638272163982407,1.74,2013,PDB,False
4ixu,38I,7.638272163982407,1.90,2013,PDB,False
4kiq,1RA,7.638272163982407,2.50,2013,PDB,False
3wbl,PDY,4.638272163982407,2.00,2013,PDB,False
4ixv,XA1,6.619788758288394,2.30,2013,PDB,False
4jbo,WPH,7.619788758288394,2.49,2013,PDB,False
4jp9,1M5,7.619788758288394,1.80,2013,PDB,False
4k4e,K4E,7.619788758288394,2.30,2013,PDB,False
4kn7,1RM,7.619788758288394,3.69,2013,PDB,False
4meq,25O,3.6020599913279625,1.77,2013,PDB,False
4meo,25V,3.6020599913279625,1.72,2013,PDB,False
4la7,A1O,6.573488738635425,1.98,2013,PDB,False
4i0t,1B6,7.585026652029182,1.70,2013,PDB,False
4i11,1CH,4.565431095965802,1.89,2013,PDB,False
4l0i,1UW,6.565431095965801,2.30,2013,PDB,False
4alw,HY7,7.568636235841013,1.92,2013,PDB,False
4dhr,Y04,4.568636235841013,1.40,2013,PDB,False
4j0v,1H7,7.552841968657781,1.94,2013,PDB,False
4l53,1UO,7.552841968657781,2.55,2013,PDB,False
4joa,3DK,7.5376020021010435,2.70,2013,PDB,False
4jrv,KJV,7.5376020021010435,2.80,2013,PDB,False
4lww,LWW,7.5376020021010435,1.64,2013,PDB,False
4j53,1J4,8.698970004336019,2.50,2013,PDB,False
4lgh,0JN,8.698970004336019,2.84,2013,PDB,False
4lxa,1YS,8.698970004336019,1.95,2013,PDB,False
4n4v,2GY,8.698970004336019,2.00,2013,PDB,False
4ehe,RI8,8.494850021680094,3.30,2013,PDB,False
4jmu,1ML,5.468521082957745,2.00,2013,PDB,False
4lge,1Y0,8.455931955649724,1.55,2013,PDB,False
3w1f,1O5,8.435333935747911,2.70,2013,PDB,False
4ezj,0SC,8.42021640338319,2.67,2013,PDB,False
3zly,YSO,3.5228787452803374,2.11,2013,PDB,False
3zbf,VGH,7.522878745280337,2.20,2013,PDB,False
3w5t,LHP,4.522878745280337,2.29,2013,PDB,False
4ith,RCM,6.4990777608096995,2.25,2013,PDB,False
4g2l,0WL,7.494850021680094,3.00,2013,PDB,False
4kbi,1C0,7.494850021680094,2.06,2013,PDB,False
4kb7,690,7.494850021680094,1.85,2013,PDB,False
4dhq,Y06,4.494850021680094,1.75,2013,PDB,False
3wab,DDW,7.468521082957745,2.15,2013,PDB,False
4lh7,1X8,4.468521082957745,1.90,2013,PDB,False
4joo,1M4,4.433798281145087,1.80,2013,PDB,False
4l2k,1V8,6.443697499232712,2.10,2013,PDB,False
3w33,W19,7.443697499232712,1.70,2013,PDB,False
4i0s,1B5,7.443697499232712,1.98,2013,PDB,False
4k8s,1QT,7.443697499232712,2.39,2013,PDB,False
4dhp,Y07,4.443697499232712,1.75,2013,PDB,False
4kw6,QDO,3.4271283977995197,3.00,2013,PDB,False
4itj,1HX,6.423428315934709,1.80,2013,PDB,False
4dxj,0M9,7.42021640338319,2.35,2013,PDB,False
3zls,92P,4.404503778174426,2.50,2013,PDB,False
4jq7,KJQ,6.405607449624573,2.73,2013,PDB,False
4bae,RWX,8.522878745280337,2.35,2013,PDB,False
4gv1,0XZ,8.522878745280337,1.49,2013,PDB,False
4hyi,1AO,8.522878745280337,1.40,2013,PDB,False
4izy,1J2,8.522878745280337,2.30,2013,PDB,False
4j52,1J3,8.522878745280337,2.30,2013,PDB,False
4jnc,1LF,8.522878745280337,1.96,2013,PDB,False
4jnm,1LJ,8.522878745280337,2.20,2013,PDB,False
4l6s,1WQ,8.522878745280337,2.20,2013,PDB,False
4lgg,VGG,8.522878745280337,2.41,2013,PDB,False
4hlw,17W,5.376750709602099,2.50,2013,PDB,False
4kz0,1UJ,5.376750709602099,2.87,2013,PDB,False
4k3k,SFK,2.3526170298853804,1.85,2013,PDB,False
3wiz,LC6,8.356547323513812,2.45,2013,PDB,False
4lts,LTS,8.356547323513812,1.69,2013,PDB,False
4ie2,1EC,5.346787486224656,2.21,2013,PDB,False
4j06,1JG,5.337242168318426,2.00,2013,PDB,False
4eev,L1X,8.327902142064282,1.80,2013,PDB,False
4htx,19F,8.327902142064282,1.90,2013,PDB,False
3wi6,YRZ,5.327902142064283,2.99,2013,PDB,False
4mcd,22L,5.327902142064283,1.55,2013,PDB,False
4mep,24Y,5.327902142064283,1.85,2013,PDB,False
4kin,1M8,8.318758762624412,1.97,2013,PDB,False
4mbc,28G,6.3979400086720375,1.75,2013,PDB,False
4j1i,1HH,7.3979400086720375,2.05,2013,PDB,False
4b80,A36,4.3979400086720375,2.50,2013,PDB,False
4bek,XK0,4.3851027839668655,2.39,2013,PDB,False
4jbp,YPH,7.3872161432802645,2.45,2013,PDB,False
4ln7,1ZQ,7.3872161432802645,1.73,2013,PDB,False
4b82,B3Z,4.3872161432802645,2.10,2013,PDB,False
4mk7,28O,6.361510743045363,2.80,2013,PDB,False
4iti,1HW,6.3570411205902095,2.86,2013,PDB,False
4bj9,UHB,7.346787486224656,2.05,2013,PDB,False
4jib,1L6,7.346787486224656,1.72,2013,PDB,False
4fyo,0VF,7.327902142064283,1.40,2013,PDB,False
4jpe,1M7,7.318758762624412,1.80,2013,PDB,False
4e1e,0MW,6.309803919971486,2.65,2013,PDB,False
4kc2,WS2,3.30715308072277,1.70,2013,PDB,False
4j1c,1HO,7.309803919971486,2.01,2013,PDB,False
4ksq,1SW,7.309803919971486,3.30,2013,PDB,False
4m84,21E,7.309803919971486,2.00,2013,PDB,False
4n4t,2GV,7.309803919971486,2.31,2013,PDB,False
4b7z,Q4Q,4.309803919971486,2.30,2013,PDB,False
4bgh,3I6,8.397940008672037,1.95,2013,PDB,False
4jai,XU2,8.397940008672037,3.20,2013,PDB,False
4l52,1UL,8.397940008672037,2.54,2013,PDB,False
4lxk,1YT,8.397940008672037,2.05,2013,PDB,False
4j3d,1JS,8.275724130399212,2.00,2013,PDB,False
4jaj,XU1,5.2564902352715706,2.70,2013,PDB,False
3wc7,EF1,8.259637310505756,1.90,2013,PDB,False
4hze,X7A,6.293282217663242,1.60,2013,PDB,False
4kai,1PV,7.301029995663981,2.30,2013,PDB,False
4mot,2B7,7.301029995663981,1.75,2013,PDB,False
4j0p,1H8,7.292429823902063,1.97,2013,PDB,False
4bhz,Z0B,4.2716462179787715,2.85,2013,PDB,False
4j17,1HQ,7.267606240177032,1.81,2013,PDB,False
4m6p,20R,7.267606240177032,1.75,2013,PDB,False
4au8,Z3R,6.258848401148215,1.90,2013,PDB,False
4gk3,L87,7.251811972993799,1.90,2013,PDB,False
4kn4,1RL,7.2441251443275085,3.96,2013,PDB,False
4dwg,0M8,7.236572006437063,2.01,2013,PDB,False
4bi0,Z0W,4.23210238398191,2.84,2013,PDB,False
4kc4,WS3,3.2335871528876003,1.60,2013,PDB,False
3w69,LTZ,7.236572006437063,1.90,2013,PDB,False
4l2f,1V3,6.22548303427145,2.05,2013,PDB,False
2yoj,8Y6,8.301029995663981,1.76,2013,PDB,False
4i6f,1C7,8.301029995663981,2.90,2013,PDB,False
4i6h,1C8,8.301029995663981,1.91,2013,PDB,False
4jzd,1NJ,8.301029995663981,2.20,2013,PDB,False
4dhu,0KH,5.301029995663981,1.67,2013,PDB,False
4kba,1QM,8.221848749616356,1.98,2013,PDB,False
4m6q,20T,8.214670164989233,2.41,2013,PDB,False
4ifh,1EF,5.214670164989233,3.29,2013,PDB,False
4hyu,1BK,8.207608310501746,2.15,2013,PDB,False
4mds,23H,5.2076083105017466,1.60,2013,PDB,False
4bw2,UTH,5.199970640755866,1.92,2013,PDB,False
4ezk,0SD,8.200659450546418,2.80,2013,PDB,False
4b70,WM9,5.200659450546418,1.60,2013,PDB,False
4kbk,1QG,8.18045606445813,2.10,2013,PDB,False
3w2s,W2R,8.161150909262744,1.90,2013,PDB,False
4anq,VGH,6.218244625347531,1.76,2013,PDB,False
4hxq,X8A,7.221848749616356,1.45,2013,PDB,False
4mbj,DFS,7.214670164989233,3.60,2013,PDB,False
4ark,M3K,7.200659450546418,2.60,2013,PDB,False
4msk,2C8,7.200659450546418,2.30,2013,PDB,False
4ehg,RI9,7.1938200260161125,3.50,2013,PDB,False
3wff,WFF,6.180456064458132,2.05,2013,PDB,False
4l0t,1V0,7.180456064458132,2.10,2013,PDB,False
4l0b,1UT,7.173925197299173,1.80,2013,PDB,False
4i06,X8A,7.173925197299173,1.80,2013,PDB,False
4bi1,ZO6,4.1605219526258015,2.70,2013,PDB,False
4bs4,A64,8.221848749616356,1.89,2013,PDB,False
4aua,4AU,5.142667503568732,2.31,2013,PDB,False
4li8,1XQ,8.1249387366083,2.52,2013,PDB,False
4bio,8XQ,5.119186407719209,2.45,2013,PDB,False
4gj6,0LS,5.119186407719209,2.58,2013,PDB,False
3vry,B43,8.113509274827518,2.48,2013,PDB,False
4b77,54M,5.102372908709558,1.80,2013,PDB,False
4kzl,20D,6.154901959985743,2.00,2013,PDB,False
3uli,1N3,7.154901959985743,2.00,2013,PDB,False
4l10,A63,7.1487416512809245,1.70,2013,PDB,False
4jsc,1OY,7.130768280269024,2.50,2013,PDB,False
3w32,W32,7.1249387366083,1.80,2013,PDB,False
4mgv,D5I,7.1249387366083,1.72,2013,PDB,False
4k9h,1QU,7.119186407719209,2.29,2013,PDB,False
4j0z,1H5,7.113509274827518,2.13,2013,PDB,False
4lh6,1X7,4.113509274827518,1.65,2013,PDB,False
4c66,H4C,4.100179497572904,1.87,2013,PDB,False
3rtp,34I,8.154901959985743,2.40,2013,PDB,False
4alv,R9P,8.154901959985743,2.59,2013,PDB,False
4l33,F70,8.154901959985743,2.10,2013,PDB,False
4jze,1NK,8.154901959985743,1.52,2013,PDB,False
4kip,1R9,8.154901959985743,2.27,2013,PDB,False
4mbi,26K,8.154901959985743,2.30,2013,PDB,False
4b83,B3V,5.154901959985743,2.40,2013,PDB,False
4kzc,1UK,8.086186147616283,3.25,2013,PDB,False
4hzz,G39,8.08039897621589,1.60,2013,PDB,False
3wd9,QPC,8.080921907623926,2.50,2013,PDB,False
4i5m,R78,8.05551732784983,1.80,2013,PDB,False
3zo2,15I,7.096910013008056,1.98,2013,PDB,False
3w2o,03P,5.075720713938118,2.35,2013,PDB,False
4l09,1UR,6.070581074285707,2.05,2013,PDB,False
4b85,B3W,4.055517327849832,2.10,2013,PDB,False
4e90,7RG,8.096910013008056,2.50,2013,PDB,False
4eqc,XR1,8.096910013008056,2.01,2013,PDB,False
4jq8,KJ8,8.096910013008056,2.83,2013,PDB,False
3vzv,VZV,8.036212172654444,2.80,2013,PDB,False
4hg7,NUT,7.045757490560675,1.60,2013,PDB,False
3wi2,P98,7.036212172654444,2.26,2013,PDB,False
4bi2,ZO8,4.026410376572743,3.11,2013,PDB,False
4jpc,1M6,7.026872146400302,1.80,2013,PDB,False
4bfd,8T3,7.017728766960431,2.30,2013,PDB,False
4ie3,1EE,6.008773924307505,2.35,2013,PDB,False
4l7g,1W0,4.0030507515046185,1.38,2013,PDB,False
4mk9,28R,8.045757490560675,2.05,2013,PDB,False
4lop,SB4,8.154901959985743,2.05,2013,PDB,False
4loq,SB4,8.154901959985743,2.32,2013,PDB,False
4avt,GHE,8.05551732784983,3.20,2013,PDB,False
4f7l,0SO,8.0,2.90,2013,PDB,False
4f6w,0SS,7.522878745280337,2.39,2013,PDB,False
3zi0,FM8,7.3979400086720375,1.90,2013,PDB,False
4ly1,20Y,7.2580609222708015,1.57,2013,PDB,False
4i9h,1E4,7.167491087293763,2.17,2013,PDB,False
4f7n,0SV,7.096910013008056,2.65,2013,PDB,False
3zhz,FM7,7.045757490560675,2.25,2013,PDB,False
4k9y,K9Y,6.954677021213342,2.00,2013,PDB,False
4loh,1SY,6.958607314841775,2.25,2013,PDB,False
4bcq,TJF,6.8326826652518236,2.40,2013,PDB,False
4loi,1YC,6.769551078621726,1.89,2013,PDB,False
4lxz,SHH,6.739928612014925,1.85,2013,PDB,False
4lrh,FOL,9.721246399047171,2.80,2013,PDB,False
4lhv,GDP,10.0,1.95,2013,PDB,False
3zhx,FM6,6.6777807052660805,2.00,2013,PDB,False
4iaw,LIZ,9.630784142589857,2.40,2013,PDB,False
4btk,DTQ,6.619788758288394,2.00,2013,PDB,False
4li0,GDP,6.585026652029182,3.30,2013,PDB,False
4iax,LIZ,9.563837352959244,1.90,2013,PDB,False
4iue,AJ4,6.552841968657781,2.38,2013,PDB,False
4nj3,2KD,6.522878745280337,1.85,2013,PDB,False
4gv8,DUP,6.494850021680094,2.10,2013,PDB,False
3zh8,C58,6.467245621007502,2.74,2013,PDB,False
4b7p,9UN,9.460923901207224,1.70,2013,PDB,False
4loj,1SY,6.522878745280337,1.77,2013,PDB,False
4b33,1NP,3.3665315444204134,1.50,2013,PDB,False
4b32,03V,3.337242168318426,1.50,2013,PDB,False
4n6h,EJ4,9.2839966563652,1.80,2013,PDB,False
4f0c,GDS,6.267606240177032,1.90,2013,PDB,False
3zlr,X0B,9.259637310505756,2.03,2013,PDB,False
4b2l,TR7,3.2441251443275085,1.50,2013,PDB,False
4kii,RHL,6.229147988357856,1.85,2013,PDB,False
4e1k,0N5,6.301029995663981,2.00,2013,PDB,False
4bqg,50Q,6.221848749616356,1.90,2013,PDB,False
4f6u,0SR,6.154901959985743,2.10,2013,PDB,False
4b34,ABV,3.136677139879544,1.55,2013,PDB,False
4kao,KAO,6.113509274827519,2.39,2013,PDB,False
4km0,CP6,6.040958607678906,1.30,2013,PDB,False
4b2i,LZ1,3.0,1.30,2013,PDB,False
4kne,1CY,5.8996294548824375,2.00,2013,PDB,False
4b35,4ME,2.886056647693163,1.40,2013,PDB,False
3zos,0LI,8.886056647693163,1.92,2013,PDB,False
4hva,4HV,5.886056647693163,2.07,2013,PDB,False
4km2,TOP,5.844663962534939,1.40,2013,PDB,False
4ksp,1SU,8.795880017344075,2.93,2013,PDB,False
4f70,0ST,5.739928612014925,3.00,2013,PDB,False
4i60,B1R,5.728158393463501,2.50,2013,PDB,False
4bkj,STI,8.721246399047171,1.70,2013,PDB,False
4br3,U85,5.721246399047171,2.20,2013,PDB,False
4i9o,KI1,5.721246399047171,2.00,2013,PDB,False
4knm,E1E,8.0,1.90,2013,PDB,False
4bcs,BTN,6.987162775294828,1.80,2013,PDB,False
4i7l,IPH,3.987162775294828,1.52,2013,PDB,False
4ht0,V50,8.0,1.60,2013,PDB,False
4knj,E1F,7.954677021213342,2.00,2013,PDB,False
4lbp,1WG,4.943095148663527,1.87,2013,PDB,False
4igt,3ZA,7.892790030352131,1.24,2013,PDB,False
3w5n,RAM,3.869666231504994,1.80,2013,PDB,False
4ijl,1EK,3.869666231504994,1.70,2013,PDB,False
4i9u,1E7,3.8632794328435933,2.50,2013,PDB,False
4luv,1XS,2.853871964321762,1.40,2013,PDB,False
4k3h,1OM,6.853871964321762,2.45,2013,PDB,False
4ieh,1E9,7.853871964321762,2.10,2013,PDB,False
4j7e,I29,4.853871964321762,1.63,2013,PDB,False
4c1m,NIH,7.801342913045577,2.00,2013,PDB,False
4as9,4QS,4.787812395596042,2.71,2013,PDB,False
4kni,E1E,7.777283528852417,1.80,2013,PDB,False
4knn,E1F,7.777283528852417,1.40,2013,PDB,False
4bqt,C5E,5.785156151952302,2.88,2013,PDB,False
4j3l,AJ5,7.795880017344075,2.09,2013,PDB,False
4kax,GTP,4.769551078621726,1.85,2013,PDB,False
4ayu,N8P,4.730487055782084,1.50,2013,PDB,False
4f9y,LM3,6.735182176990463,1.85,2013,PDB,False
4kby,C2E,6.730487055782084,2.36,2013,PDB,False
4j22,AJ7,7.7447274948966935,2.12,2013,PDB,False
4ih6,1EP,4.7447274948966935,2.20,2013,PDB,False
4bb9,F1P,6.0,1.47,2013,PDB,False
4b3c,5H1,2.6777807052660805,1.90,2013,PDB,False
4b3d,5MI,2.6777807052660805,1.59,2013,PDB,False
4jn2,4CC,11.67778070526608,1.71,2013,PDB,False
4gs9,0XB,5.657577319177793,1.72,2013,PDB,False
4i8x,6P3,2.638272163982407,2.23,2013,PDB,False
4lno,GLN,2.619788758288394,2.90,2013,PDB,False
4jx9,URI,8.619788758288394,1.40,2013,PDB,False
4lar,1WE,4.684029654543083,2.38,2013,PDB,False
4j7d,I31,4.698970004336019,1.25,2013,PDB,False
4j93,1JR,4.698970004336019,1.74,2013,PDB,False
4luz,1XT,4.698970004336019,1.90,2013,PDB,False
4jv6,18F,6.66354026615147,1.87,2013,PDB,False
4izm,ASP,6.657577319177793,4.50,2013,PDB,False
3vws,VWS,3.6478174818886373,2.10,2013,PDB,False
4jal,SAH,4.6020599913279625,2.00,2013,PDB,False
3wb5,0B4,4.5718652059712115,2.50,2013,PDB,False
4j74,I18,4.585026652029182,1.20,2013,PDB,False
4ht2,V50,6.5376020021010435,1.45,2013,PDB,False
4hu1,V13,7.5376020021010435,1.95,2013,PDB,False
4k55,H6P,5.51427857351842,1.91,2013,PDB,False
4nk9,2K5,8.508638306165727,2.57,2013,PDB,False
4f6s,0SQ,5.489454989793388,2.60,2013,PDB,False
3zln,H0Y,8.468521082957745,2.29,2013,PDB,False
4n7j,2GQ,5.468521082957745,1.67,2013,PDB,False
4n7m,2GQ,5.468521082957745,2.12,2013,PDB,False
4ksy,1SY,8.421360790031928,1.88,2013,PDB,False
4g93,0YP,3.5228787452803374,4.20,2013,PDB,False
4nka,2K7,6.5066813917678985,2.19,2013,PDB,False
4i7p,ES3,3.4989407377822483,1.60,2013,PDB,False
4avs,N7P,3.492144128304169,1.40,2013,PDB,False
4kp8,E1G,5.47755576649368,1.80,2013,PDB,False
3wb4,0B3,4.436518914605589,2.25,2013,PDB,False
4ge1,TSS,6.431798275933005,2.15,2013,PDB,False
4kcx,1QK,4.431798275933005,2.00,2013,PDB,False
3zm9,QMQ,7.42021640338319,1.90,2013,PDB,False
4j21,AJ6,7.4089353929735005,1.93,2013,PDB,False
4btm,F8E,5.3872161432802645,2.54,2013,PDB,False
4k19,1OD,8.356547323513812,2.74,2013,PDB,False
4jwk,CTN,8.319664486585436,1.87,2013,PDB,False
4gu9,4GU,4.366531544420414,2.40,2013,PDB,False
4gu6,10N,7.356547323513812,1.95,2013,PDB,False
4nbn,2J7,4.356547323513813,1.75,2013,PDB,False
4ayq,MVL,7.327902142064283,1.10,2013,PDB,False
4ijh,1EJ,4.327902142064283,1.50,2013,PDB,False
4i7j,BNZ,3.318758762624413,1.67,2013,PDB,False
4e70,N7I,5.279014255846261,1.61,2013,PDB,False
4lp6,Q4I,8.27083521030723,2.15,2013,PDB,False
4f7j,0SU,5.235077015350112,2.60,2013,PDB,False
4kfq,KFQ,8.232102383981909,2.20,2013,PDB,False
4gue,QCT,5.236572006437063,1.80,2013,PDB,False
4ih7,1ER,5.236572006437063,2.30,2013,PDB,False
4luo,1DZ,3.2365720064370627,1.54,2013,PDB,False
4k5y,1Q5,8.173925197299173,2.98,2013,PDB,False
4n5d,2FQ,3.2168113089247425,2.06,2013,PDB,False
4gny,SDS,4.221848749616356,1.64,2013,PDB,False
4igr,3ZA,7.200659450546418,2.65,2013,PDB,False
4nra,2LW,4.187086643357144,1.85,2013,PDB,False
4nks,2M2,7.168130225719498,2.50,2013,PDB,False
4jkw,IPE,4.1555228242543185,2.01,2013,PDB,False
4lw1,1XS,3.1487416512809245,1.63,2013,PDB,False
4i7m,2LP,4.142667503568732,1.48,2013,PDB,False
4kzq,DFL,6.103473782510445,2.25,2013,PDB,False
4ih5,12R,4.107905397309519,1.90,2013,PDB,False
4loo,SB4,8.154901959985743,1.95,2013,PDB,False
4ly9,1YY,8.154901959985743,2.35,2013,PDB,False
4ghi,0X3,7.0915149811213505,1.50,2013,PDB,False
4kp5,E1F,6.079354998593212,1.45,2013,PDB,False
4i7k,MBN,3.0433514207947967,1.72,2013,PDB,False
4kab,4KA,4.031517051446065,2.71,2013,PDB,False
4k8a,K8A,4.022276394711152,2.91,2013,PDB,False
4ayr,IFL,7.00436480540245,1.10,2013,PDB,False
4k1b,1OC,11.522878745280337,2.08,2013,PDB,False
4gih,0X5,8.318758762624412,2.00,2013,PDB,False
4kb9,G79,11.0,1.29,2013,PDB,False
4gmy,0X5,7.552841968657781,2.40,2013,PDB,False
4fxy,0W2,7.5376020021010435,2.80,2013,PDB,False
4lmn,EUI,10.301029995663981,2.80,2013,PDB,False
4gfm,0X2,7.221848749616356,2.30,2013,PDB,False
4bny,36I,7.096910013008056,1.80,2013,PDB,False
4hvb,19P,9.954677021213342,2.35,2013,PDB,False
4bcm,T7Z,6.910094888560602,2.45,2013,PDB,False
4bco,T6Q,6.882728704344236,2.05,2013,PDB,False
2yol,EBN,6.886056647693163,3.20,2013,PDB,False
4ew3,DXZ,6.7447274948966935,1.70,2013,PDB,False
4ivc,1J6,10.0,2.35,2013,PDB,False
4ew2,DXY,6.6777807052660805,1.60,2013,PDB,False
4gfo,0X2,6.619788758288394,2.30,2013,PDB,False
4gql,R47,9.585026652029182,1.15,2013,PDB,False
4gr0,R4B,9.55284196865778,1.50,2013,PDB,False
4ivd,15T,9.522878745280337,1.93,2013,PDB,False
4ks2,1SJ,9.337242168318426,2.60,2013,PDB,False
4hev,AXM,6.337242168318426,2.50,2013,PDB,False
4jfw,H58,6.337242168318426,2.10,2013,PDB,False
4mss,2CZ,6.3979400086720375,1.80,2013,PDB,False
4jfv,H57,6.2839966563652006,1.88,2013,PDB,False
3v0p,4GW,6.275724130399211,1.90,2013,PDB,False
4jia,1K3,9.221848749616356,1.85,2013,PDB,False
4mdn,Y30,6.221848749616356,1.91,2013,PDB,False
4mf1,29Y,9.154901959985743,2.11,2013,PDB,False
4hws,1B3,9.096910013008056,1.70,2013,PDB,False
4i72,UA2,9.045757490560675,2.05,2013,PDB,False
4hxz,19Y,6.045757490560675,2.70,2013,PDB,False
4k18,1OB,8.958607314841775,2.05,2013,PDB,False
4hz5,19Y,5.920818753952375,2.70,2013,PDB,False
4kyh,ZST,5.920818753952375,2.50,2013,PDB,False
4mdq,28W,5.920818753952375,2.12,2013,PDB,False
4iu0,ABH,5.886056647693163,1.77,2013,PDB,False
4gj3,0XP,8.853871964321762,2.50,2013,PDB,False
4i5c,C5I,8.823908740944319,2.10,2013,PDB,False
4ks1,2H8,8.823908740944319,2.20,2013,PDB,False
4m0f,1YK,8.769551078621726,2.30,2013,PDB,False
4gii,0X6,8.744727494896694,2.31,2013,PDB,False
4ish,1GE,8.721246399047171,1.82,2013,PDB,False
4ivb,1J5,8.721246399047171,1.90,2013,PDB,False
3zcl,5TF,7.995678626217358,1.40,2013,PDB,False
4mo8,2VQ,7.995678626217358,1.85,2013,PDB,False
4k5o,1OT,3.9829666607012197,1.90,2013,PDB,False
4jyu,1OK,8.0,1.80,2013,PDB,False
3ufa,VPF,5.0,1.80,2013,PDB,False
4f9w,LM4,6.943095148663527,2.00,2013,PDB,False
4bcj,T9N,7.958607314841775,3.16,2013,PDB,False
4k3n,1OT,7.958607314841775,2.00,2013,PDB,False
2yoh,WMJ,4.958607314841775,1.60,2013,PDB,False
4k5l,19N,4.958607314841775,1.91,2013,PDB,False
4i8w,G07,10.896196279044043,1.96,2013,PDB,False
4k5n,1OU,3.896196279044043,1.91,2013,PDB,False
4bcn,T9N,7.920818753952375,2.10,2013,PDB,False
4ks5,1SO,6.886056647693163,2.70,2013,PDB,False
4mjp,27O,3.8827287043442356,1.85,2013,PDB,False
4gr8,R4C,7.8326826652518236,1.30,2013,PDB,False
4gr3,R45,7.809668301829708,1.49,2013,PDB,False
4m48,21B,6.806875401645538,2.96,2013,PDB,False
4k0y,1OA,7.823908740944319,1.95,2013,PDB,False
4n6z,2HW,7.795880017344075,2.20,2013,PDB,False
4hla,017,10.795880017344075,1.95,2013,PDB,False
4hwp,X16,7.764471553092451,1.81,2013,PDB,False
4jyv,1OJ,7.769551078621726,2.19,2013,PDB,False
4hwr,1B2,6.739928612014925,1.90,2013,PDB,False
4i71,AGV,7.7447274948966935,1.28,2013,PDB,False
4kyk,IMN,4.7447274948966935,2.00,2013,PDB,False
4i73,MBY,6.721246399047171,2.18,2013,PDB,False
4i74,MBY,6.721246399047171,1.68,2013,PDB,False
4k5m,1OV,3.714442690992226,1.75,2013,PDB,False
4mjq,27R,3.714442690992226,1.73,2013,PDB,False
4n70,2HX,12.0,2.10,2013,PDB,False
4kp0,KPK,8.649751981665837,2.80,2013,PDB,False
4gj2,0XH,8.602059991327963,2.40,2013,PDB,False
4hwo,409,8.537602002101044,1.91,2013,PDB,False
4n99,2J1,3.6655462488490693,2.30,2013,PDB,False
3zpr,3WC,6.649751981665837,2.70,2013,PDB,False
4bch,T7Z,7.657577319177793,2.96,2013,PDB,False
4hzm,1BW,4.634512015109101,1.45,2013,PDB,False
4k77,1Q4,6.628932137728263,2.40,2013,PDB,False
4bds,THA,7.6020599913279625,2.10,2013,PDB,False
2yof,74W,4.6020599913279625,1.82,2013,PDB,False
4n98,4FC,3.552841968657781,1.70,2013,PDB,False
4mjr,0LA,3.54821356447571,1.62,2013,PDB,False
4u7v,3EN,5.494850021680094,1.38,2015,PDB,False
4x8u,3ZB,2.4559319556497243,2.10,2015,PDB,False
4zae,4M1,8.443697499232712,1.86,2015,PDB,False
4y8x,4GR,8.431798275933005,1.90,2015,PDB,False
4u6z,Q07,5.4089353929735005,1.80,2015,PDB,False
5byi,4WA,7.512861624522813,1.15,2015,PDB,False
5edr,5N4,7.464705879957229,2.60,2015,PDB,False
4qf9,35K,4.430626090384954,2.28,2015,PDB,False
4ykj,ALA,4.431798275933005,1.40,2015,PDB,False
4wa9,AXI,8.42021640338319,2.20,2015,PDB,False
4ufh,GIF,6.42021640338319,2.16,2015,PDB,False
5cao,4ZG,7.42021640338319,2.60,2015,PDB,False
4u3f,Y52,8.387216143280265,3.23,2015,PDB,False
4ye3,G04,8.366531544420413,1.35,2015,PDB,False
4yml,4F0,8.346787486224656,1.75,2015,PDB,False
4yx9,4HY,5.346787486224656,1.75,2015,PDB,False
4z1k,4KB,8.327902142064282,1.35,2015,PDB,False
5c2a,4Y2,8.318758762624412,2.00,2015,PDB,False
4u1b,Q08,5.309803919971486,1.89,2015,PDB,False
4zxy,4T1,6.3979400086720375,2.06,2015,PDB,False
4z83,4L7,7.3979400086720375,1.80,2015,PDB,False
5fl6,Y0R,7.360513510731414,1.95,2015,PDB,False
4xx4,70Y,7.356547323513812,2.40,2015,PDB,False
5bms,4T6,6.341988603342887,2.90,2015,PDB,False
4q1y,017,10.346787486224656,1.50,2015,PDB,False
4y0a,SKM,2.305394801066431,1.91,2015,PDB,False
4rfc,3O1,8.244125144327509,1.65,2015,PDB,False
4z1e,DF5,8.244125144327509,2.01,2015,PDB,False
4x6m,3Y3,8.236572006437063,2.40,2015,PDB,False
4riu,3QR,7.301029995663981,1.65,2015,PDB,False
5cap,4ZH,7.2839966563652006,2.40,2015,PDB,False
4ufj,IF7,4.2839966563652006,2.20,2015,PDB,False
4wcf,3KN,4.275724130399211,1.93,2015,PDB,False
4u69,Q07,4.261219441515631,1.60,2015,PDB,False
4xit,40Z,7.267606240177032,1.86,2015,PDB,False
4xx3,70X,7.251811972993799,2.40,2015,PDB,False
5e13,5J9,4.238072161579471,1.34,2015,PDB,False
4x6p,3YU,8.301029995663981,1.93,2015,PDB,False
4zy6,4T6,8.301029995663981,2.15,2015,PDB,False
5bwb,4VV,5.301029995663981,2.57,2015,PDB,False
5amg,IW7,8.221848749616356,1.55,2015,PDB,False
4u71,Q03,5.221848749616356,1.80,2015,PDB,False
5fl5,82E,8.193820026016112,2.05,2015,PDB,False
4u73,Q02,5.180456064458132,1.80,2015,PDB,False
4z0q,4K9,8.167491087293763,1.45,2015,PDB,False
4u6w,Q08,4.212539525481585,1.83,2015,PDB,False
4ufi,AGK,6.200659450546418,2.40,2015,PDB,False
5c8m,4YW,7.1938200260161125,2.90,2015,PDB,False
5dwr,5H7,11.221848749616356,2.00,2015,PDB,False
4qrh,0O2,5.154901959985743,1.65,2015,PDB,False
4z1j,4KC,8.113509274827518,1.27,2015,PDB,False
4cr5,0TU,4.154901959985743,2.00,2015,PDB,False
4xaq,40F,7.144480844332199,2.21,2015,PDB,False
4zx1,5L3,6.139661993429006,1.50,2015,PDB,False
4wov,3SM,7.142667503568731,1.80,2015,PDB,False
4yc0,5OF,4.130768280269024,1.50,2015,PDB,False
4xe1,IL5,7.111820506081675,1.80,2015,PDB,False
4q1x,017,11.154901959985743,1.90,2015,PDB,False
5c2h,4XU,11.086186147616283,2.09,2015,PDB,False
4wxi,3VM,8.075720713938118,2.60,2015,PDB,False
4x3r,686,11.065501548756432,1.86,2015,PDB,False
5c1w,4XS,5.060480747381382,1.70,2015,PDB,False
4rfd,3O5,8.050609993355087,1.63,2015,PDB,False
4cr9,OTW,4.096910013008056,1.70,2015,PDB,False
5e2r,520,7.064492734175287,1.60,2015,PDB,False
4xiq,40Y,7.0655015487564325,1.84,2015,PDB,False
5c29,4XY,6.055517327849832,2.05,2015,PDB,False
5abe,XQO,3.050609993355087,2.00,2015,PDB,False
4zxx,4T0,8.096910013008056,2.60,2015,PDB,False
4rkx,3S9,5.096910013008056,1.59,2015,PDB,False
4zz2,3YG,8.040958607678906,1.45,2015,PDB,False
4u70,Q04,5.022276394711152,1.60,2015,PDB,False
4yes,45S,8.017728766960431,1.50,2015,PDB,False
4u6c,Q06,5.00436480540245,1.91,2015,PDB,False
4rfm,3P6,10.045757490560675,2.10,2015,PDB,False
5abg,V0N,8.045757490560675,2.00,2015,PDB,False
4yzu,4K6,5.045757490560675,1.41,2015,PDB,False
5jau,6HU,8.853871964321762,1.95,2016,PDB,False
5k0i,6PW,8.698970004336019,1.30,2016,PDB,False
5hln,65C,11.522878745280337,3.10,2016,PDB,False
5fqc,OK3,8.522878745280337,1.45,2016,PDB,False
5jyo,63J,8.522878745280337,2.10,2016,PDB,False
5e91,5L4,8.397940008672037,2.42,2016,PDB,False
5jog,6LT,8.236572006437063,2.46,2016,PDB,False
5k0s,0OU,8.221848749616356,2.45,2016,PDB,False
5lgo,6VZ,8.221848749616356,1.12,2016,PDB,False
5hmh,62R,8.154901959985743,1.79,2016,PDB,False
5tkd,7GL,8.154901959985743,1.92,2016,PDB,False
5ei8,5OE,8.096910013008056,2.17,2016,PDB,False
5czb,55W,8.00436480540245,1.96,2016,PDB,False
5fxs,OZN,8.045757490560675,1.90,2016,PDB,False
5iha,6BE,8.045757490560675,1.96,2016,PDB,False
5ftq,U4W,8.0,1.70,2016,PDB,False
5hex,604,8.0,2.73,2016,PDB,False
5ji6,6KN,7.958607314841775,2.15,2016,PDB,False
5g3n,X28,7.920818753952375,1.80,2016,PDB,False
5kjk,6T1,7.920818753952375,1.93,2016,PDB,False
5fwj,MMK,7.886056647693163,2.10,2016,PDB,False
5hkm,61Y,7.886056647693163,2.10,2016,PDB,False
5ihc,6BB,7.886056647693163,2.14,2016,PDB,False
5kit,6TA,7.886056647693163,1.60,2016,PDB,False
5tkb,7DJ,7.886056647693163,2.16,2016,PDB,False
5e90,5L4,7.853871964321762,2.05,2016,PDB,False
5fxq,GD5,7.853871964321762,2.30,2016,PDB,False
5hmi,62T,7.823908740944319,1.74,2016,PDB,False
5iu2,6DA,7.795880017344075,2.70,2016,PDB,False
5jjr,68E,7.795880017344075,1.99,2016,PDB,False
5fp0,SZC,7.769551078621726,2.35,2016,PDB,False
5kjn,6TL,7.769551078621726,2.72,2016,PDB,False
5eh0,5NW,7.7447274948966935,2.18,2016,PDB,False
5i2r,67A,7.721246399047171,2.50,2016,PDB,False
5lh8,6WH,7.721246399047171,1.54,2016,PDB,False
5b0x,HCK,7.698970004336019,2.30,2016,PDB,False
5t68,77V,7.638272163982407,2.93,2016,PDB,False
5fun,GZA,7.585026652029182,2.30,2016,PDB,False
4wnm,3RT,7.585026652029182,2.50,2016,PDB,False
5dri,5EQ,7.698970004336019,2.80,2016,PDB,False
5ktx,6XH,7.698970004336019,1.27,2016,PDB,False
5i89,69B,7.481486060122113,1.07,2016,PDB,False
5aeh,8IR,7.431798275933005,1.85,2016,PDB,False
5fxr,8LN,7.42021640338319,2.40,2016,PDB,False
5hls,62G,7.4089353929735005,2.18,2016,PDB,False
5ktw,6XG,7.522878745280337,1.09,2016,PDB,False
5j1v,6FD,7.3872161432802645,2.52,2016,PDB,False
5byz,4WE,7.376750709602099,1.65,2016,PDB,False
5g3w,C65,7.376750709602099,1.60,2016,PDB,False
5ei2,5O7,7.337242168318426,2.67,2016,PDB,False
5jjs,6L2,7.318758762624412,1.65,2016,PDB,False
5hmk,62Q,7.3979400086720375,2.17,2016,PDB,False
5li3,9RB,7.275724130399211,2.40,2016,PDB,False
5hlp,65A,7.267606240177032,2.45,2016,PDB,False
5eth,5RT,7.251811972993799,2.80,2016,PDB,False
5jo0,L56,7.301029995663981,1.80,2016,PDB,False
5k4l,6QN,7.301029995663981,3.18,2016,PDB,False
5hzn,66A,7.214670164989233,2.20,2016,PDB,False
5jmp,LC7,7.173925197299173,1.70,2016,PDB,False
5k0j,6P2,7.1249387366083,1.94,2016,PDB,False
5dw1,5GD,7.096910013008056,1.55,2016,PDB,False
5f3i,5UJ,7.096910013008056,2.24,2016,PDB,False
5bns,4VM,7.022276394711152,2.20,2016,PDB,False
5byy,4WG,7.008773924307505,2.79,2016,PDB,False
5ei6,5OQ,7.00436480540245,2.01,2016,PDB,False
5jyp,ZBS,7.0,2.74,2016,PDB,False
5i8b,69F,6.958607314841775,1.52,2016,PDB,False
5f3g,5UL,6.8996294548824375,2.50,2016,PDB,False
5f2f,5U7,6.920818753952375,1.67,2016,PDB,False
5jbi,6J8,6.920818753952375,1.70,2016,PDB,False
5lz9,7BR,6.920818753952375,2.06,2016,PDB,False
5f3e,5UO,6.860120913598763,2.16,2016,PDB,False
5jic,N7E,6.886056647693163,1.40,2016,PDB,False
5he2,F0S,6.886056647693163,2.79,2016,PDB,False
5hfu,603,6.886056647693163,2.92,2016,PDB,False
5g1c,9RB,6.853871964321762,1.81,2016,PDB,False
5eud,5S6,6.823908740944319,2.24,2016,PDB,False
5he0,453,6.823908740944319,2.56,2016,PDB,False
5jc1,6JB,6.823908740944319,1.65,2016,PDB,False
5kr8,6WE,6.823908740944319,2.12,2016,PDB,False
5dy5,5GR,6.787812395596042,1.95,2016,PDB,False
5jmw,L50,6.756961951313706,1.55,2016,PDB,False
5a8y,VBM,9.769551078621726,1.90,2016,PDB,False
5ecv,5M2,6.769551078621726,2.09,2016,PDB,False
5eue,5S5,6.769551078621726,2.83,2016,PDB,False
5ih8,6BJ,6.7447274948966935,1.85,2016,PDB,False
5enh,5QB,3.721246399047171,1.95,2016,PDB,False
5j1w,6FB,6.721246399047171,2.42,2016,PDB,False
5hx8,66P,10.0,2.20,2016,PDB,False
5kzi,6YN,10.0,2.10,2016,PDB,False
5ejv,444,6.690369832574102,2.58,2016,PDB,False
5jat,6HR,6.638272163982407,2.04,2016,PDB,False
5jap,6HZ,6.638272163982407,2.46,2016,PDB,False
5eob,5QQ,9.619788758288394,1.75,2016,PDB,False
5m55,7GG,6.619788758288394,2.40,2016,PDB,False
5lma,6ZG,6.6020599913279625,1.43,2016,PDB,False
5itd,6CY,6.581698708680254,3.02,2016,PDB,False
5enf,5Q7,3.5686362358410126,1.37,2016,PDB,False
5fbn,5WF,9.568636235841012,1.80,2016,PDB,False
5jnl,L54,6.568636235841013,1.60,2016,PDB,False
5he3,FF1,6.552841968657781,2.74,2016,PDB,False
5he1,ZS2,6.552841968657781,3.15,2016,PDB,False
5jaz,LC5,6.552841968657781,1.40,2016,PDB,False
5hk9,64O,6.537602002101044,1.80,2016,PDB,False
5lsy,76M,6.537602002101044,1.62,2016,PDB,False
5ke0,6S9,9.698970004336019,1.68,2016,PDB,False
5f2s,5TZ,6.698970004336019,2.08,2016,PDB,False
5i5x,68C,6.698970004336019,1.65,2016,PDB,False
5fbo,5WH,9.508638306165727,1.89,2016,PDB,False
5kqf,6WD,6.508638306165727,1.98,2016,PDB,False
5hka,64N,6.455931955649724,2.05,2016,PDB,False
5k4x,6Q9,6.42021640338319,1.37,2016,PDB,False
5edi,5M9,9.522878745280337,2.20,2016,PDB,False
5eol,5QO,9.522878745280337,2.20,2016,PDB,False
5fcw,5YA,6.522878745280337,1.98,2016,PDB,False
5fqb,OK3,6.522878745280337,1.90,2016,PDB,False
5t4b,75N,9.3767507096021,1.76,2016,PDB,False
5b5b,AKX,9.366531544420413,2.00,2016,PDB,False
5k5e,6QS,6.3535962737769305,2.80,2016,PDB,False
5hm0,62V,6.356547323513813,1.40,2016,PDB,False
5b4k,6DT,9.337242168318426,2.90,2016,PDB,False
5f9e,5VS,9.337242168318426,2.00,2016,PDB,False
5elz,3V9,6.337242168318426,1.80,2016,PDB,False
4ztq,4RM,6.318758762624412,2.80,2016,PDB,False
5lss,76H,6.309803919971486,1.79,2016,PDB,False
5a4e,7QQ,6.3979400086720375,2.68,2016,PDB,False
5dgm,59Z,6.3979400086720375,2.86,2016,PDB,False
5bnr,4VL,6.275724130399211,1.89,2016,PDB,False
5i86,69A,6.275724130399211,1.05,2016,PDB,False
5fpu,K0I,6.259637310505756,2.24,2016,PDB,False
4z22,4KG,6.2441251443275085,2.62,2016,PDB,False
5koq,6VR,9.236572006437063,2.70,2016,PDB,False
5ene,5Q8,3.2291479883578558,1.49,2016,PDB,False
5dcz,59B,9.301029995663981,2.23,2016,PDB,False
5eak,24R,9.301029995663981,2.80,2016,PDB,False
5hmy,LNY,6.301029995663981,2.10,2016,PDB,False
5ih5,AUE,6.301029995663981,2.25,2016,PDB,False
5kqd,PKZ,6.301029995663981,2.60,2016,PDB,False
5ktu,6XB,6.2076083105017466,1.38,2016,PDB,False
5m53,7GJ,6.2076083105017466,1.90,2016,PDB,False
4wn0,G3P,3.2218487496163566,2.20,2016,PDB,False
4yht,4EF,9.221848749616356,3.05,2016,PDB,False
5b4l,6DW,9.119186407719209,2.40,2016,PDB,False
5lxp,7AG,6.119186407719209,2.07,2016,PDB,False
5enb,5Q5,3.1079053973095196,1.73,2016,PDB,False
5ism,6DG,9.154901959985743,2.00,2016,PDB,False
5a54,5PW,6.154901959985743,2.63,2016,PDB,False
5fah,5VT,6.154901959985743,1.10,2016,PDB,False
5ehy,5O4,6.0915149811213505,2.26,2016,PDB,False
5k0f,6P1,6.0655015487564325,1.81,2016,PDB,False
5ivt,6EE,9.096910013008056,1.15,2016,PDB,False
5a3x,QIV,6.096910013008056,2.26,2016,PDB,False
5bqi,4UL,9.045757490560675,1.88,2016,PDB,False
5i5z,68U,9.045757490560675,2.60,2016,PDB,False
5f3c,5U8,6.045757490560675,2.06,2016,PDB,False
5j4y,6JG,6.045757490560675,2.59,2016,PDB,False
5k0b,6PS,6.045757490560675,2.36,2016,PDB,False
5drc,5ER,5.978810700930062,2.18,2016,PDB,False
5k09,6PQ,6.0,2.70,2016,PDB,False
5ho8,63E,5.958607314841775,2.70,2016,PDB,False
5joh,6M3,5.958607314841775,1.99,2016,PDB,False
5k0c,6OZ,5.958607314841775,1.95,2016,PDB,False
5e8z,5L4,5.905528871358356,1.51,2016,PDB,False
5ax3,5ID,5.920818753952375,2.98,2016,PDB,False
5cuq,NSC,5.920818753952375,1.70,2016,PDB,False
5lsx,76O,5.920818753952375,2.90,2016,PDB,False
5trj,7HO,5.920818753952375,2.57,2016,PDB,False
5a4t,AJG,5.886056647693163,2.15,2016,PDB,False
5j4v,6JH,5.853871964321762,2.94,2016,PDB,False
5kos,6VS,8.823908740944319,2.41,2016,PDB,False
5k0t,415,5.780677491580663,2.60,2016,PDB,False
5fgk,5XG,8.769551078621726,2.36,2016,PDB,False
5i7u,6AJ,8.769551078621726,1.95,2016,PDB,False
5f37,N5J,5.769551078621726,2.22,2016,PDB,False
5jas,6HW,5.769551078621726,2.06,2016,PDB,False
4xuh,SFI,5.728158393463501,2.22,2016,PDB,False
5duf,G7A,5.7447274948966935,1.50,2016,PDB,False
5ieg,6A9,5.7447274948966935,1.82,2016,PDB,False
5dlv,5D5,4.982966660701219,2.00,2016,PDB,False
5lxc,7AA,7.966576244513051,2.15,2016,PDB,False
5kbq,IPV,7.0,2.58,2016,PDB,False
5jim,P8S,3.987162775294828,1.26,2016,PDB,False
5f2w,5UP,3.9821322810364945,2.60,2016,PDB,False
5jdc,6JP,3.9821322810364945,1.78,2016,PDB,False
5jzn,GUI,5.964970717797632,2.85,2016,PDB,False
4ufu,2ZI,8.0,2.10,2016,PDB,False
5ceh,50P,8.0,3.14,2016,PDB,False
5dsx,5EW,8.0,2.41,2016,PDB,False
5hx6,65U,8.0,2.23,2016,PDB,False
5lj0,6XX,8.0,1.82,2016,PDB,False
5t4f,75M,8.0,1.90,2016,PDB,False
5lj2,6XW,5.0,1.19,2016,PDB,False
5iee,NOJ,4.943095148663527,1.92,2016,PDB,False
5f32,5V7,4.939302159646388,2.05,2016,PDB,False
5j5t,6G2,6.958607314841775,2.85,2016,PDB,False
5i59,67Q,6.950781977329818,2.25,2016,PDB,False
5i58,67R,6.924453038607469,2.52,2016,PDB,False
4q15,HFG,7.958607314841775,2.35,2016,PDB,False
5jgd,6KD,7.958607314841775,3.10,2016,PDB,False
5k05,6P5,4.958607314841775,2.14,2016,PDB,False
5sxn,74U,4.958607314841775,2.10,2016,PDB,False
5sy2,74V,4.958607314841775,2.25,2016,PDB,False
5ghv,X5G,7.91721462968355,2.80,2016,PDB,False
5i12,H27,5.920818753952375,1.59,2016,PDB,False
5b1s,BSX,3.906578314837765,1.58,2016,PDB,False
5dv2,C5P,2.9030899869919438,2.07,2016,PDB,False
5db3,58Q,7.920818753952375,1.71,2016,PDB,False
5ewm,5SM,7.920818753952375,2.76,2016,PDB,False
5ehp,5OA,4.920818753952375,1.85,2016,PDB,False
5m57,4SP,4.920818753952375,2.30,2016,PDB,False
5i40,67N,4.863279432843593,1.04,2016,PDB,False
5ewj,QEL,6.886056647693163,2.77,2016,PDB,False
5kde,6RT,3.886056647693163,2.65,2016,PDB,False
4ui3,06R,6.876148359032914,2.00,2016,PDB,False
5dtq,5F6,3.856985199745905,2.61,2016,PDB,False
5emk,5QH,7.886056647693163,2.52,2016,PDB,False
5jgb,6JV,7.886056647693163,2.80,2016,PDB,False
5t1a,VT5,7.886056647693163,2.81,2016,PDB,False
5tt7,7KF,7.886056647693163,1.77,2016,PDB,False
5ku3,6XH,4.886056647693163,1.14,2016,PDB,False
5ezz,5T6,6.838631997765025,2.10,2016,PDB,False
5khx,6TE,7.853871964321762,2.40,2016,PDB,False
5fbe,5W5,4.853871964321762,1.43,2016,PDB,False
5lyy,7BJ,4.853871964321762,2.17,2016,PDB,False
5bpp,A4Z,4.799696817018415,2.03,2016,PDB,False
5lmb,6ZF,7.801342913045577,1.95,2016,PDB,False
5dt2,5EV,6.823908740944319,2.30,2016,PDB,False
5j75,6GQ,6.823908740944319,2.00,2016,PDB,False
5tjx,GBT,6.815308569182402,1.41,2016,PDB,False
5eko,N17,4.8017554137717635,2.00,2016,PDB,False
5l72,6PF,6.801342913045577,3.06,2016,PDB,False
5lg3,Z80,3.8013429130455774,3.57,2016,PDB,False
5bnm,4VK,4.823908740944319,1.70,2016,PDB,False
5kgw,7SK,4.79317412396815,2.34,2016,PDB,False
5fwa,J7C,4.787812395596042,1.80,2016,PDB,False
5fqt,7QN,6.795880017344075,2.00,2016,PDB,False
4ui5,BJ4,6.777283528852417,1.65,2016,PDB,False
5jrq,6N9,6.772113295386326,2.29,2016,PDB,False
5kgx,7SK,4.795880017344075,2.67,2016,PDB,False
5hvy,66X,7.7594507517174005,2.39,2016,PDB,False
5bqg,4UJ,4.7594507517174005,1.44,2016,PDB,False
5jid,8PF,3.7569619513137056,1.20,2016,PDB,False
5l4h,6JW,3.7520267336381936,3.30,2016,PDB,False
5lwn,79R,7.769551078621726,1.60,2016,PDB,False
5ho7,63L,4.769551078621726,3.00,2016,PDB,False
5dgj,V64,4.732828271596986,1.00,2016,PDB,False
5a7c,5D4,3.744727494896694,1.90,2016,PDB,False
5emm,5QL,7.7447274948966935,2.37,2016,PDB,False
5i0l,H27,7.7447274948966935,2.45,2016,PDB,False
5fum,SOF,4.7447274948966935,2.50,2016,PDB,False
5kls,6UC,6.7121982700697735,3.30,2016,PDB,False
5fqp,GQD,7.721246399047171,1.88,2016,PDB,False
5j3s,6FQ,7.721246399047171,3.40,2016,PDB,False
5m51,NU6,4.721246399047171,1.90,2016,PDB,False
5eyd,5T1,9.0,1.85,2016,PDB,False
5adq,A95,5.696803942579511,2.10,2016,PDB,False
5k5s,TRP,2.6903698325741012,2.60,2016,PDB,False
5ans,RX8,5.686976889676762,1.60,2016,PDB,False
5jar,6HV,5.698970004336019,2.11,2016,PDB,False
5ads,QNS,5.667561540084395,1.80,2016,PDB,False
5f1z,5U3,8.67778070526608,2.65,2016,PDB,False
5adt,1TC,5.651695136951839,2.15,2016,PDB,False
5f4n,5UY,8.657577319177793,1.91,2016,PDB,False
5g3m,9JH,5.657577319177793,1.85,2016,PDB,False
5hbe,5Y6,8.638272163982407,2.38,2016,PDB,False
5hbj,5Y8,8.638272163982407,3.00,2016,PDB,False
5jga,6KC,8.638272163982407,2.00,2016,PDB,False
5bqs,4VN,5.638272163982407,1.90,2016,PDB,False
4zs0,4QV,5.638272163982407,3.00,2016,PDB,False
4zsj,4R0,5.638272163982407,2.48,2016,PDB,False
5adr,QS5,5.638272163982407,2.10,2016,PDB,False
5ih6,AUG,5.6020599913279625,2.30,2016,PDB,False
5idn,6A7,8.585026652029182,2.26,2016,PDB,False
5hkb,64L,5.585026652029182,1.65,2016,PDB,False
5eif,4M0,2.5528419686577806,1.50,2016,PDB,False
5hzx,2GE,8.55284196865778,1.90,2016,PDB,False
5a4q,Y3L,5.537602002101044,2.37,2016,PDB,False
5ho6,63K,6.690369832574102,1.97,2016,PDB,False
5dry,5EK,7.698970004336019,2.41,2016,PDB,False
5lsc,752,4.698970004336019,1.50,2016,PDB,False
5fus,DAO,4.675717544702307,1.87,2016,PDB,False
5d7a,58C,7.6777807052660805,2.90,2016,PDB,False
5di1,5DF,7.6777807052660805,2.90,2016,PDB,False
5f1l,5U2,7.6777807052660805,2.30,2016,PDB,False
5j5d,6GT,4.6777807052660805,2.40,2016,PDB,False
5jq9,6MB,4.647817481888637,2.10,2016,PDB,False
5db1,58O,7.657577319177793,1.86,2016,PDB,False
4xwk,4C8,4.634512015109101,3.50,2016,PDB,False
4r5y,3K3,7.638272163982407,3.50,2016,PDB,False
5eml,5QK,7.638272163982407,2.39,2016,PDB,False
5hlw,62E,7.638272163982407,1.97,2016,PDB,False
5l4e,EDP,4.61261017366127,3.50,2016,PDB,False
5cuh,LTQ,4.619788758288394,1.83,2016,PDB,False
5kmh,6U8,4.619788758288394,3.20,2016,PDB,False
5f00,5T8,6.6020599913279625,1.95,2016,PDB,False
4ui8,IY5,7.6020599913279625,2.05,2016,PDB,False
4zts,4RK,7.6020599913279625,2.90,2016,PDB,False
5db2,58R,7.6020599913279625,1.54,2016,PDB,False
5eym,5U5,7.6020599913279625,2.70,2016,PDB,False
5ei4,5NV,4.578396073130169,1.05,2016,PDB,False
5gjf,6V4,6.585026652029182,2.89,2016,PDB,False
5jsm,6NB,6.585026652029182,2.19,2016,PDB,False
5kbr,IPW,6.585026652029182,2.36,2016,PDB,False
5fqr,QHG,7.585026652029182,1.88,2016,PDB,False
4yh3,Y80,4.585026652029182,1.60,2016,PDB,False
4yh4,Y81,4.585026652029182,1.33,2016,PDB,False
5l8t,6RR,3.5543957967264026,1.85,2016,PDB,False
5arg,H41,7.568636235841013,1.99,2016,PDB,False
5a8z,IUL,7.552841968657781,2.00,2016,PDB,False
5izq,83A,8.517126416391246,3.60,2016,PDB,False
5lxd,7A7,8.500312917381596,2.58,2016,PDB,False
5k4i,6QB,8.508638306165727,1.76,2016,PDB,False
5to8,7FM,8.508638306165727,1.98,2016,PDB,False
5h8x,5XT,5.508638306165727,1.30,2016,PDB,False
5tr6,7KG,8.494850021680094,1.93,2016,PDB,False
5lkr,6YC,5.480697150764572,2.52,2016,PDB,False
5iv4,LRI,5.481486060122113,1.79,2016,PDB,False
5f94,3UO,8.468521082957745,2.51,2016,PDB,False
5icp,69Z,8.42021640338319,2.18,2016,PDB,False
5anq,5YQ,5.400116927926312,2.00,2016,PDB,False
5a4l,ZC3,5.4089353929735005,2.73,2016,PDB,False
5lt6,76J,5.4089353929735005,2.05,2016,PDB,False
5fdp,5WR,6.510041520575165,2.25,2016,PDB,False
5f20,5U4,7.522878745280337,2.91,2016,PDB,False
5fi6,5XY,7.522878745280337,2.52,2016,PDB,False
5i94,69V,7.522878745280337,2.98,2016,PDB,False
5ety,K56,7.508638306165727,2.90,2016,PDB,False
5jt2,6NC,7.474955192963154,2.70,2016,PDB,False
5dv4,NMY,2.4723700991286615,1.80,2016,PDB,False
5emj,5QJ,7.481486060122112,2.27,2016,PDB,False
5tol,7H3,7.481486060122112,2.51,2016,PDB,False
5f0h,5TC,4.481486060122113,1.99,2016,PDB,False
5lay,6SS,7.468521082957745,2.71,2016,PDB,False
5ifu,GBM,4.468521082957745,2.45,2016,PDB,False
5ehg,5O0,3.43297363384094,2.02,2016,PDB,False
5kx7,6YD,7.443697499232712,2.80,2016,PDB,False
5db0,58P,7.431798275933005,1.50,2016,PDB,False
5dh3,5BS,7.419075024324381,2.47,2016,PDB,False
5kx8,6YE,7.42021640338319,2.67,2016,PDB,False
5jcj,6JM,4.42021640338319,1.76,2016,PDB,False
5sz9,74Y,4.42021640338319,2.85,2016,PDB,False
5dtr,5F7,4.4089353929735005,2.34,2016,PDB,False
5f6u,5VK,2.5228787452803374,1.55,2016,PDB,False
5eyc,5SZ,8.522878745280337,1.80,2016,PDB,False
5eyk,5U5,8.522878745280337,1.93,2016,PDB,False
5j79,6GE,8.522878745280337,2.69,2016,PDB,False
5i83,68Y,5.3872161432802645,1.35,2016,PDB,False
5jdi,6JO,5.366531544420414,1.38,2016,PDB,False
5drt,5EG,5.356547323513812,2.69,2016,PDB,False
5amn,DTQ,8.346787486224656,2.57,2016,PDB,False
5j47,6JJ,5.309803919971486,1.99,2016,PDB,False
5f1u,3VN,6.3979400086720375,2.35,2016,PDB,False
5iuh,34Y,6.39577394691553,2.10,2016,PDB,False
5fi7,5XZ,7.3979400086720375,2.50,2016,PDB,False
5i3m,67F,7.3979400086720375,2.17,2016,PDB,False
5l44,K26,4.3979400086720375,1.75,2016,PDB,False
5e8w,STU,4.3872161432802645,1.86,2016,PDB,False
5cuu,4GA,4.373659632624958,2.96,2016,PDB,False
4zcw,4NG,7.371611069949688,1.99,2016,PDB,False
5f01,5T7,6.376750709602099,1.52,2016,PDB,False
5t4e,75L,5.358922686674625,1.77,2016,PDB,False
5sy3,74Z,4.366531544420414,2.30,2016,PDB,False
4ui7,VT3,7.356547323513812,1.80,2016,PDB,False
5ely,5PU,7.356547323513812,1.81,2016,PDB,False
5fqs,J0W,7.356547323513812,1.94,2016,PDB,False
4yxd,FTN,4.338187314462739,3.00,2016,PDB,False
5jnn,6LM,5.34640161815671,2.30,2016,PDB,False
5ehi,5O3,3.344861565188618,1.30,2016,PDB,False
4ui4,RJN,7.346787486224656,2.40,2016,PDB,False
5idp,6A6,7.346787486224656,2.65,2016,PDB,False
5k8v,6RE,6.337242168318426,2.25,2016,PDB,False
5fue,UV4,6.329568590639394,2.20,2016,PDB,False
5l99,6S0,3.317854923626168,2.00,2016,PDB,False
5i56,67P,7.318758762624412,2.28,2016,PDB,False
5hbh,5Y7,7.308034897232639,2.50,2016,PDB,False
5l98,6RY,3.309803919971486,2.26,2016,PDB,False
5jrs,6MV,8.397940008672037,1.97,2016,PDB,False
5laz,6ST,8.397940008672037,1.66,2016,PDB,False
5jiq,27M,5.3979400086720375,1.45,2016,PDB,False
5ief,NBV,5.2839966563652006,2.38,2016,PDB,False
5cei,50R,8.275724130399212,2.24,2016,PDB,False
5a7i,B6K,5.259637310505756,2.89,2016,PDB,False
5f6v,5VL,2.2365720064370627,1.49,2016,PDB,False
5kmf,6U9,6.29413628771608,3.20,2016,PDB,False
5hn9,04W,4.301029995663981,2.12,2016,PDB,False
5i4o,V28,7.275724130399211,2.05,2016,PDB,False
4uhg,SZ5,6.267606240177032,1.70,2016,PDB,False
5kdf,6RU,3.2676062401770314,2.45,2016,PDB,False
5hna,63D,4.229147988357856,2.69,2016,PDB,False
4ynk,YW2,8.301029995663981,2.30,2016,PDB,False
5j7b,6GD,8.301029995663981,2.53,2016,PDB,False
5jfr,6KP,8.301029995663981,1.60,2016,PDB,False
5kcv,6S1,8.301029995663981,2.70,2016,PDB,False
4wi1,3O6,5.301029995663981,1.65,2016,PDB,False
5ivs,6EF,8.214670164989233,1.46,2016,PDB,False
5trk,7HH,5.2076083105017466,2.06,2016,PDB,False
5a7j,K2Y,5.200659450546418,2.90,2016,PDB,False
5hg1,62C,5.200659450546418,2.76,2016,PDB,False
5a8x,IUY,8.187086643357144,2.23,2016,PDB,False
5hm3,649,5.167491087293763,2.25,2016,PDB,False
5fqv,VQI,6.214670164989233,1.74,2016,PDB,False
5gjg,6V5,6.214670164989233,2.61,2016,PDB,False
4za0,PAH,7.205511953340831,2.31,2016,PDB,False
5g11,7H1,7.2076083105017466,2.48,2016,PDB,False
5i43,67M,7.200659450546418,1.95,2016,PDB,False
5hoa,63K,7.1938200260161125,2.14,2016,PDB,False
5hor,63K,8.221848749616356,2.20,2016,PDB,False
5j6d,6H5,8.221848749616356,1.90,2016,PDB,False
4z8d,4LB,5.221848749616356,2.00,2016,PDB,False
5kqg,6VX,5.1487416512809245,1.50,2016,PDB,False
5kup,6XL,8.142667503568731,1.39,2016,PDB,False
5enm,5QU,7.154901959985743,1.98,2016,PDB,False
5fi2,5XX,7.154901959985743,2.50,2016,PDB,False
5i2z,V24,7.142667503568731,2.30,2016,PDB,False
5k4j,6QB,7.110698297493689,1.60,2016,PDB,False
4ufy,M3W,8.154901959985743,1.70,2016,PDB,False
5i13,4P9,5.083019952679618,2.15,2016,PDB,False
5trh,7HL,5.075720713938118,2.70,2016,PDB,False
5ega,GK0,5.060480747381382,2.15,2016,PDB,False
5i0b,67U,5.060480747381382,3.09,2016,PDB,False
5tri,7HM,5.060480747381382,2.30,2016,PDB,False
5da3,58V,7.096910013008056,1.70,2016,PDB,False
5law,6SJ,7.096910013008056,1.64,2016,PDB,False
5lav,6SK,6.086716098239582,1.73,2016,PDB,False
5lqq,72P,7.0915149811213505,2.40,2016,PDB,False
4ui6,ECZ,7.060480747381382,1.80,2016,PDB,False
5ezx,5T5,7.060480747381382,1.90,2016,PDB,False
5ax9,4KT,8.096910013008056,2.40,2016,PDB,False
5enk,5QV,8.096910013008056,2.11,2016,PDB,False
5jyy,6PY,8.096910013008056,2.10,2016,PDB,False
5f39,5UB,5.096910013008056,2.65,2016,PDB,False
5loh,STU,5.040958607678906,3.10,2016,PDB,False
5k1i,6PT,8.036212172654444,2.61,2016,PDB,False
5t4h,75J,8.031050319018657,2.61,2016,PDB,False
5ekx,2CQ,2.0315170514460648,1.76,2016,PDB,False
5g10,6DK,8.013228265733755,1.71,2016,PDB,False
5f95,3UP,8.008773924307505,2.53,2016,PDB,False
5fd2,5XJ,7.045757490560675,2.89,2016,PDB,False
5hng,62O,4.031517051446065,3.01,2016,PDB,False
5g2n,6E2,7.026872146400302,2.68,2016,PDB,False
5d29,5Q1,7.013228265733755,1.80,2016,PDB,False
5hn8,HXK,4.013228265733755,2.70,2016,PDB,False
5eiw,X0V,2.0457574905606752,1.61,2016,PDB,False
5k5n,6QH,8.045757490560675,2.20,2016,PDB,False
5anu,58T,9.397940008672037,1.80,2016,PDB,False
5anv,RGJ,9.301029995663981,1.16,2016,PDB,False
5fnu,L6I,8.886056647693163,1.78,2016,PDB,False
5ih9,6BF,8.698970004336019,1.79,2016,PDB,False
5anw,9CQ,8.522878745280337,1.37,2016,PDB,False
5fck,5WC,8.221848749616356,1.86,2016,PDB,False
4zam,MA4,7.958607314841775,1.42,2016,PDB,False
5e89,TD2,7.853871964321762,1.50,2016,PDB,False
5g1n,PAL,7.769551078621726,2.10,2016,PDB,False
5f4l,5VE,7.619788758288394,2.70,2016,PDB,False
5ive,6E8,7.568636235841013,1.78,2016,PDB,False
5a2s,OTF,7.698970004336019,2.65,2016,PDB,False
5el2,KBR,4.468521082957745,1.75,2016,PDB,False
5e8a,5KS,7.468521082957745,1.50,2016,PDB,False
5i8g,69E,7.522878745280337,1.41,2016,PDB,False
5ags,38Y,7.3979400086720375,1.47,2016,PDB,False
5ivj,6ED,7.337242168318426,1.57,2016,PDB,False
5f4p,5VG,7.327902142064283,2.60,2016,PDB,False
5tbm,79A,7.309803919971486,1.85,2016,PDB,False
5isl,MMK,7.2839966563652006,1.69,2016,PDB,False
5hvt,NVS,7.259637310505756,1.75,2016,PDB,False
5e88,5KT,7.187086643357144,1.60,2016,PDB,False
5h9p,TD2,7.167491087293763,2.04,2016,PDB,False
5iw0,6EP,7.221848749616356,1.63,2016,PDB,False
5hvs,65V,7.1487416512809245,1.75,2016,PDB,False
5agt,A2H,7.1249387366083,1.45,2016,PDB,False
5hva,DUP,7.0655015487564325,2.10,2016,PDB,False
5f4r,5VF,7.022276394711152,2.80,2016,PDB,False
5f4u,5VH,7.022276394711152,3.10,2016,PDB,False
5lwe,79K,9.958607314841775,2.80,2016,PDB,False
5cqt,EB3,6.906578314837765,1.60,2016,PDB,False
5dx4,E0C,6.863279432843593,2.30,2016,PDB,False
5ech,JAA,3.795880017344075,2.14,2016,PDB,False
5eci,JAA,3.795880017344075,1.56,2016,PDB,False
5elv,5PX,6.795880017344075,1.92,2016,PDB,False
5khi,6SX,6.769551078621726,2.10,2016,PDB,False
5js3,6MG,6.732828271596986,1.16,2016,PDB,False
5cy9,E0A,6.661543506395395,1.55,2016,PDB,False
5ggn,LEC,3.657577319177794,1.21,2016,PDB,False
4y24,TD2,6.657577319177793,2.32,2016,PDB,False
5jt9,7AF,6.632644078973981,1.26,2016,PDB,False
5i2e,67D,6.638272163982407,1.60,2016,PDB,False
5l3j,6G9,6.638272163982407,2.83,2016,PDB,False
5ejl,C2E,6.619788758288394,2.30,2016,PDB,False
5l4i,6J3,6.585026652029182,1.45,2016,PDB,False
5ggk,MBE,3.537602002101044,1.30,2016,PDB,False
5e2n,V14,9.537602002101044,1.53,2016,PDB,False
4rfr,RHN,6.537602002101044,1.50,2016,PDB,False
5etr,5RW,6.522878745280337,1.32,2016,PDB,False
5kau,RHQ,6.522878745280337,1.95,2016,PDB,False
5jvi,6QC,6.508638306165727,1.12,2016,PDB,False
5cu4,54S,6.494850021680094,1.56,2016,PDB,False
5i2f,BS5,6.494850021680094,1.25,2016,PDB,False
5etq,YH2,6.481486060122113,1.96,2016,PDB,False
5jss,6NG,6.450996737974212,1.19,2016,PDB,False
5dbm,58N,6.455931955649724,1.86,2016,PDB,False
5ivy,6EO,6.443697499232713,1.45,2016,PDB,False
5jxn,6NN,6.411168274405793,1.38,2016,PDB,False
5eom,CTP,6.3872161432802645,2.55,2016,PDB,False
5khk,6SZ,6.3872161432802645,2.07,2016,PDB,False
5d0r,B1T,6.366531544420414,2.24,2016,PDB,False
5ant,RJE,6.356547323513813,2.00,2016,PDB,False
5in9,6C0,6.356547323513813,2.60,2016,PDB,False
5duc,G51,6.346787486224656,2.70,2016,PDB,False
5ivv,6EN,6.346787486224656,1.85,2016,PDB,False
5lz5,7K4,6.346787486224656,2.05,2016,PDB,False
5kbe,IPH,6.337242168318426,2.50,2016,PDB,False
5ekm,TG5,6.318758762624412,1.33,2016,PDB,False
5k8n,6R6,6.318758762624412,3.23,2016,PDB,False
5gmh,RX8,6.309803919971486,2.20,2016,PDB,False
5i3y,68K,9.397940008672037,2.15,2016,PDB,False
5d25,56M,6.301029995663981,1.70,2016,PDB,False
6b59,CQS,8.086186147616283,1.64,2018,PDB,False
6evr,BZW,8.05551732784983,1.50,2018,PDB,False
6dpy,H7A,4.096910013008056,1.91,2018,PDB,False
6dai,G2V,4.0695604052333,1.63,2018,PDB,False
6c0s,EEJ,7.050609993355087,2.35,2018,PDB,False
6g3v,FO9,6.035080705713358,1.69,2018,PDB,False
6b2q,CJJ,8.045757490560675,2.88,2018,PDB,False
6pz4,P6J,9.397940008672037,1.85,2019,PDB,False
6n6o,KE7,9.154901959985743,2.60,2019,PDB,False
6nzm,L9S,9.0,1.72,2019,PDB,False
6rfj,K1E,8.397940008672037,2.61,2019,PDB,False
6gva,FCQ,8.221848749616356,2.15,2019,PDB,False
6mjw,JUJ,7.991399828238082,2.41,2019,PDB,False
6mck,JDP,7.920818753952375,3.77,2019,PDB,False
6qmr,J6T,7.920818753952375,2.00,2019,PDB,False
6s90,L0Z,7.886056647693163,1.82,2019,PDB,False
6plg,ONS,7.823908740944319,2.93,2019,PDB,False
6oir,MNJ,7.769551078621726,2.03,2019,PDB,False
6sfj,LBB,7.7447274948966935,1.95,2019,PDB,False
6oqn,N0P,8.0,1.70,2019,PDB,False
6rmf,K9B,8.0,1.51,2019,PDB,False
6uwv,QK7,8.0,1.47,2019,PDB,False
6h4z,FQ5,7.638272163982407,2.30,2019,PDB,False
6ncj,KJJ,7.619788758288394,2.00,2019,PDB,False
6sfi,LB5,7.585026652029182,1.60,2019,PDB,False
6mju,JUM,7.560667306169737,2.45,2019,PDB,False
6uwp,QKA,7.552841968657781,1.29,2019,PDB,False
6mdc,JEA,7.443697499232713,2.14,2019,PDB,False
6rfi,K1H,7.431798275933005,2.31,2019,PDB,False
6h4s,FQE,7.42021640338319,2.45,2019,PDB,False
6ul8,Q9J,7.522878745280337,2.68,2019,PDB,False
6n0q,K7S,7.3979400086720375,2.04,2019,PDB,False
6o6f,LOD,7.3979400086720375,1.60,2019,PDB,False
6hkn,G9E,7.292429823902063,2.33,2019,PDB,False
6mt0,JYG,10.301029995663981,2.20,2019,PDB,False
6hro,GKZ,7.301029995663981,2.30,2019,PDB,False
6mdb,JE4,7.173925197299173,2.34,2019,PDB,False
6h52,FQN,7.167491087293763,2.14,2019,PDB,False
6sfk,LB8,7.1487416512809245,1.80,2019,PDB,False
6qed,HZK,7.130768280269024,1.80,2019,PDB,False
6h4y,FO8,7.113509274827518,2.38,2019,PDB,False
6hgx,G3T,7.113509274827518,2.16,2019,PDB,False
6r8r,JV8,7.070581074285707,1.27,2019,PDB,False
6qfe,J08,7.096910013008056,1.67,2019,PDB,False
6k9u,D4L,10.045757490560675,2.35,2019,PDB,False
6h4r,FQB,7.031517051446065,2.14,2019,PDB,False
6h4t,FOW,7.0,2.38,2019,PDB,False
6pgp,OHY,6.995678626217358,1.50,2019,PDB,False
6h4p,FQ5,6.991399828238083,2.19,2019,PDB,False
6h4w,FQQ,6.97061622231479,2.81,2019,PDB,False
6q96,HRE,10.0,1.80,2019,PDB,False
6tel,N4Z,9.958607314841775,2.19,2019,PDB,False
6qmt,J7B,6.920818753952375,1.80,2019,PDB,False
6h4o,FQH,6.892790030352131,2.25,2019,PDB,False
6oip,MLS,6.920818753952375,1.80,2019,PDB,False
6r8q,JV5,6.920818753952375,1.50,2019,PDB,False
6h4x,FNQ,6.882728704344236,2.34,2019,PDB,False
6h51,FQK,6.872895201635193,2.21,2019,PDB,False
6hcw,FYB,6.886056647693163,1.46,2019,PDB,False
6p3p,NQJ,6.838631997765025,1.61,2019,PDB,False
6h50,FO2,6.806875401645539,2.19,2019,PDB,False
6npv,KWP,6.795880017344075,1.86,2019,PDB,False
6ten,N5K,9.769551078621726,2.21,2019,PDB,False
6md7,JE1,6.7423214251308154,1.96,2019,PDB,False
6oko,1FN,6.7447274948966935,2.10,2019,PDB,False
6rj2,K52,7.0,2.00,2019,PDB,False
6t6a,MLW,6.698970004336019,2.80,2019,PDB,False
6mo2,JVM,6.6777807052660805,2.80,2019,PDB,False
6k4x,D0U,6.657577319177793,1.17,2019,PDB,False
6p14,NKY,6.657577319177793,1.93,2019,PDB,False
6ind,AKO,6.619788758288394,1.87,2019,PDB,False
6imt,AK0,6.6020599913279625,1.48,2019,PDB,False
6sal,L3E,6.578396073130169,1.61,2019,PDB,False
6hkm,G92,6.568636235841013,2.47,2019,PDB,False
6ink,AKU,6.568636235841013,1.70,2019,PDB,False
6oiq,MLV,6.568636235841013,1.75,2019,PDB,False
6te6,N4W,6.568636235841013,1.98,2019,PDB,False
6mo1,I16,6.537602002101044,3.00,2019,PDB,False
6oio,ML7,6.537602002101044,1.70,2019,PDB,False
6nzp,LB7,9.698970004336019,2.35,2019,PDB,False
6ilz,AFU,6.468521082957745,3.26,2019,PDB,False
6mo5,JWP,9.522878745280337,1.85,2019,PDB,False
6nzq,LB4,9.522878745280337,2.11,2019,PDB,False
6o6g,LOJ,6.522878745280337,2.40,2019,PDB,False
6rj5,K5N,6.522878745280337,1.89,2019,PDB,False
6suo,LVH,9.397940008672037,1.74,2019,PDB,False
6npu,KWV,6.3979400086720375,2.33,2019,PDB,False
6bqd,69G,6.3872161432802645,2.14,2019,PDB,False
6ohd,MKP,9.3767507096021,2.50,2019,PDB,False
6iji,AEL,9.356547323513812,2.70,2019,PDB,False
6ilq,AE0,6.356547323513813,2.41,2019,PDB,False
6oa3,M0M,6.3979400086720375,1.90,2019,PDB,False
6rj3,K58,6.3979400086720375,1.42,2019,PDB,False
6npe,KWD,6.301029995663981,2.15,2019,PDB,False
6qhb,J2W,6.301029995663981,1.84,2019,PDB,False
6inm,AKU,6.292429823902063,2.00,2019,PDB,False
6n83,YL6,6.267606240177032,2.00,2019,PDB,False
6mo0,JVJ,6.229147988357856,2.70,2019,PDB,False
6h4v,FQN,6.212539525481585,2.15,2019,PDB,False
5z1t,EFN,6.200659450546418,1.42,2019,PDB,False
6imo,AJL,6.187086643357144,1.55,2019,PDB,False
5y7k,8VU,9.176525770829699,2.51,2019,PDB,False
6moo,A5F,9.167491087293763,2.20,2019,PDB,False
6h4u,FO2,6.159266765388193,2.21,2019,PDB,False
5z1s,EFM,6.161150909262744,1.42,2019,PDB,False
6i3u,H2E,9.221848749616356,2.09,2019,PDB,False
6mod,JWV,9.148741651280925,1.85,2019,PDB,False
6dhu,GHM,3.1307682802690238,1.63,2019,PDB,False
6die,GHM,3.1307682802690238,1.78,2019,PDB,False
6sq0,LRQ,9.102372908709558,1.77,2019,PDB,False
6gj7,F0B,6.060480747381382,1.67,2019,PDB,False
6npp,KWG,6.050609993355088,1.35,2019,PDB,False
6k4t,JKE,6.022276394711152,1.39,2019,PDB,False
6n19,K8V,3.0177287669604316,1.50,2019,PDB,False
6uvy,QJP,6.00436480540245,1.71,2019,PDB,False
6n17,K8Y,2.9956786262173574,1.64,2019,PDB,False
6oin,MQJ,6.0,1.70,2019,PDB,False
6p12,NKY,5.954677021213342,1.94,2019,PDB,False
6m88,MYC,5.958607314841775,1.90,2019,PDB,False
6n82,YF7,5.958607314841775,2.00,2019,PDB,False
6c67,5ID,5.920818753952375,2.11,2019,PDB,False
6qfh,J08,5.860120913598763,1.65,2019,PDB,False
6hx8,GXN,5.886056647693163,2.40,2019,PDB,False
6i1r,C5P,5.838631997765025,2.80,2019,PDB,False
6nss,L0M,8.853871964321762,1.97,2019,PDB,False
6ahs,9YO,5.823908740944319,1.75,2019,PDB,False
6oah,M2V,5.823908740944319,2.20,2019,PDB,False
6szj,M5W,5.823908740944319,2.53,2019,PDB,False
6j5l,B9C,8.795880017344075,2.30,2019,PDB,False
6jib,BQF,5.795880017344075,2.25,2019,PDB,False
5znl,9G6,8.769551078621726,2.80,2019,PDB,False
6jse,C6R,8.769551078621726,2.00,2019,PDB,False
6qxa,GQB,5.769551078621726,3.41,2019,PDB,False
6n3n,KA4,8.744727494896694,3.01,2019,PDB,False
5z1r,EFL,5.701146923590294,1.62,2019,PDB,False
6dih,GJS,2.721246399047171,1.78,2019,PDB,False
5zqr,9H9,7.97469413473523,1.75,2019,PDB,False
6itj,AXU,7.966576244513051,1.99,2019,PDB,False
6jwa,5ID,4.962573502059376,1.78,2019,PDB,False
6nji,KR4,6.991399828238082,2.45,2019,PDB,False
6oyh,NK4,6.982966660701219,2.95,2019,PDB,False
6udx,Q57,8.0,1.70,2019,PDB,False
6qh9,J2N,5.0,2.27,2019,PDB,False
6msn,JYD,4.94692155651658,1.59,2019,PDB,False
6kzc,DZC,7.940815382368629,2.00,2019,PDB,False
6npm,KVD,3.958607314841775,1.60,2019,PDB,False
6nel,KKV,7.958607314841775,2.00,2019,PDB,False
6g3c,EKT,6.910094888560602,1.60,2019,PDB,False
6q6m,HJW,6.892790030352131,2.35,2019,PDB,False
6nem,KKS,7.920818753952375,1.95,2019,PDB,False
6q9u,HRE,5.886056647693163,2.40,2019,PDB,False
6n5f,KJ1,6.8576105338811635,1.93,2019,PDB,False
6hmp,GEW,6.860120913598763,2.04,2019,PDB,False
6k0j,CQO,7.886056647693163,2.35,2019,PDB,False
6i0k,GZ8,4.886056647693163,1.64,2019,PDB,False
6i0c,GZ5,6.853871964321762,2.68,2019,PDB,False
5ovf,AWT,6.853871964321762,2.01,2019,PDB,False
6m95,J8S,6.853871964321762,1.80,2019,PDB,False
6mo8,JWD,5.844663962534939,1.80,2019,PDB,False
6q9q,HUE,6.838631997765025,2.10,2019,PDB,False
6hmr,GE5,6.8326826652518236,1.78,2019,PDB,False
6f7i,CW5,7.853871964321762,2.43,2019,PDB,False
6q39,HDQ,7.853871964321762,2.21,2019,PDB,False
6m8e,J8G,4.853871964321762,2.00,2019,PDB,False
6qri,CV9,4.817870785947002,2.40,2019,PDB,False
6i8z,H82,7.801342913045577,1.99,2019,PDB,False
6mo9,JVY,5.811915626285062,1.80,2019,PDB,False
6irt,AUU,3.809388202186395,3.50,2019,PDB,False
6hcu,FYB,7.823908740944319,1.62,2019,PDB,False
6iby,HAT,7.823908740944319,2.51,2019,PDB,False
6c9n,SGV,4.782516055786093,2.10,2019,PDB,False
6s9d,L3Z,7.795880017344075,2.67,2019,PDB,False
6e3z,HRV,7.7594507517174005,1.94,2019,PDB,False
6qmd,J6N,3.769551078621726,1.94,2019,PDB,False
6q9s,HRN,7.769551078621726,2.40,2019,PDB,False
5zqp,9H3,7.73754891026957,1.99,2019,PDB,False
5y7h,8O3,7.7281583934635005,3.00,2019,PDB,False
6oyz,NKM,6.732828271596986,3.62,2019,PDB,False
6nwc,L6P,7.7447274948966935,2.35,2019,PDB,False
6q8p,HQB,7.7447274948966935,3.00,2019,PDB,False
6pk7,CTP,4.716698771296451,3.10,2019,PDB,False
5zqo,9GX,7.7121982700697735,2.06,2019,PDB,False
6skb,LH5,7.701146923590294,1.84,2019,PDB,False
6f96,D0K,7.721246399047171,2.50,2019,PDB,False
6o1g,7SD,9.0,2.20,2019,PDB,False
6ow7,N9Y,9.0,1.45,2019,PDB,False
6hrw,GNK,6.0,2.45,2019,PDB,False
6qff,J08,5.690369832574101,1.64,2019,PDB,False
6h4q,FO2,5.686132779630847,2.31,2019,PDB,False
6edl,J4M,8.698970004336019,2.80,2019,PDB,False
6jut,C9O,8.67778070526608,2.10,2019,PDB,False
6m8c,IRH,5.657577319177793,1.80,2019,PDB,False
6hop,FER,5.623423042943488,1.55,2019,PDB,False
6c9p,MTP,5.638272163982407,2.00,2019,PDB,False
6m89,QUE,5.638272163982407,1.85,2019,PDB,False
6n3o,KA7,8.619788758288394,2.40,2019,PDB,False
6r7d,JUQ,8.619788758288394,2.35,2019,PDB,False
6ebw,J3Y,8.602059991327963,2.46,2019,PDB,False
6jmf,9FC,8.585026652029182,2.00,2019,PDB,False
6hys,ADP,5.585026652029182,2.60,2019,PDB,False
6peb,OE4,8.568636235841012,2.46,2019,PDB,False
6hgv,G3Q,5.552841968657781,2.00,2019,PDB,False
6n7z,KF7,5.552841968657781,2.55,2019,PDB,False
6kzd,DZ6,8.530177984021837,1.71,2019,PDB,False
6kdz,D79,8.537602002101044,3.10,2019,PDB,False
6rz6,KNW,8.537602002101044,2.43,2019,PDB,False
6im6,AH3,4.684029654543083,1.70,2019,PDB,False
6njh,KRD,3.692503962086787,2.15,2019,PDB,False
6jsz,C7O,5.679853713888946,1.53,2019,PDB,False
6e0r,HKJ,7.698970004336019,2.30,2019,PDB,False
6r5f,JSW,7.698970004336019,3.25,2019,PDB,False
6m7h,KN9,4.698970004336019,1.60,2019,PDB,False
6etg,BWT,4.661543506395395,1.28,2019,PDB,False
5zqq,9H6,7.6595558851598815,2.29,2019,PDB,False
6s9b,L1H,5.6777807052660805,3.25,2019,PDB,False
5zcu,PYV,5.665546248849069,2.41,2019,PDB,False
5ovi,AXH,7.6777807052660805,2.20,2019,PDB,False
5qj2,JXS,7.6777807052660805,2.82,2019,PDB,False
6msc,JY7,7.6777807052660805,2.36,2019,PDB,False
6q7h,HL8,7.6777807052660805,2.30,2019,PDB,False
6gjd,F0E,7.657577319177793,1.58,2019,PDB,False
6ic0,HAK,7.657577319177793,2.60,2019,PDB,False
6ibz,HAW,7.657577319177793,2.44,2019,PDB,False
6iup,AX0,7.636388020107856,2.00,2019,PDB,False
6nyw,L8M,6.638272163982407,2.19,2019,PDB,False
6qw9,MK7,6.638272163982407,1.04,2019,PDB,False
5qj3,JXP,7.619788758288394,2.76,2019,PDB,False
6iar,H8W,7.600326278518962,1.84,2019,PDB,False
6oa1,M0P,4.590066876668706,1.80,2019,PDB,False
6n3z,KC4,6.586197483230649,2.24,2019,PDB,False
6imi,AH6,4.583359492661719,1.46,2019,PDB,False
6qwa,MK7,6.585026652029182,1.06,2019,PDB,False
6s9c,L1K,6.573488738635425,2.73,2019,PDB,False
6hmb,3NG,6.5638373529592435,1.04,2019,PDB,False
6hv0,GUK,6.559090917934782,2.73,2019,PDB,False
6n3l,KAV,7.568636235841013,2.61,2019,PDB,False
6udy,Q54,7.568636235841013,1.70,2019,PDB,False
5ovh,AWW,6.552841968657781,2.30,2019,PDB,False
6knh,CIT,3.552841968657781,1.76,2019,PDB,False
5z5v,96X,6.542118103266008,1.66,2019,PDB,False
6ke0,D7C,7.552841968657781,2.95,2019,PDB,False
6hwu,GE5,7.536107011014093,2.30,2019,PDB,False
6q8k,FG9,6.5376020021010435,2.29,2019,PDB,False
6kdx,D6X,6.531652669587842,2.44,2019,PDB,False
6m9l,J9G,7.5376020021010435,2.45,2019,PDB,False
6n3k,K9V,7.5376020021010435,2.20,2019,PDB,False
6q6o,HKE,7.5376020021010435,2.30,2019,PDB,False
6ibx,H9Z,8.698970004336019,2.11,2019,PDB,False
6p1l,9LL,8.698970004336019,2.80,2019,PDB,False
6npi,60Q,5.698970004336019,1.50,2019,PDB,False
6qfg,J08,5.521433504406157,1.68,2019,PDB,False
6hs0,GNW,5.5003129173815966,1.45,2019,PDB,False
6izq,XJ2,5.496209316942819,2.45,2019,PDB,False
6dji,GOG,2.5086383061657274,1.75,2019,PDB,False
6hs4,GON,5.508638306165727,2.05,2019,PDB,False
6jsf,C7X,8.481486060122112,2.30,2019,PDB,False
6q9o,HU8,8.468521082957745,1.21,2019,PDB,False
6oag,M2Y,5.431798275933005,2.30,2019,PDB,False
6jsn,C7O,8.42021640338319,2.60,2019,PDB,False
6mso,JYD,5.42021640338319,2.05,2019,PDB,False
6mum,K47,8.4089353929735,3.06,2019,PDB,False
6mzq,TZ0,8.4089353929735,2.00,2019,PDB,False
6q9l,HTZ,8.4089353929735,1.13,2019,PDB,False
6r8p,JVB,4.481486060122113,1.45,2019,PDB,False
6gcl,EUE,4.465973893943865,1.95,2019,PDB,False
6n5h,AUB,6.446238301609996,1.72,2019,PDB,False
6a6k,9S6,7.455931955649724,2.90,2019,PDB,False
6k1q,D2U,7.455931955649724,2.70,2019,PDB,False
6q9y,HRQ,5.431798275933005,1.20,2019,PDB,False
6n5c,KDJ,6.425968732272281,1.95,2019,PDB,False
6f86,CWW,7.431798275933005,1.90,2019,PDB,False
6r7j,JUN,7.400116927926312,1.84,2019,PDB,False
6p1d,NQ1,7.4089353929735005,2.40,2019,PDB,False
6ow2,NB4,8.522878745280337,1.70,2019,PDB,False
6pl3,OOD,8.522878745280337,3.00,2019,PDB,False
6rj6,K5K,8.522878745280337,1.98,2019,PDB,False
6fne,DY5,5.522878745280337,2.50,2019,PDB,False
6imr,AJX,5.366531544420414,1.50,2019,PDB,False
6m8b,KMP,5.356547323513812,1.80,2019,PDB,False
6jsg,C6U,8.337242168318426,2.30,2019,PDB,False
6mo4,JWM,8.337242168318426,1.84,2019,PDB,False
6hot,CIY,4.396855627379818,1.50,2019,PDB,False
5ovg,AWZ,6.3979400086720375,2.30,2019,PDB,False
6qw8,MK7,6.3979400086720375,1.10,2019,PDB,False
6i0p,QAS,4.3979400086720375,1.90,2019,PDB,False
6keb,D6C,4.3872161432802645,3.20,2019,PDB,False
6pdj,ODJ,7.376750709602099,1.81,2019,PDB,False
6nsp,L0P,7.355561410532162,2.31,2019,PDB,False
6q37,HE8,6.356547323513812,2.21,2019,PDB,False
6j10,B4O,6.351639989019068,2.30,2019,PDB,False
6e3g,HOJ,7.356547323513812,2.10,2019,PDB,False
6qme,J6Q,4.356547323513813,1.81,2019,PDB,False
6mep,9VS,7.346787486224656,2.89,2019,PDB,False
6i0r,QAT,4.346787486224656,2.10,2019,PDB,False
6oco,M5V,6.324221658325915,2.58,2019,PDB,False
6mdd,JE7,4.327902142064283,2.05,2019,PDB,False
6agt,9X0,8.397940008672037,1.95,2019,PDB,False
6oyw,NKJ,8.397940008672037,2.60,2019,PDB,False
6qha,J2Q,5.300162274132754,1.82,2019,PDB,False
6jt3,C83,8.301029995663981,2.40,2019,PDB,False
6a84,9SU,8.275724130399212,1.98,2019,PDB,False
6hzu,GYQ,8.259637310505756,2.20,2019,PDB,False
6m8a,LU2,5.259637310505756,1.75,2019,PDB,False
6hp9,GKB,8.2518119729938,1.96,2019,PDB,False
6oyt,NJV,8.229147988357855,2.82,2019,PDB,False
6r7k,JUH,7.300162274132754,1.54,2019,PDB,False
5y7j,8OL,7.286509456906058,2.52,2019,PDB,False
6oz6,NKD,7.2839966563652006,3.70,2019,PDB,False
6hou,V55,4.272458742971444,1.80,2019,PDB,False
6kla,DJX,7.251811972993799,2.11,2019,PDB,False
6imd,AH9,4.23284413391782,1.50,2019,PDB,False
6imb,AH9,4.23284413391782,1.55,2019,PDB,False
6q9w,HRT,6.236572006437063,1.55,2019,PDB,False
5z1e,95U,8.301029995663981,2.30,2019,PDB,False
5z1d,95U,8.301029995663981,2.28,2019,PDB,False
6hcv,FYE,8.301029995663981,2.20,2019,PDB,False
6q7a,HKZ,8.301029995663981,2.20,2019,PDB,False
6rna,KA2,8.301029995663981,2.62,2019,PDB,False
6od6,M7D,8.210419287835574,2.00,2019,PDB,False
6mul,K4A,8.200659450546418,3.09,2019,PDB,False
6rln,K8K,8.200659450546418,2.87,2019,PDB,False
6qhc,135,5.200659450546418,1.87,2019,PDB,False
6uvv,QJV,5.1778319206319825,1.63,2019,PDB,False
6hbn,FXB,6.2168113089247425,1.59,2019,PDB,False
6d5w,FVV,4.200659450546418,2.48,2019,PDB,False
6oi9,MQM,7.1938200260161125,2.06,2019,PDB,False
6hor,GJK,4.183758700008217,1.80,2019,PDB,False
6npt,KWY,7.165579296318468,2.19,2019,PDB,False
6ijh,AEO,7.167491087293763,2.60,2019,PDB,False
6hzv,GYW,8.221848749616356,2.46,2019,PDB,False
6qxu,JKN,8.154901959985743,1.20,2019,PDB,False
6dim,GJP,2.1426675035687315,1.81,2019,PDB,False
6djd,GJP,2.1426675035687315,1.78,2019,PDB,False
6m8d,J8D,5.142667503568732,2.00,2019,PDB,False
6n7y,KFA,5.113509274827518,2.00,2019,PDB,False
6q9h,HRH,8.10790539730952,2.00,2019,PDB,False
6hrx,GO8,5.102372908709558,1.87,2019,PDB,False
6uf0,Q5V,7.136677139879544,1.96,2019,PDB,False
6ic7,H9H,7.107905397309519,2.00,2019,PDB,False
6a1c,9NX,8.154901959985743,1.68,2019,PDB,False
6mob,JWY,8.154901959985743,1.80,2019,PDB,False
6c9q,5N5,5.096910013008056,1.95,2019,PDB,False
6jid,BQC,5.080921907623926,2.50,2019,PDB,False
6s8a,L0N,8.070581074285707,2.60,2019,PDB,False
6s89,L0Q,8.065501548756432,2.70,2019,PDB,False
6djj,GM7,4.096910013008056,1.74,2019,PDB,False
6sze,M2B,4.096910013008056,2.94,2019,PDB,False
6hwv,GEW,7.079876673709276,1.70,2019,PDB,False
6moa,JW4,7.080921907623926,1.27,2019,PDB,False
6msa,JY4,7.075720713938118,2.06,2019,PDB,False
6f8j,CZ5,7.0655015487564325,1.95,2019,PDB,False
6r49,JSB,2.0969100130080562,2.21,2019,PDB,False
6e6j,HWV,8.096910013008056,2.44,2019,PDB,False
6gjb,F0H,8.096910013008056,1.82,2019,PDB,False
6i0b,9A5,8.040958607678906,2.38,2019,PDB,False
6n4e,KCD,8.00436480540245,1.65,2019,PDB,False
6qwb,MK7,6.040958607678906,1.04,2019,PDB,False
6mo7,JWA,5.027982401325985,1.85,2019,PDB,False
6f94,D0H,7.00436480540245,2.35,2019,PDB,False
6n5g,KDS,7.00436480540245,2.60,2019,PDB,False
6i5i,H3E,8.045757490560675,1.60,2019,PDB,False
6ocu,M5D,8.045757490560675,2.77,2019,PDB,False
6qgj,J1T,9.0,1.90,2019,PDB,False
6r8o,JV2,8.221848749616356,1.36,2019,PDB,False
6h4d,GDP,7.958607314841775,2.90,2019,PDB,False
6i8m,H7W,7.795880017344075,2.10,2019,PDB,False
6qyn,JL8,7.619788758288394,2.50,2019,PDB,False
6qz8,JL8,7.619788758288394,2.15,2019,PDB,False
6h76,SLB,7.522878745280337,1.50,2019,PDB,False
6qyo,JLH,7.522878745280337,2.10,2019,PDB,False
6maj,JAV,7.468521082957745,2.14,2019,PDB,False
6qmk,J8H,7.455931955649724,1.72,2019,PDB,False
6qmj,J6K,7.356547323513813,1.86,2019,PDB,False
6slg,LHZ,10.301029995663981,1.33,2019,PDB,False
6qyp,JL5,7.154901959985743,2.20,2019,PDB,False
6nfh,KLM,7.154901959985743,1.40,2019,PDB,False
6p83,O3Y,7.096910013008056,1.70,2019,PDB,False
6qfq,J3E,7.096910013008056,1.60,2019,PDB,False
6nfi,KLP,7.045757490560675,2.41,2019,PDB,False
5zhl,9D0,6.721246399047171,2.25,2019,PDB,False
6e23,HLJ,10.0,1.66,2019,PDB,False
6iph,DTP,6.657577319177793,1.65,2019,PDB,False
6i17,GZW,6.6020599913279625,1.56,2019,PDB,False
6fzg,EDK,6.552841968657781,2.10,2019,PDB,False
6oja,MET,9.698970004336019,1.55,2019,PDB,False
6n9l,ADP,6.698970004336019,2.01,2019,PDB,False
6phr,SS9,6.698970004336019,1.65,2019,PDB,False
6qgk,J1Q,6.698970004336019,1.80,2019,PDB,False
6if0,A59,6.508638306165727,1.80,2019,PDB,False
6qz6,JLE,6.494850021680094,1.90,2019,PDB,False
6qz7,JLE,6.494850021680094,2.20,2019,PDB,False
6qzb,JLK,6.468521082957745,2.00,2019,PDB,False
6g2r,EJK,9.455931955649724,2.10,2019,PDB,False
6mom,JX4,9.522878745280337,2.10,2019,PDB,False
6n7d,KF4,9.522878745280337,1.78,2019,PDB,False
6iez,A50,6.522878745280337,1.90,2019,PDB,False
6r4s,ATP,6.3872161432802645,2.75,2019,PDB,False
6c8c,EQ7,6.376750709602099,1.50,2019,PDB,False
6sy7,AMP,3.3279021420642825,2.75,2019,PDB,False
6r7r,DAS,6.327902142064283,2.80,2019,PDB,False
6j81,B8X,6.292429823902063,1.80,2019,PDB,False
6nad,KHY,9.301029995663981,2.90,2019,PDB,False
6r8l,JUZ,6.173925197299173,1.64,2019,PDB,False
6hgi,C0R,6.221848749616356,1.52,2019,PDB,False
6j72,GTP,6.130768280269024,2.20,2019,PDB,False
6hq7,PCG,6.114073660198569,2.46,2019,PDB,False
6hq3,CMP,6.110698297493689,2.79,2019,PDB,False
6qyl,JLE,6.080921907623926,2.20,2019,PDB,False
6qz5,JLE,6.080921907623926,2.00,2019,PDB,False
6htn,MFU,6.0655015487564325,1.55,2019,PDB,False
6mlo,ARG,6.096910013008056,1.72,2019,PDB,False
6hm1,AO3,6.040958607678906,1.54,2019,PDB,False
6mle,ARG,9.0,1.86,2019,PDB,False
6mbo,JDG,5.94692155651658,1.59,2019,PDB,False
6mbp,JDG,5.94692155651658,1.95,2019,PDB,False
6r9x,JW2,2.958607314841775,1.66,2019,PDB,False
6d9s,G4P,5.958607314841775,2.11,2019,PDB,False
6os6,TRP,5.958607314841775,1.33,2019,PDB,False
6a80,CYS,5.8996294548824375,1.56,2019,PDB,False
6md0,OLA,5.896196279044043,1.95,2019,PDB,False
6mh1,JQP,5.920818753952375,1.60,2019,PDB,False
6n48,KBY,5.920818753952375,3.20,2019,PDB,False
6r8w,JVH,5.920818753952375,1.40,2019,PDB,False
6gj8,F0K,5.866461091629782,1.65,2019,PDB,False
6e22,HLS,8.886056647693163,1.60,2019,PDB,False
6n0p,K81,8.886056647693163,2.37,2019,PDB,False
6n3w,KBJ,5.806875401645539,1.75,2019,PDB,False
6bs3,ADP,5.823908740944319,2.30,2019,PDB,False
6i14,GZN,5.823908740944319,1.73,2019,PDB,False
6n0m,K94,5.823908740944319,3.30,2019,PDB,False
6aad,9TU,2.7904849854573692,1.44,2019,PDB,False
6ipj,TTP,5.790484985457369,1.98,2019,PDB,False
6rqk,MVL,2.795880017344075,1.85,2019,PDB,False
5zhn,9D0,8.795880017344075,2.65,2019,PDB,False
6stl,TAU,8.795880017344075,1.30,2019,PDB,False
6mnc,J3Z,5.795880017344075,2.40,2019,PDB,False
6aan,9TX,2.75448733218585,1.51,2019,PDB,False
6i8t,H7Z,5.7544873321858505,2.10,2019,PDB,False
6gge,EYE,5.769551078621726,1.25,2019,PDB,False
6mh7,JQY,5.7447274948966935,1.74,2019,PDB,False
6ipi,DCP,5.709965388637482,1.80,2019,PDB,False
5zhj,SAH,4.995678626217358,1.75,2019,PDB,False
6o68,LO4,4.987162775294828,2.78,2019,PDB,False
6p85,O4V,4.987162775294828,1.90,2019,PDB,False
6jof,BWR,4.982966660701219,2.20,2019,PDB,False
6haj,EVB,4.97469413473523,1.50,2019,PDB,False
6haz,FX5,7.0,1.31,2019,PDB,False
6ql3,V14,7.0,1.35,2019,PDB,False
6j3p,B8O,6.978810700930062,1.60,2019,PDB,False
6rih,K4T,3.978810700930062,2.15,2019,PDB,False
6ha4,T3Y,3.9706162223147903,1.33,2019,PDB,False
6pia,XS6,4.958607314841775,1.75,2019,PDB,False
6abk,9VF,1.9469215565165803,1.58,2019,PDB,False
6j0o,XAF,4.924453038607469,1.80,2019,PDB,False
6jaq,GLC,3.9537780627783636,1.95,2019,PDB,False
6gjw,F2H,4.958607314841775,1.90,2019,PDB,False
6i77,H5Q,4.958607314841775,1.22,2019,PDB,False
6cf7,EZ7,7.913640169325252,2.72,2019,PDB,False
6dgr,GDY,4.910094888560602,2.15,2019,PDB,False
6cjj,ADP,3.9030899869919438,1.74,2019,PDB,False
6jon,DTP,4.87942606879415,2.34,2019,PDB,False
6mjq,JUD,7.876148359032914,3.00,2019,PDB,False
6op0,A7A,7.860120913598763,2.55,2019,PDB,False
6klk,URF,3.8754957751657177,1.76,2019,PDB,False
6jdl,AGS,4.886056647693163,2.25,2019,PDB,False
6mja,JTJ,7.85078088734462,2.35,2019,PDB,False
6gga,EY2,4.847711655616943,1.55,2019,PDB,False
6mjj,JU4,7.844663962534938,1.93,2019,PDB,False
6jfk,GDP,4.841637507904751,2.00,2019,PDB,False
6qfw,JR8,6.826813731587726,1.20,2019,PDB,False
6hah,FWQ,4.812479279163537,1.45,2019,PDB,False
6p84,O3V,4.806875401645538,1.70,2019,PDB,False
6e1z,HLP,3.8239087409443187,1.10,2019,PDB,False
6ipl,DTP,3.815308569182401,1.64,2019,PDB,False
6pyd,P4S,6.806875401645538,2.00,2019,PDB,False
6i62,27N,6.80271944187438,1.65,2019,PDB,False
6qxj,JKQ,4.785156151952302,1.70,2019,PDB,False
6e3s,79A,6.777283528852417,3.00,2019,PDB,False
6g7a,EOQ,6.777283528852417,1.42,2019,PDB,False
6nfz,B49,7.795880017344075,2.97,2019,PDB,False
6nfy,B49,7.795880017344075,2.17,2019,PDB,False
6t1l,M7N,4.767003889607846,2.00,2019,PDB,False
6ql2,EZL,7.769551078621726,1.30,2019,PDB,False
6mkw,HIS,4.769551078621726,2.32,2019,PDB,False
6qas,34W,7.7423214251308154,1.75,2019,PDB,False
6t1j,M7T,4.7423214251308154,1.97,2019,PDB,False
6miy,JTV,7.732828271596986,2.75,2019,PDB,False
6i66,H4Q,6.738737131207507,1.60,2019,PDB,False
6iou,SER,3.73471037413917,2.10,2019,PDB,False
6i78,H5H,4.7447274948966935,1.15,2019,PDB,False
6mj4,JTG,7.718966632752273,2.00,2019,PDB,False
6ueg,Q5G,4.709965388637482,2.00,2019,PDB,False
6jbe,GLC,4.703334809738469,1.75,2019,PDB,False
6quv,JJN,3.0,1.48,2019,PDB,False
6bs5,ANP,5.698970004336019,3.10,2019,PDB,False
6n8x,KFY,5.698970004336019,1.49,2019,PDB,False
6j0g,H6P,5.638272163982407,1.60,2019,PDB,False
6j0k,H6P,5.638272163982407,2.00,2019,PDB,False
6n3v,KB7,5.610833915635467,1.45,2019,PDB,False
6j3o,B4L,5.619788758288394,2.11,2019,PDB,False
6cse,ALA,5.6020599913279625,3.24,2019,PDB,False
6h1d,SAH,5.6020599913279625,1.94,2019,PDB,False
6agk,9WR,5.575118363368933,2.80,2019,PDB,False
6ggd,EYB,5.585026652029182,1.40,2019,PDB,False
6t1o,M82,5.585026652029182,1.90,2019,PDB,False
6nfo,KKM,5.568636235841013,2.93,2019,PDB,False
6i12,H08,5.568636235841013,1.65,2019,PDB,False
6hk4,G8E,8.55129368009492,2.50,2019,PDB,False
6bs4,AGS,5.552841968657781,2.50,2019,PDB,False
6mg5,6ZW,4.692503962086787,1.80,2019,PDB,False
6itq,HCY,4.688246138944246,1.53,2019,PDB,False
6n93,KGA,4.686132779630847,1.70,2019,PDB,False
6ocq,M5J,6.698970004336019,2.79,2019,PDB,False
6mlp,HIS,3.6989700043360187,1.49,2019,PDB,False
6i67,H42,6.695940533782401,1.75,2019,PDB,False
5z66,VDM,6.686132779630847,1.80,2019,PDB,False
6ipm,DCP,3.6861327796308467,1.72,2019,PDB,False
6g6t,ENN,7.698970004336019,1.12,2019,PDB,False
6nfn,BCG,7.698970004336019,2.63,2019,PDB,False
6qfx,JR3,7.698970004336019,1.32,2019,PDB,False
6gj6,EZZ,4.698970004336019,1.76,2019,PDB,False
6iae,GTP,4.698970004336019,2.49,2019,PDB,False
6p86,O4S,4.698970004336019,1.80,2019,PDB,False
6i96,0UE,6.6777807052660805,1.85,2019,PDB,False
6dyr,HJD,3.660349842386316,2.45,2019,PDB,False
6ift,SAM,4.6777807052660805,1.90,2019,PDB,False
6pl1,OOJ,7.653647025549361,2.03,2019,PDB,False
6hq4,CMP,4.649751981665837,2.63,2019,PDB,False
6itp,HCY,4.649751981665837,1.57,2019,PDB,False
6h9v,MFU,0.6575773191777937,1.52,2019,PDB,False
6e1y,HLM,7.657577319177793,1.22,2019,PDB,False
1ca8,0KV,9.494850021680094,2.10,1999,PDB,True
4yas,CLX,3.408935392973501,2.00,1999,PDB,True
1ba8,0IT,9.0,1.80,1999,PDB,True
1c3b,BZB,7.568636235841013,2.25,1999,PDB,True
1bgo,I10,8.455931955649724,2.30,1999,PDB,True
1qcp,RWJ,7.522878745280337,1.80,1999,PDB,True
1bb0,0IV,8.356547323513812,2.10,1999,PDB,True
1ggd,FAF,5.795880017344075,1.50,2000,PDB,True
1f7b,NAV,4.6020599913279625,1.80,2000,PDB,True
1e37,TPY,3.6989700043360187,1.75,2000,PDB,True
1ms6,BLN,9.522878745280337,1.90,2003,PDB,True
1npz,C1P,7.886056647693163,2.00,2003,PDB,True
1mxo,SM2,9.0,1.83,2003,PDB,True
1no9,4ND,7.619788758288394,1.90,2003,PDB,True
1my8,SM3,7.455931955649724,1.72,2003,PDB,True
1nym,CXB,5.3979400086720375,1.20,2003,PDB,True
1nl6,750,11.318758762624412,2.80,2003,PDB,True
1nqc,C4P,7.301029995663981,1.80,2003,PDB,True
1o45,687,9.602059991327963,1.80,2004,PDB,True
1snk,MYE,9.602059991327963,2.40,2004,PDB,True
1o4d,262,3.5228787452803374,1.85,2004,PDB,True
1o4e,299,3.3010299956639813,2.00,2004,PDB,True
1o41,300,3.0457574905606752,1.70,2004,PDB,True
1o4k,PSN,2.9208187539523753,1.57,2004,PDB,True
1tlo,E64,4.0,1.90,2004,PDB,True
1o4a,197,6.920818753952375,1.50,2004,PDB,True
1rhq,0ZZ,7.752026733638194,3.00,2004,PDB,True
1rhm,NA4,5.760700520873107,2.50,2004,PDB,True
1o43,821,5.657577319177793,1.50,2004,PDB,True
1o4i,219,2.638272163982407,1.75,2004,PDB,True
1rtl,CPX,5.585026652029182,2.75,2004,PDB,True
1rhu,3CY,8.522878745280337,2.51,2004,PDB,True
2f9u,5NH,7.3872161432802645,2.60,2006,PDB,True
2a4g,UNH,7.180456064458132,2.50,2006,PDB,True
2a4q,FNH,7.180456064458132,2.45,2006,PDB,True
2g5t,ACF,9.086186147616283,2.30,2006,PDB,True
2i03,AXD,9.0,2.40,2006,PDB,True
2gbf,AIA,7.920818753952375,3.10,2006,PDB,True
2a4r,BNH,7.823908740944319,2.40,2006,PDB,True
2ajd,BPR,10.795880017344075,2.56,2006,PDB,True
2fs8,C3A,7.6020599913279625,2.50,2006,PDB,True
2fxr,C3A,7.6020599913279625,2.50,2006,PDB,True
2ajb,0QG,5.503070351926785,2.75,2006,PDB,True
2g5p,ADF,8.42021640338319,2.40,2006,PDB,True
2fs9,C4A,8.522878745280337,2.30,2006,PDB,True
2gbg,1AD,7.251811972993799,3.00,2006,PDB,True
2g63,AAF,8.173925197299173,2.00,2006,PDB,True
2fm2,3BC,8.154901959985743,2.70,2006,PDB,True
2hwp,DJK,7.136677139879544,2.48,2007,PDB,True
2hwo,RBS,6.8996294548824375,2.50,2007,PDB,True
1vsn,NFT,9.698970004336019,2.00,2007,PDB,True
2o7v,DEP,5.958607314841775,2.30,2007,PDB,True
2r9m,Y11,8.823908740944319,1.97,2007,PDB,True
2qcn,U5P,5.0,1.85,2007,PDB,True
2r6n,CKE,9.0,1.95,2007,PDB,True
1w14,SH1,8.522878745280337,2.20,2008,PDB,True
2z3z,AIO,4.311580177997289,1.95,2008,PDB,True
3e16,B4C,5.2380721615794705,1.60,2008,PDB,True
2eep,AIO,7.055024091587952,2.20,2008,PDB,True
3hd3,25B,7.0,1.75,2009,PDB,True
3i06,QL2,9.698970004336019,1.10,2009,PDB,True
3fmr,TN4,7.97469413473523,2.89,2009,PDB,True
3fkv,BZB,7.568636235841013,1.85,2009,PDB,True
3k7f,F2C,7.698970004336019,1.95,2009,PDB,True
2zz6,6AZ,6.721246399047171,1.66,2009,PDB,True
3eyd,BE8,9.698970004336019,2.30,2009,PDB,True
2zu3,ZU3,6.096910013008056,1.75,2009,PDB,True
3g3m,5FU,5.958607314841775,1.40,2009,PDB,True
2woq,AYC,2.876148359032914,1.75,2009,PDB,True
2wj1,S99,8.721246399047171,1.84,2009,PDB,True
3g3d,5FU,4.739928612014925,1.70,2009,PDB,True
3ex6,U5P,3.657577319177794,1.30,2009,PDB,True
3bm6,C9P,7.585026652029182,2.10,2009,PDB,True
2zu4,ZU3,7.42021640338319,1.93,2009,PDB,True
2wj2,OL1,8.327902142064282,2.55,2009,PDB,True
3e90,NKK,7.3872161432802645,2.45,2009,PDB,True
2ww0,SWA,5.301029995663981,2.80,2009,PDB,True
3gpj,SY2,5.107905397309519,2.70,2009,PDB,True
2zu5,ZU5,7.00436480540245,1.65,2009,PDB,True
2xcn,C8D,6.920818753952375,3.02,2010,PDB,True
3rdh,3RD,5.031517051446065,2.39,2011,PDB,True
3n4c,EF3,8.022276394711152,1.90,2011,PDB,True
3tjm,7FA,5.196542884351586,1.48,2011,PDB,True
3lox,MCX,8.096910013008056,2.65,2011,PDB,True
4hcu,13L,8.0,1.43,2012,PDB,True
4hcv,13J,6.3979400086720375,1.48,2012,PDB,True
4h3a,0YY,6.292429823902063,1.98,2012,PDB,True
3v6s,0F0,9.1249387366083,2.97,2012,PDB,True
4h38,0YX,6.036212172654444,1.95,2012,PDB,True
4e3n,0NE,10.301029995663981,1.49,2012,PDB,True
4e3m,0ND,9.698970004336019,1.44,2012,PDB,True
4e3k,0NA,9.096910013008056,1.43,2012,PDB,True
4e3j,0N4,8.920818753952375,1.80,2012,PDB,True
4e3i,0N3,8.886056647693163,1.60,2012,PDB,True
4g0c,AZM,7.920818753952375,2.00,2012,PDB,True
4e3l,0NB,8.522878745280337,1.43,2012,PDB,True
4e3o,0NG,6.508638306165727,1.60,2012,PDB,True
4li5,1WY,6.259637310505756,2.64,2013,PDB,True
4amx,5GF,2.1870866433571443,2.10,2013,PDB,True
4mzs,2EV,7.920818753952375,1.85,2014,PDB,True
4oon,2U4,7.522878745280337,3.20,2014,PDB,True
4pis,3FU,7.221848749616356,2.10,2014,PDB,True
4piq,3FS,7.096910013008056,2.07,2014,PDB,True
4ool,2U2,6.853871964321762,2.30,2014,PDB,True
4mzo,2EW,6.567030709125595,1.47,2014,PDB,True
4m8t,RMM,6.431798275933005,3.00,2014,PDB,True
3wnt,9BE,6.275724130399211,2.07,2014,PDB,True
3wnr,9BE,6.275724130399211,2.01,2014,PDB,True
3wns,9AI,5.958607314841775,1.66,2014,PDB,True
4hrc,OV2,8.920818753952375,2.80,2014,PDB,True
4hrd,OV1,8.823908740944319,2.80,2014,PDB,True
4no9,2L0,7.823908740944319,2.90,2014,PDB,True
4hnp,ONK,6.783834097714007,2.80,2014,PDB,True
4qlt,39V,8.602059991327963,2.80,2014,PDB,True
4nnw,2MK,6.61261017366127,2.60,2014,PDB,True
4pid,2UQ,4.619788758288394,1.59,2014,PDB,True
4nnn,ALD,6.568636235841013,2.50,2014,PDB,True
4no1,CIX,7.568636235841013,2.50,2014,PDB,True
4osf,4MT,5.443697499232713,1.62,2014,PDB,True
4u0x,ZXM,6.229147988357855,2.03,2014,PDB,True
4wmc,NXL,8.045757490560675,2.30,2014,PDB,True
4lv2,N95,8.0,1.65,2014,PDB,True
4len,2GK,7.3979400086720375,1.50,2014,PDB,True
4lv1,NL9,7.3979400086720375,1.74,2014,PDB,True
4kiu,KIU,3.853871964321762,2.40,2014,PDB,True
4lv3,25N,5.494850021680094,1.42,2014,PDB,True
4mvn,I1S,5.455931955649724,1.70,2014,PDB,True
4q2k,5BF,7.481486060122112,2.20,2014,PDB,True
4wx4,3VF,9.221848749616356,1.03,2015,PDB,True
5d11,56G,7.552841968657781,2.30,2015,PDB,True
4wx7,3VJ,7.3979400086720375,2.40,2015,PDB,True
4qw4,3BV,6.94692155651658,2.80,2015,PDB,True
4qw3,BO2,6.614393726401688,2.90,2015,PDB,True
4qvl,BO2,6.525783735923745,2.80,2015,PDB,True
4qps,37Q,6.522878745280337,1.80,2015,PDB,True
4qws,3BV,6.5003129173815966,3.00,2015,PDB,True
4wz4,3VU,6.443697499232713,1.05,2015,PDB,True
4qvm,BO2,6.350665141287858,2.80,2015,PDB,True
4qw5,3BV,6.347753658996677,3.00,2015,PDB,True
4qw7,3BV,6.283162276700476,2.70,2015,PDB,True
4qwx,04C,6.267606240177032,2.90,2015,PDB,True
4qwk,3BV,6.265200170411153,2.80,2015,PDB,True
4qzx,04C,6.257274868695301,2.60,2015,PDB,True
4qwl,3BV,6.179798540514359,2.60,2015,PDB,True
4qw1,BO2,6.111820506081675,2.90,2015,PDB,True
4yrs,4JS,3.070581074285707,2.75,2015,PDB,True
4qvp,BO2,6.050122295963125,2.30,2015,PDB,True
4qwg,3BV,5.971022294791222,2.60,2015,PDB,True
4qwr,3BV,5.926648297613099,2.90,2015,PDB,True
4qxj,04C,5.897909474488164,2.80,2015,PDB,True
4qw6,3BV,5.854803593885818,2.90,2015,PDB,True
3wzu,1FM,5.886056647693163,3.01,2015,PDB,True
4yrt,781,2.7825160557860937,2.05,2015,PDB,True
4qwj,3BV,5.773142429711276,2.90,2015,PDB,True
4twy,3BL,3.96657624451305,1.60,2015,PDB,True
5afk,5VU,3.87942606879415,2.46,2015,PDB,True
4qwf,3BV,6.0,3.00,2015,PDB,True
4wyy,3VT,6.0,1.28,2015,PDB,True
4qz7,04C,5.645507399410564,2.80,2015,PDB,True
4qz6,04C,5.525929496784957,2.90,2015,PDB,True
4x69,OP0,7.657577319177793,1.42,2015,PDB,True
4x68,OP0,6.567030709125595,1.68,2015,PDB,True
4uuq,64D,7.5376020021010435,2.36,2015,PDB,True
4qz3,04C,5.510744831630739,2.80,2015,PDB,True
4qwu,BO2,5.505845405981558,3.00,2015,PDB,True
4wz5,3VU,5.508638306165727,1.60,2015,PDB,True
4qz0,04C,5.455683858252573,3.00,2015,PDB,True
4qz1,04C,5.436756298859602,3.00,2015,PDB,True
5faq,5VW,5.275724130399211,1.96,2016,PDB,True
5ewa,9BZ,4.823908740944319,2.30,2016,PDB,True
5j9z,6HJ,7.795880017344075,2.50,2016,PDB,True
5foo,JAZ,2.619788758288394,2.10,2016,PDB,True
5hg5,633,8.698970004336019,1.52,2016,PDB,True
5hg9,63A,7.455931955649724,2.15,2016,PDB,True
5hg8,634,8.522878745280337,1.42,2016,PDB,True
5hg7,630,8.397940008672037,1.85,2016,PDB,True
5j9y,6HL,7.236572006437063,2.80,2016,PDB,True
5gso,5GI,6.958607314841775,2.60,2017,PDB,True
5g0q,IF6,10.0,1.65,2017,PDB,True
6bc9,ETS,9.431798275933005,1.80,2018,PDB,True
5ll7,6YV,5.614393726401688,1.40,2018,PDB,True
6nti,9CS,4.568636235841013,2.30,2019,PDB,True
6iyw,IM2,7.230622673923861,1.60,2019,PDB,True
6nng,DJ9,4.2262135550188065,2.40,2019,PDB,True
6s1s,KRT,5.838631997765025,1.78,2019,PDB,True
6hhj,G4H,7.97061622231479,2.30,2019,PDB,True
6d3g,NXL,4.698970004336019,2.40,2019,PDB,True
1dfo,FFO,6.698970004336019,2.40,1999,PDB,False
1bxr,ANP,3.3979400086720375,2.10,1999,PDB,False
1pme,SB2,9.397940008672037,2.00,1999,PDB,False
2bpx,MK1,9.397940008672037,2.80,1999,PDB,False
830c,RS1,9.2839966563652,1.60,1999,PDB,False
5yas,FAC,3.2596373105057563,2.20,1999,PDB,False
1a5h,BBA,6.301029995663981,2.90,1999,PDB,False
1cet,CLQ,2.886056647693163,2.05,1999,PDB,False
2bza,ABN,2.8013429130455774,1.90,1999,PDB,False
1dg9,EPE,2.744727494896694,1.90,1999,PDB,False
3amv,BIN,7.966576244513051,2.10,1999,PDB,False
1qin,GIP,8.0,2.00,1999,PDB,False
1qf2,TI3,5.920818753952375,2.06,1999,PDB,False
1bzc,TPI,4.920818753952375,2.35,1999,PDB,False
1xka,4PP,6.882728704344236,2.30,1999,PDB,False
1a94,0Q4,7.853871964321762,2.00,1999,PDB,False
1b8y,IN7,7.853871964321762,2.00,1999,PDB,False
1d5r,TLA,1.8239087409443189,2.10,1999,PDB,False
1ce5,BEN,4.735182176990463,1.90,1999,PDB,False
1caq,DPS,7.721246399047171,1.80,1999,PDB,False
7std,CRP,10.721246399047171,1.80,1999,PDB,False
6std,MS2,8.638272163982407,1.80,1999,PDB,False
1mfi,FHC,5.585026652029182,1.80,1999,PDB,False
2sfp,PPI,1.6989700043360187,1.90,1999,PDB,False
1bai,0Q4,7.698970004336019,2.40,1999,PDB,False
2bpv,1IN,7.673664139071248,1.90,1999,PDB,False
1c3x,8IG,3.677780705266081,2.40,1999,PDB,False
1bzj,PIC,4.657577319177793,2.25,1999,PDB,False
966c,RS2,7.638272163982407,1.90,1999,PDB,False
1b8o,IMH,10.638272163982407,1.50,1999,PDB,False
13gs,SAS,4.619788758288394,1.90,1999,PDB,False
1upf,URF,4.6020599913279625,2.30,1999,PDB,False
1c3e,NHR,6.585026652029182,2.10,1999,PDB,False
1a0q,HEP,7.568636235841013,2.30,1999,PDB,False
1qhc,PUA,7.568636235841013,1.70,1999,PDB,False
2tsr,D16,7.5376020021010435,2.60,1999,PDB,False
2fmb,LP1,8.698970004336019,1.80,1999,PDB,False
1cr6,CPU,8.508638306165727,2.80,1999,PDB,False
4fiv,LP1,6.522878745280337,1.80,1999,PDB,False
1b8n,IMG,10.522878745280337,2.00,1999,PDB,False
1d6n,PPO,4.501689446210399,2.70,1999,PDB,False
5std,UNN,10.494850021680094,1.95,1999,PDB,False
1ciz,DPS,7.443697499232712,1.64,1999,PDB,False
2bpy,3IN,7.400116927926312,1.90,1999,PDB,False
1hwr,216,8.327902142064282,1.80,1999,PDB,False
1qbv,PPX,5.3872161432802645,1.80,1999,PDB,False
1qf0,TI2,7.376750709602099,2.20,1999,PDB,False
2fgi,PD1,7.3448615651886175,2.50,1999,PDB,False
4std,BFS,10.327902142064282,2.15,1999,PDB,False
1qf1,TI1,7.318758762624412,2.00,1999,PDB,False
1qbq,HFP,8.301029995663981,2.40,1999,PDB,False
3std,MQ0,11.113509274827518,1.65,1999,PDB,False
4prg,072,7.154901959985743,2.90,1999,PDB,False
2toh,HBI,4.154901959985743,2.30,1999,PDB,False
1b56,PLM,6.095825631715837,2.05,1999,PDB,False
1ody,LP1,8.096910013008056,2.00,1999,PDB,False
1eei,GAA,3.154901959985743,2.00,2000,PDB,False
1d5j,MM3,9.154901959985743,2.60,2000,PDB,False
1e02,UNA,6.154901959985743,2.15,2000,PDB,False
1e00,DHM,6.096910013008056,1.83,2000,PDB,False
1dzj,SES,5.886056647693163,2.00,2000,PDB,False
1c3i,TR1,5.795880017344075,1.83,2000,PDB,False
1bzs,BSI,8.0,1.70,2000,PDB,False
1fv9,172,5.0,3.00,2000,PDB,False
1efi,GAT,1.9208187539523751,1.60,2000,PDB,False
1qhr,157,6.886056647693163,2.20,2000,PDB,False
1ftk,KAI,4.838631997765025,1.60,2000,PDB,False
1fd7,AI1,1.853871964321762,1.80,2000,PDB,False
1d8f,SPI,7.7447274948966935,2.40,2000,PDB,False
1qj6,167,7.7447274948966935,2.20,2000,PDB,False
1c8k,CPB,6.0,1.76,2000,PDB,False
1di8,DTQ,6.0,2.20,2000,PDB,False
1cqp,803,5.619788758288394,2.60,2000,PDB,False
1e06,IPB,5.6020599913279625,2.12,2000,PDB,False
1e1y,CPB,5.6020599913279625,2.23,2000,PDB,False
1qpe,PP2,7.698970004336019,2.00,2000,PDB,False
1dmt,RDF,8.698970004336019,2.10,2000,PDB,False
1d8m,BBH,8.508638306165727,2.44,2000,PDB,False
1qkn,RAL,8.468521082957745,2.25,2000,PDB,False
1dzp,BZQ,5.443697499232713,1.83,2000,PDB,False
1dzm,BZM,5.4089353929735005,1.93,2000,PDB,False
1d7x,SPC,8.522878745280337,2.00,2000,PDB,False
3gwx,EPA,5.3979400086720375,2.40,2000,PDB,False
1exv,700,7.346787486224656,2.40,2000,PDB,False
1c29,HE1,6.3260580013659125,2.30,2000,PDB,False
1c8v,HE1,6.3260580013659125,2.20,2000,PDB,False
1ezf,IN0,7.251811972993799,2.15,2000,PDB,False
1dtt,FTC,8.301029995663981,3.00,2000,PDB,False
1di9,MSQ,5.301029995663981,2.60,2000,PDB,False
1c8l,BIN,8.161150909262744,2.30,2000,PDB,False
1dx6,GNT,6.185752404268079,2.30,2000,PDB,False
1dtq,FPT,8.221848749616356,2.80,2000,PDB,False
1em6,CP4,8.221848749616356,2.20,2000,PDB,False
1dm2,HMD,7.154901959985743,2.10,2000,PDB,False
1ftj,GLU,6.085656842880559,1.90,2000,PDB,False
1qj7,GR1,8.096910013008056,2.20,2000,PDB,False
1fsg,9DG,5.022276394711152,1.05,2000,PDB,False
1ftl,DNQ,6.000869458712629,1.80,2000,PDB,False
1qj1,166,8.045757490560675,2.00,2000,PDB,False
1fao,4IP,7.366531544420414,1.80,2000,PDB,False
1fl3,SPB,6.795880017344075,2.45,2000,PDB,False
1d2s,DHT,9.739928612014925,1.55,2000,PDB,False
1df8,BTN,9.698970004336019,1.51,2000,PDB,False
1g52,F2B,9.537602002101044,1.80,2000,PDB,False
1d3q,BT2,6.537602002101044,2.90,2000,PDB,False
1dl7,NCH,6.494850021680094,2.35,2000,PDB,False
1g1d,FSB,9.443697499232712,2.04,2000,PDB,False
1flm,FMN,9.366531544420413,1.30,2000,PDB,False
1db1,VDX,9.259637310505756,1.80,2000,PDB,False
1fcz,156,9.221848749616356,1.38,2000,PDB,False
1fbm,RTL,6.221848749616356,2.70,2000,PDB,False
1d3d,BZT,9.09151498112135,2.04,2000,PDB,False
1dzk,PRZ,6.096910013008056,1.48,2000,PDB,False
1g53,F6B,9.040958607678906,1.94,2000,PDB,False
1qkt,EST,9.036212172654444,2.20,2000,PDB,False
1czc,GUA,2.8239087409443187,2.50,2000,PDB,False
1g54,FFB,8.823908740944319,1.86,2000,PDB,False
1g46,F2B,8.795880017344075,1.84,2000,PDB,False
1duv,PSQ,11.795880017344075,1.70,2000,PDB,False
1qft,HSM,8.769551078621726,1.25,2000,PDB,False
1ql7,ZEN,5.0,2.10,2000,PDB,False
1c5c,TK4,6.958607314841775,1.61,2000,PDB,False
1qiw,DPD,7.7447274948966935,2.30,2000,PDB,False
1g4j,FFB,8.698970004336019,1.84,2000,PDB,False
1e8h,ADP,5.6777807052660805,2.60,2000,PDB,False
1g45,FSB,8.638272163982407,1.83,2000,PDB,False
1cze,SIN,2.619788758288394,2.40,2000,PDB,False
1f4x,MGS,5.585026652029182,2.30,2000,PDB,False
1e5a,TBP,7.638272163982407,1.80,2000,PDB,False
1ftm,AMQ,7.605548319173784,1.70,2000,PDB,False
1fzq,GDP,7.619788758288394,1.70,2000,PDB,False
1fj4,TLM,4.585026652029182,2.35,2000,PDB,False
1e4h,PBR,8.4089353929735,1.80,2000,PDB,False
1g48,F6B,8.4089353929735,1.86,2000,PDB,False
1fcy,564,8.522878745280337,1.30,2000,PDB,False
1bp0,UMP,5.3979400086720375,2.40,2000,PDB,False
1d3p,BT3,7.3872161432802645,2.10,2000,PDB,False
1qpb,PYM,1.3565473235138126,2.40,2000,PDB,False
1g4o,BSB,8.2518119729938,1.96,2000,PDB,False
1etz,GAS,7.236572006437063,2.60,2000,PDB,False
1fcx,184,7.1938200260161125,1.47,2000,PDB,False
1d6v,HOP,6.173925197299173,2.00,2000,PDB,False
1d6s,PLP,4.107905397309519,2.30,2000,PDB,False
1c1u,BAI,8.2518119729938,1.75,2000,PDB,False
1c4v,IH2,10.795880017344075,2.10,2000,PDB,False
1b57,PGH,8.0,2.00,2000,PDB,False
1c1r,BAI,7.628932137728264,1.37,2000,PDB,False
1c1v,BAB,7.638272163982407,1.98,2000,PDB,False
1c4u,IH1,10.366531544420413,2.10,2000,PDB,False
1c70,L75,10.301029995663981,2.50,2000,PDB,False
1fjs,Z34,9.958607314841775,1.92,2000,PDB,False
1c5x,ESI,6.6777807052660805,1.75,2000,PDB,False
1d1p,EPE,3.6020599913279625,2.20,2000,PDB,False
1f3e,DPZ,6.698970004336019,1.85,2000,PDB,False
1c6y,MK1,9.508638306165727,2.50,2000,PDB,False
1c5q,ESI,6.356547323513813,1.43,2000,PDB,False
1e6s,GOX,3.2218487496163566,1.35,2000,PDB,False
1h37,R02,7.229147988357855,2.80,2003,PDB,False
1q6t,600,8.301029995663981,2.30,2003,PDB,False
1o0d,163,8.207608310501746,2.44,2003,PDB,False
1onh,WY4,8.207608310501746,1.38,2003,PDB,False
1oe0,TTP,5.161150909262744,2.40,2003,PDB,False
1gsz,R71,7.214670164989233,2.80,2003,PDB,False
1pmn,984,8.148741651280925,2.20,2003,PDB,False
1pq6,965,8.100179497572904,2.40,2003,PDB,False
1o6r,R19,7.096910013008056,2.70,2003,PDB,False
1ong,WY4,8.045757490560675,1.10,2003,PDB,False
1nf8,ISC,7.823908740944319,1.60,2003,PDB,False
1o7o,UDP,4.494850021680094,1.97,2003,PDB,False
1gx0,UDP,4.221848749616356,1.80,2003,PDB,False
1q72,COC,6.853871964321762,1.70,2003,PDB,False
1qyg,BCG,6.853871964321762,1.81,2003,PDB,False
1p1n,KAI,6.795880017344075,1.60,2003,PDB,False
1hk2,T44,6.769551078621726,2.80,2003,PDB,False
1usi,PHE,6.7447274948966935,1.80,2003,PDB,False
1gww,UDP,3.58838029403677,1.80,2003,PDB,False
1hk3,T44,6.585026652029182,2.80,2003,PDB,False
1mrw,K57,9.698970004336019,2.00,2003,PDB,False
1g74,OLA,6.522878745280337,1.70,2003,PDB,False
1gt3,DHM,6.455931955649724,1.80,2003,PDB,False
1gt4,UNA,6.522878745280337,2.10,2003,PDB,False
1usk,LEU,6.3979400086720375,2.00,2003,PDB,False
1mh5,HAL,9.214670164989233,2.10,2003,PDB,False
1njf,AGS,6.2076083105017466,2.30,2003,PDB,False
1msn,JE2,9.09151498112135,2.00,2003,PDB,False
1ogx,EQU,6.0915149811213505,2.00,2003,PDB,False
1ugw,GAL,3.0861861476162833,1.70,2003,PDB,False
1gt5,BZQ,6.096910013008056,2.08,2003,PDB,False
1ogd,RIP,3.0315170514460648,1.95,2003,PDB,False
1n8u,BDD,6.031517051446065,1.80,2003,PDB,False
1n8v,BDD,6.031517051446065,1.39,2003,PDB,False
1q8u,H52,5.958607314841775,1.90,2003,PDB,False
1p1o,QUS,5.7594507517174005,1.60,2003,PDB,False
1mjj,HAL,8.73754891026957,2.10,2003,PDB,False
1r0p,KSA,8.0,1.80,2003,PDB,False
1p1q,AMQ,4.892790030352131,2.00,2003,PDB,False
1r0x,ATP,3.826813731587726,2.20,2003,PDB,False
1r10,ATP,3.826813731587726,3.00,2003,PDB,False
1q8t,Y27,4.756961951313706,2.00,2003,PDB,False
1oif,IFM,7.721246399047171,2.12,2003,PDB,False
1p93,DEX,7.721246399047171,2.70,2003,PDB,False
1gt1,ANC,6.0,1.71,2003,PDB,False
1lnm,DTX,8.698970004336019,1.90,2003,PDB,False
1ow4,2AN,5.6777807052660805,1.60,2003,PDB,False
1hk1,T44,5.638272163982407,2.65,2003,PDB,False
1ngw,MMP,7.684029654543083,2.60,2003,PDB,False
1oz0,MS1,7.698970004336019,2.50,2003,PDB,False
1ofz,FUL,4.617982957425132,1.50,2003,PDB,False
1mn9,RTP,4.619788758288394,2.90,2003,PDB,False
1q9d,OI1,4.6020599913279625,2.35,2003,PDB,False
1nli,ADE,3.5850266520291822,1.93,2003,PDB,False
1m13,HYF,7.568636235841013,2.15,2003,PDB,False
1lv8,9PP,5.455931955649724,2.30,2003,PDB,False
1oba,CHT,2.4436974992327127,2.45,2003,PDB,False
1lke,DOG,7.519993057042849,1.90,2003,PDB,False
1ntk,AY1,10.494850021680094,2.60,2003,PDB,False
1msm,JE2,10.481486060122112,2.00,2003,PDB,False
1n0s,FLU,7.453457336521869,2.00,2003,PDB,False
1oe7,GSH,5.522878745280337,1.80,2003,PDB,False
1oe8,GSH,5.522878745280337,1.65,2003,PDB,False
1mj7,HAL,8.346787486224656,2.25,2003,PDB,False
1lvu,9PP,5.318758762624412,2.05,2003,PDB,False
1oim,NOJ,5.318758762624412,2.15,2003,PDB,False
1hk4,T44,5.309803919971486,2.40,2003,PDB,False
1q4l,679,7.3979400086720375,2.77,2003,PDB,False
1hk5,T44,5.242603971206976,2.70,2003,PDB,False
1q8w,M77,5.2441251443275085,2.20,2003,PDB,False
1gx4,UDP,4.275724130399211,1.46,2003,PDB,False
1m5w,DXP,4.267606240177032,1.96,2003,PDB,False
1mrx,K57,7.259637310505756,2.00,2003,PDB,False
1mau,ATP,11.301029995663981,2.15,2003,PDB,False
1ucn,ADP,5.221848749616356,2.00,2003,PDB,False
1nw5,SAM,5.214670164989233,2.05,2003,PDB,False
1odi,ADN,4.207608310501746,2.40,2003,PDB,False
1nu1,QNO,7.1938200260161125,3.20,2003,PDB,False
1o9e,FSC,4.180456064458132,2.60,2003,PDB,False
1l6m,DBH,8.102372908709558,2.40,2003,PDB,False
1nw7,SAH,5.0915149811213505,2.10,2003,PDB,False
1maw,ATP,1.0969100130080565,3.00,2003,PDB,False
1odj,GMP,4.096910013008056,2.40,2003,PDB,False
1jn2,SFP,4.086186147616283,1.90,2003,PDB,False
1onz,968,5.096910013008056,2.40,2003,PDB,False
1o3e,696,7.958607314841775,1.64,2003,PDB,False
1o3f,696,7.958607314841775,1.55,2003,PDB,False
1o3g,696,7.958607314841775,1.55,2003,PDB,False
1o2t,783,7.853871964321762,1.62,2003,PDB,False
1j07,DCU,7.6777807052660805,2.35,2003,PDB,False
1o2q,991,7.6777807052660805,1.50,2003,PDB,False
1lyx,PGA,4.5376020021010435,1.90,2003,PDB,False
1lzo,PGA,4.5376020021010435,2.80,2003,PDB,False
1pf8,SU9,7.508638306165727,2.51,2003,PDB,False
1n46,PFA,10.522878745280337,2.20,2003,PDB,False
1oyt,FSN,7.2441251443275085,1.67,2003,PDB,False
1nhg,TCL,7.301029995663981,2.43,2003,PDB,False
1o3h,907,7.301029995663981,1.53,2003,PDB,False
1o3i,907,7.301029995663981,1.51,2003,PDB,False
1o2h,CR3,7.167491087293763,1.77,2003,PDB,False
1o39,780,7.130768280269024,1.59,2003,PDB,False
1o3b,780,7.130768280269024,1.75,2003,PDB,False
1o3c,780,7.130768280269024,1.64,2003,PDB,False
1o3d,780,7.130768280269024,1.33,2003,PDB,False
1nz7,901,7.119186407719209,2.40,2003,PDB,False
1nm6,L86,10.045757490560675,1.80,2003,PDB,False
1m9n,XMP,6.920818753952375,1.93,2003,PDB,False
1o2j,656,6.920818753952375,1.65,2003,PDB,False
1o2k,656,6.920818753952375,1.63,2003,PDB,False
1nc3,FMC,5.0,2.20,2003,PDB,False
1o35,802,5.0,1.41,2003,PDB,False
1jn4,139,4.94692155651658,1.80,2003,PDB,False
1oyq,T87,6.958607314841775,1.90,2003,PDB,False
1mrs,5HU,3.958607314841775,2.00,2003,PDB,False
1ndv,FR0,5.920818753952375,2.30,2003,PDB,False
1pr5,TBN,3.9208187539523753,2.50,2003,PDB,False
1nhw,TCC,4.844663962534939,2.35,2003,PDB,False
1n1t,DAN,3.853871964321762,1.60,2003,PDB,False
1n1v,DAN,3.853871964321762,2.10,2003,PDB,False
1o2p,972,4.853871964321762,1.47,2003,PDB,False
1njs,KEU,7.823908740944319,1.98,2003,PDB,False
1nvs,UCM,7.823908740944319,1.80,2003,PDB,False
1oss,BEN,4.785156151952302,1.93,2003,PDB,False
1my2,AMQ,7.769551078621726,1.80,2003,PDB,False
1j36,LPR,7.7447274948966935,2.40,2003,PDB,False
1nfu,RRP,7.7447274948966935,2.05,2003,PDB,False
1mcz,RMN,3.0,2.80,2003,PDB,False
1mq5,XLC,9.0,2.10,2003,PDB,False
1o8b,ABF,2.6777807052660805,1.25,2003,PDB,False
1n5r,PRM,5.657577319177793,2.25,2003,PDB,False
1nhu,153,5.657577319177793,2.00,2003,PDB,False
1nhv,154,5.657577319177793,2.90,2003,PDB,False
1lrt,TAD,5.638272163982407,2.20,2003,PDB,False
1h0r,FA1,3.6989700043360187,2.10,2003,PDB,False
1nyy,105,4.6777807052660805,1.90,2003,PDB,False
1nny,515,7.657577319177793,2.40,2003,PDB,False
1owk,303,7.628932137728263,2.80,2003,PDB,False
1pb9,4AX,3.6179829574251317,1.60,2003,PDB,False
1lpz,CMB,7.6020599913279625,2.40,2003,PDB,False
1nj1,5CA,7.6020599913279625,2.55,2003,PDB,False
1pa9,CSN,4.6020599913279625,2.00,2003,PDB,False
1h46,RNP,3.5686362358410126,1.52,2003,PDB,False
1np0,NGT,3.5686362358410126,2.50,2003,PDB,False
1owi,426,7.552841968657781,2.93,2003,PDB,False
1lpk,CBB,7.552841968657781,2.20,2003,PDB,False
1i5r,HYC,8.522878745280337,1.60,2003,PDB,False
1nfx,RDR,8.522878745280337,2.15,2003,PDB,False
1pyn,941,5.494850021680094,2.20,2003,PDB,False
1o2s,CR4,5.468521082957745,1.65,2003,PDB,False
1pq3,S2C,7.522878745280337,2.70,2003,PDB,False
1mrn,T5A,4.522878745280337,2.45,2003,PDB,False
1ozv,LYS,1.4365189146055894,2.65,2003,PDB,False
1no6,794,4.4089353929735005,2.40,2003,PDB,False
1nwl,964,2.3872161432802645,2.40,2003,PDB,False
1lzq,0ZQ,8.387216143280265,2.20,2003,PDB,False
1owh,239,7.3979400086720375,1.61,2003,PDB,False
1owj,155,7.318758762624412,3.10,2003,PDB,False
1o1s,1NH,7.309803919971486,2.30,2003,PDB,False
1ps3,KIF,2.2839966563652006,1.80,2003,PDB,False
1nvq,UCN,8.2518119729938,2.00,2003,PDB,False
1nj5,P5A,7.301029995663981,2.80,2003,PDB,False
1ndw,FR2,5.229147988357856,2.00,2003,PDB,False
1o0f,A3P,5.301029995663981,1.50,2003,PDB,False
1pr1,FMB,5.301029995663981,2.30,2003,PDB,False
1h1d,BIA,8.221848749616356,2.00,2003,PDB,False
1o2r,CR9,5.214670164989233,1.45,2003,PDB,False
1owd,497,8.200659450546418,2.32,2003,PDB,False
1q1m,234,5.161150909262744,2.60,2003,PDB,False
1n3z,U3P,4.199282921717615,1.65,2003,PDB,False
1owe,675,6.199970640755866,1.60,2003,PDB,False
1nxy,SM2,7.1938200260161125,1.60,2003,PDB,False
1me7,RVP,7.187086643357144,2.15,2003,PDB,False
1me8,RVP,7.187086643357144,1.90,2003,PDB,False
1ndy,FR3,6.167491087293763,2.00,2003,PDB,False
1pb8,DSN,5.153662887870195,1.45,2003,PDB,False
1o0m,U2P,5.1487416512809245,1.50,2003,PDB,False
1qx1,FMF,2.1249387366083,1.30,2003,PDB,False
1ndz,FR5,8.113509274827518,2.00,2003,PDB,False
1nvr,STU,8.10790539730952,1.80,2003,PDB,False
1m2x,MCO,4.154901959985743,1.50,2003,PDB,False
1mq6,XLD,11.154901959985743,2.10,2003,PDB,False
1lpg,IMA,7.086186147616283,2.00,2003,PDB,False
1o0n,U3P,4.086186147616283,1.50,2003,PDB,False
1n2v,BDI,4.080921907623926,2.10,2003,PDB,False
1ui0,URA,7.055517327849832,1.50,2003,PDB,False
1njj,GET,2.0969100130080562,2.45,2003,PDB,False
1o0o,A2P,5.096910013008056,1.20,2003,PDB,False
1qxk,429,5.045757490560675,2.30,2003,PDB,False
1lqd,CMI,8.045757490560675,2.70,2003,PDB,False
1uv5,BRW,8.301029995663981,2.80,2004,PDB,False
1xom,CIO,7.958607314841775,1.55,2004,PDB,False
1xbc,STU,7.920818753952375,2.00,2004,PDB,False
1vjb,OHT,7.886056647693163,3.20,2004,PDB,False
1xon,PIL,10.67778070526608,1.72,2004,PDB,False
1vjy,460,7.638272163982407,2.00,2004,PDB,False
1xlx,CIO,7.6020599913279625,2.19,2004,PDB,False
1q1y,BB2,7.698970004336019,1.90,2004,PDB,False
1r5g,AO1,7.522878745280337,2.00,2004,PDB,False
1xm4,PIL,10.387216143280265,2.31,2004,PDB,False
1rs4,45P,7.167491087293763,2.70,2004,PDB,False
1py2,FRH,7.221848749616356,2.80,2004,PDB,False
1unh,IXM,7.0,2.35,2004,PDB,False
1r58,AO5,6.958607314841775,1.90,2004,PDB,False
1vj5,CIU,6.920818753952375,2.35,2004,PDB,False
1v0p,PVB,6.886056647693163,2.00,2004,PDB,False
1rv1,IMZ,6.853871964321762,2.30,2004,PDB,False
1r5h,AO2,6.7447274948966935,2.40,2004,PDB,False
1rwq,5AP,10.0,2.20,2004,PDB,False
1unl,RRC,6.698970004336019,2.20,2004,PDB,False
1oiu,N76,6.6777807052660805,2.00,2004,PDB,False
1tkz,H16,6.619788758288394,2.81,2004,PDB,False
1xnz,FCD,6.619788758288394,1.52,2004,PDB,False
1so2,666,9.568636235841012,2.40,2004,PDB,False
1xdd,AAY,6.698970004336019,2.20,2004,PDB,False
1rsd,PSB,6.522878745280337,2.50,2004,PDB,False
1pzj,15B,3.494850021680094,1.46,2004,PDB,False
1t46,STI,6.431798275933005,1.60,2004,PDB,False
1tl1,H18,6.42021640338319,2.90,2004,PDB,False
1xor,ZAR,6.4089353929735005,1.54,2004,PDB,False
1o4f,790,3.5228787452803374,2.00,2004,PDB,False
1xm6,5RM,6.376750709602099,1.92,2004,PDB,False
1xp6,AIU,9.397940008672037,1.70,2004,PDB,False
1tow,CRZ,6.2441251443275085,2.00,2004,PDB,False
1xn0,ROL,6.2441251443275085,2.31,2004,PDB,False
1xp1,AIH,9.301029995663981,1.80,2004,PDB,False
1tl3,H20,6.200659450546418,2.80,2004,PDB,False
1x81,JAN,9.187086643357144,3.50,2004,PDB,False
1xoq,ROF,9.167491087293763,1.83,2004,PDB,False
1tkt,H12,6.1487416512809245,2.60,2004,PDB,False
1uu3,LY4,6.1249387366083,1.70,2004,PDB,False
1tu6,FSP,9.080921907623926,1.75,2004,PDB,False
1xmu,ROF,9.075720713938118,2.30,2004,PDB,False
1sj0,E4D,9.096910013008056,1.90,2004,PDB,False
1ni1,2C5,9.045757490560675,2.30,2004,PDB,False
1xlz,FIL,6.017728766960432,2.06,2004,PDB,False
1xp0,VDN,9.0,1.79,2004,PDB,False
1xoz,CIA,8.920818753952375,1.37,2004,PDB,False
1xp9,AIJ,8.886056647693163,1.80,2004,PDB,False
1tqf,32P,5.853871964321762,1.80,2004,PDB,False
1utz,PF3,5.853871964321762,2.50,2004,PDB,False
1rri,A45,5.823908740944319,2.00,2004,PDB,False
1ros,DEO,8.769551078621726,2.00,2004,PDB,False
1xpc,AIT,8.769551078621726,1.60,2004,PDB,False
1o46,903,8.0,2.00,2004,PDB,False
1sqb,AZO,7.950781977329818,2.69,2004,PDB,False
1tg5,645,7.920818753952375,1.90,2004,PDB,False
1wdy,25A,7.886056647693163,1.80,2004,PDB,False
1uyh,PU0,4.844663962534939,2.20,2004,PDB,False
1uu7,BI2,4.853871964321762,1.90,2004,PDB,False
1uy9,PU6,4.815308569182402,2.00,2004,PDB,False
1qxy,M2C,4.795880017344075,1.04,2004,PDB,False
1uyk,PUX,4.767003889607846,2.00,2004,PDB,False
1w22,NHB,6.755722879198157,2.50,2004,PDB,False
1qxz,M3C,4.721246399047171,1.68,2004,PDB,False
1tou,B1V,6.0,2.00,2004,PDB,False
1uvr,BI8,6.0,2.81,2004,PDB,False
1npa,3NH,8.698970004336019,2.00,2004,PDB,False
1tve,178,5.6777807052660805,3.00,2004,PDB,False
1o4p,791,2.6020599913279625,1.90,2004,PDB,False
1xos,VIA,4.698970004336019,2.28,2004,PDB,False
1oq5,CEL,7.6777807052660805,1.50,2004,PDB,False
1uwh,BAX,7.657577319177793,2.95,2004,PDB,False
1t49,892,4.657577319177793,1.90,2004,PDB,False
1soj,IBM,6.616184634019569,2.90,2004,PDB,False
1v3x,D76,7.619788758288394,2.20,2004,PDB,False
1q6k,TCO,7.585026652029182,2.10,2004,PDB,False
1vcj,IBA,4.585026652029182,2.40,2004,PDB,False
1riw,OSC,7.552841968657781,2.04,2004,PDB,False
1rrw,9MG,4.552841968657781,2.21,2004,PDB,False
1vyz,N5B,6.5376020021010435,2.21,2004,PDB,False
1tkx,GWB,7.5376020021010435,2.85,2004,PDB,False
1o4b,876,5.698970004336019,1.85,2004,PDB,False
1o4q,256,2.494850021680094,1.70,2004,PDB,False
1o4o,HPS,2.4559319556497243,1.70,2004,PDB,False
1o4h,772,2.4436974992327127,2.25,2004,PDB,False
1xot,VDN,5.42021640338319,2.34,2004,PDB,False
1o4r,787,2.408935392973501,1.50,2004,PDB,False
1uyf,PU1,4.522878745280337,2.00,2004,PDB,False
1t48,BB3,3.4559319556497243,2.20,2004,PDB,False
1v1k,3FP,4.455931955649724,2.31,2004,PDB,False
1vyw,292,7.431798275933005,2.30,2004,PDB,False
1rsi,977,4.42021640338319,2.20,2004,PDB,False
1rq2,CIT,2.5228787452803374,1.86,2004,PDB,False
1o44,852,8.522878745280337,1.70,2004,PDB,False
1r78,FMD,8.522878745280337,2.00,2004,PDB,False
1uyi,PUZ,5.3872161432802645,2.00,2004,PDB,False
2iw9,4SP,8.050609993355087,2.00,2006,PDB,False
2f18,GB1,4.096910013008056,1.30,2006,PDB,False
2hiw,7MP,8.096910013008056,2.20,2006,PDB,False
2am2,2LG,5.096910013008056,2.80,2006,PDB,False
2cct,2E1,5.022276394711152,2.30,2006,PDB,False
2i1r,VXR,5.013228265733755,2.20,2006,PDB,False
2bub,FPB,7.045757490560675,2.66,2006,PDB,False
2i0h,222,8.045757490560675,2.00,2006,PDB,False
2f34,UBA,6.886056647693163,1.74,2006,PDB,False
2c94,TSF,6.823908740944319,1.90,2006,PDB,False
2fb8,215,9.795880017344075,2.90,2006,PDB,False
2ceo,T44,10.0,2.80,2006,PDB,False
2gh7,BTN,13.0,1.00,2006,PDB,False
2iwx,M1S,6.6777807052660805,1.50,2006,PDB,False
2ews,ANP,6.619788758288394,2.05,2006,PDB,False
2fgh,ATP,6.552841968657781,2.80,2006,PDB,False
2h21,SAM,6.537602002101044,2.45,2006,PDB,False
2cgf,P2N,6.4089353929735005,2.20,2006,PDB,False
2iws,NP4,6.356547323513813,2.70,2006,PDB,False
2c9d,PHR,6.318758762624412,2.80,2006,PDB,False
2izx,DTD,9.397940008672037,1.30,2006,PDB,False
2f14,FL1,9.193820026016112,1.71,2006,PDB,False
1zc9,PMP,3.2218487496163566,2.00,2006,PDB,False
2c97,JCL,6.142667503568732,2.00,2006,PDB,False
2cvd,HQL,6.096910013008056,1.45,2006,PDB,False
2j79,GTL,5.958607314841775,1.94,2006,PDB,False
2fkf,G16,2.9208187539523753,2.00,2006,PDB,False
2fw6,CIT,2.9208187539523753,1.85,2006,PDB,False
2fwp,CIT,2.9208187539523753,1.85,2006,PDB,False
2iwu,NP5,5.920818753952375,2.80,2006,PDB,False
2g83,GDP,5.920818753952375,2.80,2006,PDB,False
2boj,ARW,5.769551078621726,1.80,2006,PDB,False
2fl5,RBF,8.744727494896694,3.00,2006,PDB,False
2j7g,GI4,7.0,1.91,2006,PDB,False
2buv,DHB,4.0,1.80,2006,PDB,False
2bmv,BEN,2.0,2.11,2006,PDB,False
2ewa,SB2,7.939302159646388,2.10,2006,PDB,False
2a5b,8HG,3.9318141382538383,2.49,2006,PDB,False
2cbz,ATP,3.9281179926938745,1.50,2006,PDB,False
2j77,NOJ,4.889410289700751,2.10,2006,PDB,False
2foy,B30,6.920818753952375,1.55,2006,PDB,False
2haw,2PN,4.920818753952375,1.75,2006,PDB,False
2g2r,TNS,7.886056647693163,2.75,2006,PDB,False
2g97,DGB,6.818156412055227,2.90,2006,PDB,False
2hu6,37A,3.812479279163537,1.32,2006,PDB,False
2o4n,TPV,7.823908740944319,2.00,2006,PDB,False
2gl0,ADN,4.823908740944319,2.25,2006,PDB,False
2gzl,2AA,4.823908740944319,2.50,2006,PDB,False
2ccc,LFN,7.755228238504705,1.70,2006,PDB,False
2b4l,BET,4.769551078621726,2.00,2006,PDB,False
2o4p,TPV,10.721246399047171,1.80,2006,PDB,False
2c92,TP6,5.675717544702307,1.60,2006,PDB,False
2cbu,CTS,5.6777807052660805,1.85,2006,PDB,False
2bmk,PDD,5.619788758288394,2.30,2006,PDB,False
2c9b,PUG,5.540607512240769,2.75,2006,PDB,False
2idk,C2F,5.537602002101044,2.55,2006,PDB,False
2a8g,GNG,3.688246138944246,1.99,2006,PDB,False
2hmv,ADP,7.698970004336019,2.20,2006,PDB,False
2hmu,ATP,7.698970004336019,2.25,2006,PDB,False
2cex,DAN,4.698970004336019,2.20,2006,PDB,False
2h23,SAH,4.673664139071248,2.45,2006,PDB,False
2fqw,NOS,6.6777807052660805,1.71,2006,PDB,False
2j75,NOY,6.647817481888637,1.85,2006,PDB,False
2ca8,GSH,4.657577319177793,2.49,2006,PDB,False
2j7b,NTZ,6.619788758288394,1.87,2006,PDB,False
2a5c,8DA,4.619788758288394,2.50,2006,PDB,False
2fsv,NAD,4.6020599913279625,2.30,2006,PDB,False
2fqy,ADN,6.568636235841013,1.90,2006,PDB,False
2fov,B30,7.552841968657781,1.15,2006,PDB,False
2b4m,PBE,3.530177984021837,2.80,2006,PDB,False
2h3e,6PR,5.698970004336019,2.30,2006,PDB,False
2g5u,PCQ,8.494850021680094,1.80,2006,PDB,False
2cbv,CGB,5.481486060122113,1.95,2006,PDB,False
2hf8,GSP,5.468521082957745,2.10,2006,PDB,False
2f35,UBC,5.404503778174426,1.87,2006,PDB,False
2o4s,AB1,10.508638306165727,1.54,2006,PDB,False
2ccb,RBF,7.44660248987612,1.65,2006,PDB,False
2iko,7IG,5.447210149807218,1.90,2006,PDB,False
2amt,1AA,4.443697499232712,2.30,2006,PDB,False
2j78,GOX,6.4156687756324695,1.65,2006,PDB,False
2h6b,3C4,5.3872161432802645,2.20,2006,PDB,False
2h2j,SFG,5.376750709602099,2.45,2006,PDB,False
2fxv,5GP,5.346787486224656,2.05,2006,PDB,False
2c80,GTX,5.327902142064283,2.30,2006,PDB,False
2ez7,DHI,4.361510743045363,2.00,2006,PDB,False
2j7f,GI3,6.351639989019068,2.28,2006,PDB,False
2j7e,GI2,7.318758762624412,2.19,2006,PDB,False
2c1p,FNZ,5.3979400086720375,2.00,2006,PDB,False
2a4w,BLM,8.292429823902063,1.50,2006,PDB,False
2g96,NMN,4.277366077466188,2.90,2006,PDB,False
2ces,GIM,7.251811972993799,2.15,2006,PDB,False
2o4l,TPV,9.216096420727265,1.33,2006,PDB,False
2j7h,AZF,7.187086643357144,1.95,2006,PDB,False
2fr8,NAD,3.154901959985743,2.60,2006,PDB,False
2fqx,GMP,7.1487416512809245,1.70,2006,PDB,False
2j7d,GI1,7.130768280269024,2.24,2006,PDB,False
2iku,LIY,7.102372908709558,2.60,2006,PDB,False
2il2,LIX,7.102372908709558,2.24,2006,PDB,False
2fxu,BID,8.154901959985743,1.35,2006,PDB,False
2fou,B22,7.096910013008056,0.99,2006,PDB,False
2hnx,PLM,7.080921907623926,1.50,2006,PDB,False
1zsh,IHP,7.070581074285707,2.90,2006,PDB,False
2h5a,X1P,5.096910013008056,1.72,2006,PDB,False
2d0k,FOL,5.021819483062586,1.90,2006,PDB,False
2cet,PGI,8.017728766960431,1.97,2006,PDB,False
2cc7,LUM,8.005243055412372,1.80,2006,PDB,False
2cf8,ESH,8.096910013008056,1.30,2006,PDB,False
2cf9,348,7.823908740944319,1.79,2006,PDB,False
2f0z,ZMR,4.769551078621726,2.80,2006,PDB,False
2aoe,0Q4,7.619788758288394,1.54,2006,PDB,False
2d1o,FA4,7.698970004336019,2.02,2006,PDB,False
2hh5,GNQ,7.494850021680094,1.80,2006,PDB,False
2f7o,MSN,7.443697499232713,1.43,2006,PDB,False
2f81,017,10.522878745280337,1.25,2006,PDB,False
2fzz,5QC,10.522878745280337,2.20,2006,PDB,False
2i3i,618,7.301029995663981,2.30,2006,PDB,False
2bq6,IIB,10.154901959985743,3.00,2006,PDB,False
2bz6,346,7.0915149811213505,1.60,2006,PDB,False
1zsf,0ZS,9.920818753952375,1.98,2006,PDB,False
2d3u,CCT,6.920818753952375,2.00,2006,PDB,False
1zsr,0ZT,9.823908740944319,2.06,2006,PDB,False
2b1i,93A,6.823908740944319,2.02,2006,PDB,False
2d41,SNH,6.823908740944319,2.10,2006,PDB,False
2g00,4QC,9.744727494896694,2.10,2006,PDB,False
1z6e,IK8,9.721246399047171,1.80,2006,PDB,False
2i0g,I0G,9.721246399047171,2.50,2006,PDB,False
2b1g,13A,6.638272163982407,2.10,2006,PDB,False
2d3z,FIH,6.638272163982407,1.80,2006,PDB,False
2f7p,2SK,6.603800652904264,1.28,2006,PDB,False
2hwg,OXL,3.5528419686577806,2.70,2006,PDB,False
2jbj,G88,9.698970004336019,2.19,2006,PDB,False
2f10,BCZ,3.4814860601221125,2.90,2006,PDB,False
2bzz,AP5,6.431798275933005,0.98,2006,PDB,False
2fqo,HYI,6.431798275933005,1.87,2006,PDB,False
2g94,ZPQ,9.522878745280337,1.86,2006,PDB,False
2gvj,DGB,9.522878745280337,2.10,2006,PDB,False
2hoc,1CN,9.522878745280337,2.10,2006,PDB,False
2f9b,N1H,6.522878745280337,2.54,2006,PDB,False
2h4g,694,6.522878745280337,2.50,2006,PDB,False
2jbk,QUS,6.3979400086720375,2.99,2006,PDB,False
2aog,2NC,6.275724130399211,1.10,2006,PDB,False
2avv,MK1,9.259637310505756,1.50,2006,PDB,False
1w6h,TIT,9.301029995663981,2.24,2006,PDB,False
1zvx,FIN,9.221848749616356,1.87,2006,PDB,False
2fqt,H1D,6.142667503568732,1.79,2006,PDB,False
2i0d,MUT,12.096910013008056,1.95,2006,PDB,False
2ien,017,9.0,1.30,2006,PDB,False
2fhy,A37,5.958607314841775,2.95,2006,PDB,False
2idw,017,8.886056647693163,1.10,2006,PDB,False
2avo,MK1,8.853871964321762,1.10,2006,PDB,False
1yz3,SKA,8.809668301829708,2.40,2006,PDB,False
2b1v,458,5.7447274948966935,1.80,2006,PDB,False
2flb,6NH,5.7447274948966935,1.95,2006,PDB,False
2g8r,N3E,3.987162775294828,1.70,2006,PDB,False
2hds,4MB,2.0,1.16,2006,PDB,False
1ypg,UIR,8.0,1.80,2006,PDB,False
2anl,JE2,6.958607314841775,3.30,2006,PDB,False
2fpz,270,3.958607314841775,2.00,2006,PDB,False
2e1w,FR6,7.958607314841775,2.50,2006,PDB,False
2gvv,DI9,3.9030899869919438,1.73,2006,PDB,False
1zfk,NR2,7.920818753952375,1.56,2006,PDB,False
2aoc,2NC,4.886056647693163,1.30,2006,PDB,False
2clx,F18,4.876148359032914,1.80,2006,PDB,False
2c6n,LPR,6.881074247174223,3.00,2006,PDB,False
2gv7,672,7.853871964321762,2.20,2006,PDB,False
2j34,GS6,7.823908740944319,2.01,2006,PDB,False
2hb1,512,3.7958800173440754,2.00,2006,PDB,False
2hd6,BOS,7.795880017344075,1.80,2006,PDB,False
2i19,1BY,7.795880017344075,2.28,2006,PDB,False
2dua,OXL,4.769551078621726,2.00,2006,PDB,False
2bmg,I1H,7.7447274948966935,2.70,2006,PDB,False
2am4,U2F,3.721246399047171,1.70,2006,PDB,False
2f94,BFQ,6.709965388637482,1.94,2006,PDB,False
2fzc,EOP,2.701146923590293,2.10,2006,PDB,False
2hdr,4A3,1.7212463990471711,2.20,2006,PDB,False
2f8g,017,8.698970004336019,1.22,2006,PDB,False
2avm,2NC,5.698970004336019,1.10,2006,PDB,False
2aod,2NC,5.663540266151471,1.40,2006,PDB,False
2an5,TTL,5.6777807052660805,2.50,2006,PDB,False
2c4v,CIT,2.6020599913279625,2.50,2006,PDB,False
2i0j,I0G,8.57186520597121,2.90,2006,PDB,False
2iuz,D1H,5.552841968657781,1.95,2006,PDB,False
2bvr,4CP,3.6989700043360187,1.25,2006,PDB,False
2fx6,270,3.6989700043360187,1.57,2006,PDB,False
2c4w,GAJ,4.698970004336019,1.55,2006,PDB,False
2dw7,SRT,4.698970004336019,2.50,2006,PDB,False
2cn0,F25,7.657577319177793,1.30,2006,PDB,False
2fzk,EOZ,3.6020599913279625,2.50,2006,PDB,False
2gsu,AMP,3.5850266520291822,2.00,2006,PDB,False
2fdp,FRP,7.585026652029182,2.50,2006,PDB,False
2avs,MK1,7.568636235841013,1.10,2006,PDB,False
2i3v,GLU,6.549750891680639,2.40,2006,PDB,False
2f1g,GNF,7.5376020021010435,1.90,2006,PDB,False
2b7d,C1B,8.698970004336019,2.24,2006,PDB,False
2bvx,5CB,8.698970004336019,3.20,2006,PDB,False
2i0e,PDS,8.698970004336019,2.60,2006,PDB,False
2i3z,LIR,8.698970004336019,2.90,2006,PDB,False
2f2h,XTG,5.698970004336019,1.95,2006,PDB,False
2ieo,017,8.494850021680094,1.53,2006,PDB,False
2ihq,LG7,8.494850021680094,2.00,2006,PDB,False
2h4k,509,5.494850021680094,2.30,2006,PDB,False
2ioa,GGA,5.494850021680094,2.80,2006,PDB,False
2hs1,017,8.481486060122112,0.84,2006,PDB,False
2j47,GDV,5.4089353929735005,1.98,2006,PDB,False
1zfq,ZEC,7.522878745280337,1.55,2006,PDB,False
2f89,210,6.480172006224281,2.60,2006,PDB,False
2c57,FA1,3.431798275933005,3.10,2006,PDB,False
2ivu,ZD6,6.425968732272281,2.50,2006,PDB,False
2cmo,M1L,6.404503778174426,2.65,2006,PDB,False
2boh,IIA,8.522878745280337,2.20,2006,PDB,False
2bqw,IIE,8.522878745280337,2.95,2006,PDB,False
2bxt,C2D,8.522878745280337,1.83,2006,PDB,False
2fvd,LIA,8.522878745280337,1.85,2006,PDB,False
2gbi,XIH,8.522878745280337,3.30,2006,PDB,False
2hb3,GRL,11.346787486224656,1.35,2006,PDB,False
2hs2,017,8.309803919971486,1.22,2006,PDB,False
2hdq,C21,1.3979400086720375,2.10,2006,PDB,False
2avq,2NC,4.3872161432802645,1.30,2006,PDB,False
2fzg,EOB,3.3767507096020997,2.25,2006,PDB,False
2aw1,COX,7.366531544420414,1.46,2006,PDB,False
2gv6,730,7.337242168318426,2.10,2006,PDB,False
2j2u,GSQ,7.327902142064283,1.90,2006,PDB,False
2i0a,MUI,11.397940008672037,1.80,2006,PDB,False
2i80,G1L,5.3979400086720375,2.19,2006,PDB,False
2cbj,OAN,8.267606240177031,2.35,2006,PDB,False
1zge,SDA,7.301029995663981,1.65,2006,PDB,False
2ceq,GIM,7.275724130399211,2.14,2006,PDB,False
1zky,689,6.251811972993799,2.25,2006,PDB,False
2fai,459,6.2441251443275085,2.10,2006,PDB,False
2hdu,F12,2.3010299956639813,1.49,2006,PDB,False
2ff1,IMH,8.207608310501746,2.07,2006,PDB,False
2ff2,IMH,8.207608310501746,2.20,2006,PDB,False
2f80,017,8.18045606445813,1.45,2006,PDB,False
2hnc,1SA,7.221848749616356,1.55,2006,PDB,False
2aj8,SC3,6.195179321278838,2.11,2006,PDB,False
2g8n,F83,7.200659450546418,2.15,2006,PDB,False
1z9y,FUN,7.187086643357144,1.66,2006,PDB,False
2cji,GSK,8.221848749616356,2.10,2006,PDB,False
2hxm,302,5.221848749616356,1.30,2006,PDB,False
1zs0,EIN,6.154901959985743,1.56,2006,PDB,False
2bxu,C1D,7.154901959985743,2.80,2006,PDB,False
1yp9,UIZ,5.113509274827518,2.10,2006,PDB,False
2d1n,FA4,8.154901959985743,2.37,2006,PDB,False
2bvs,2CE,4.096910013008056,1.40,2006,PDB,False
2f9k,ZOL,7.066006836168758,2.06,2006,PDB,False
2bq7,IID,7.050609993355087,2.20,2006,PDB,False
1ype,UIP,8.096910013008056,1.81,2006,PDB,False
1w7g,MIU,5.096910013008056,1.65,2006,PDB,False
2c02,ADP,4.036212172654444,2.00,2006,PDB,False
1ypj,UIB,7.022276394711152,1.78,2006,PDB,False
2in6,839,7.638272163982407,1.90,2007,PDB,False
2j4a,OEF,10.602059991327963,2.20,2007,PDB,False
2io6,330,7.522878745280337,2.20,2007,PDB,False
2uzn,C96,7.522878745280337,2.30,2007,PDB,False
2obj,VRV,7.301029995663981,2.50,2007,PDB,False
2duv,371,7.060480747381382,2.20,2007,PDB,False
2p3g,F10,6.8996294548824375,3.80,2007,PDB,False
2uzb,C75,6.920818753952375,2.70,2007,PDB,False
2jdt,I5S,6.769551078621726,2.15,2007,PDB,False
2uzd,C85,6.7447274948966935,2.72,2007,PDB,False
2rjp,886,7.0,2.80,2007,PDB,False
2va7,C27,6.698970004336019,2.20,2007,PDB,False
2of2,547,6.6777807052660805,2.00,2007,PDB,False
2j7w,GTP,6.657577319177793,2.60,2007,PDB,False
2jdo,I5S,6.638272163982407,1.80,2007,PDB,False
2pgj,N1C,3.585026652029182,1.71,2007,PDB,False
2pgl,N1C,3.585026652029182,1.76,2007,PDB,False
3b8z,294,6.537602002101044,1.40,2007,PDB,False
2ofv,242,9.698970004336019,2.00,2007,PDB,False
2gdo,12C,9.494850021680094,3.00,2007,PDB,False
2o64,MYU,6.468521082957745,2.44,2007,PDB,False
2ohv,NHL,6.455931955649724,2.50,2007,PDB,False
2fw3,BUI,6.42021640338319,2.50,2007,PDB,False
2oj9,BMI,6.4089353929735005,2.00,2007,PDB,False
2hog,710,9.522878745280337,1.90,2007,PDB,False
2pvw,G88,9.522878745280337,1.71,2007,PDB,False
2q6b,HR2,9.522878745280337,2.00,2007,PDB,False
2off,OFF,6.522878745280337,2.20,2007,PDB,False
2owb,626,6.356547323513813,2.10,2007,PDB,False
2qpj,I20,6.346787486224656,2.05,2007,PDB,False
2uyi,K02,6.318758762624412,2.10,2007,PDB,False
2v10,C61,9.397940008672037,3.10,2007,PDB,False
2e98,B29,6.229147988357856,1.90,2007,PDB,False
2og8,1N8,9.301029995663981,2.30,2007,PDB,False
2uzl,C94,6.214670164989233,2.40,2007,PDB,False
2p98,YE7,6.1938200260161125,1.70,2007,PDB,False
2hy0,306,9.187086643357144,1.70,2007,PDB,False
2o65,MYF,6.187086643357144,2.85,2007,PDB,False
2ozr,GG1,9.173925197299173,2.30,2007,PDB,False
2va6,H24,6.173925197299173,2.50,2007,PDB,False
2e99,B08,6.161150909262744,2.00,2007,PDB,False
2v0z,C41,9.221848749616356,2.20,2007,PDB,False
3b2w,9NH,9.221848749616356,2.30,2007,PDB,False
2uue,MTZ,6.130768280269024,2.06,2007,PDB,False
2o63,MYC,6.107905397309519,2.00,2007,PDB,False
2g9u,G27,6.075720713938118,2.15,2007,PDB,False
2q1j,FXI,9.096910013008056,1.90,2007,PDB,False
2pzi,AXX,6.096910013008056,2.40,2007,PDB,False
2e9a,B28,6.040958607678906,2.10,2007,PDB,False
2o48,AC6,6.013228265733755,2.59,2007,PDB,False
2v12,C39,9.045757490560675,3.20,2007,PDB,False
2r0u,M54,9.0,1.90,2007,PDB,False
2p99,YE6,5.935542010773082,1.80,2007,PDB,False
2e9c,B75,5.958607314841775,2.05,2007,PDB,False
2o3p,QUE,5.958607314841775,2.24,2007,PDB,False
2uzv,SS5,5.866461091629782,2.50,2007,PDB,False
2e9d,B76,5.886056647693163,2.50,2007,PDB,False
2jbl,SMA,5.886056647693163,2.40,2007,PDB,False
2ooh,OX3,5.886056647693163,1.85,2007,PDB,False
2ork,IPD,2.853871964321762,1.89,2007,PDB,False
2ghg,A53,8.823908740944319,3.50,2007,PDB,False
2qe5,617,5.785156151952302,2.60,2007,PDB,False
2q2y,MKR,8.795880017344075,2.50,2007,PDB,False
2q7m,2CS,8.795880017344075,4.25,2007,PDB,False
2p3o,GTA,2.769551078621726,2.76,2007,PDB,False
2pg2,K01,5.769551078621726,1.85,2007,PDB,False
2veu,IZ1,7.0,2.40,2007,PDB,False
2ohr,8IP,4.0,2.25,2007,PDB,False
2qcg,5BU,4.0,1.75,2007,PDB,False
2p4i,MR9,8.0,2.50,2007,PDB,False
2ieh,MOY,6.958607314841775,2.70,2007,PDB,False
2ojf,4PY,6.958607314841775,2.10,2007,PDB,False
2hiz,LIJ,6.950781977329818,2.50,2007,PDB,False
2e2b,406,7.958607314841775,2.20,2007,PDB,False
2oah,QIN,7.958607314841775,1.80,2007,PDB,False
2p83,MR0,7.958607314841775,2.50,2007,PDB,False
2qk8,MTX,7.913640169325252,2.40,2007,PDB,False
2q1l,882,7.906578314837765,2.05,2007,PDB,False
2hxl,422,7.920818753952375,1.80,2007,PDB,False
2qd9,LGF,7.886056647693163,1.70,2007,PDB,False
2hxq,373,6.841637507904751,2.00,2007,PDB,False
2ou7,ANP,3.8096683018297086,2.40,2007,PDB,False
2o5k,HBM,7.823908740944319,3.20,2007,PDB,False
2o7n,2O7,7.823908740944319,1.75,2007,PDB,False
3bi6,396,7.823908740944319,2.20,2007,PDB,False
2hb9,L13,4.823908740944319,1.75,2007,PDB,False
2ilp,GB5,4.823908740944319,1.90,2007,PDB,False
2q6c,HR1,7.777283528852417,2.00,2007,PDB,False
2oph,277,7.795880017344075,2.40,2007,PDB,False
2osc,MUH,7.769551078621726,2.80,2007,PDB,False
2qe2,452,7.769551078621726,2.90,2007,PDB,False
2vex,IZ4,6.7447274948966935,2.20,2007,PDB,False
2oh0,2PY,7.7447274948966935,2.20,2007,PDB,False
2pjl,047,6.721246399047171,2.30,2007,PDB,False
2iok,IOK,9.0,2.40,2007,PDB,False
2ofu,1N9,9.0,2.00,2007,PDB,False
2oo8,RAJ,9.0,2.20,2007,PDB,False
2ow1,7MR,9.0,2.20,2007,PDB,False
2rgu,356,9.0,2.60,2007,PDB,False
2q72,IXX,2.679853713888946,1.70,2007,PDB,False
3bgs,DIH,9.42021640338319,2.10,2008,PDB,False
2vr0,HQO,4.42021640338319,2.80,2008,PDB,False
3d83,GK6,8.356547323513812,1.90,2008,PDB,False
2qn3,F55,5.356547323513812,1.96,2008,PDB,False
3e9b,S2C,5.346787486224656,2.15,2008,PDB,False
2qnb,BZD,5.337242168318426,1.80,2008,PDB,False
2qi0,MZ3,7.376750709602099,2.10,2008,PDB,False
2vvs,OAN,7.337242168318426,2.24,2008,PDB,False
2r2m,I50,7.326979092871103,2.10,2008,PDB,False
3d0e,G93,8.397940008672037,2.00,2008,PDB,False
3ckr,009,5.300943145452332,2.70,2008,PDB,False
3dyo,IPT,2.3010299956639813,1.80,2008,PDB,False
3bmo,AX4,5.267606240177032,1.60,2008,PDB,False
3cen,FXA,8.259637310505756,1.60,2008,PDB,False
3e5a,VX6,8.229147988357855,2.30,2008,PDB,False
2qi1,MZ4,7.301029995663981,2.00,2008,PDB,False
3d52,GHR,3.283996656365201,1.60,2008,PDB,False
2qoa,MAJ,7.2839966563652006,1.60,2008,PDB,False
2qhz,MZ2,7.275724130399211,1.85,2008,PDB,False
2ole,KR2,7.250263684430939,2.40,2008,PDB,False
2jkp,CTS,4.229147988357856,1.99,2008,PDB,False
2jke,NOJ,4.229147988357856,1.70,2008,PDB,False
2pvk,P45,8.301029995663981,1.90,2008,PDB,False
2rd6,78P,8.301029995663981,2.30,2008,PDB,False
2vk6,DAN,5.301029995663981,1.50,2008,PDB,False
3bcs,CJB,5.214670164989233,2.00,2008,PDB,False
1w11,SK1,8.221848749616356,2.00,2008,PDB,False
2zcs,B70,8.221848749616356,2.03,2008,PDB,False
3d9v,H52,8.221848749616356,3.30,2008,PDB,False
3b4f,TUO,8.142667503568731,1.89,2008,PDB,False
2e9u,A25,8.100179497572904,2.00,2008,PDB,False
3d51,GOX,4.154901959985743,1.43,2008,PDB,False
2vot,NHV,7.142667503568731,1.95,2008,PDB,False
2v77,PAY,5.060480747381382,1.60,2008,PDB,False
3cl0,G39,7.071604147743286,2.20,2008,PDB,False
2pvj,P44,8.096910013008056,1.70,2008,PDB,False
2rcw,AAI,8.096910013008056,2.80,2008,PDB,False
3caj,EZL,8.096910013008056,1.80,2008,PDB,False
2r9w,23C,5.096910013008056,1.80,2008,PDB,False
3bxs,DRS,5.096910013008056,1.60,2008,PDB,False
3bgc,LJH,5.017728766960431,1.80,2008,PDB,False
2vnt,QGG,8.00436480540245,2.20,2008,PDB,False
2vl4,MNM,6.010995384301463,1.90,2008,PDB,False
3emg,685,8.045757490560675,2.60,2008,PDB,False
3fz1,B98,7.920818753952375,1.90,2009,PDB,False
3h59,H59,7.886056647693163,2.10,2009,PDB,False
3g9e,RO7,7.721246399047171,2.30,2009,PDB,False
2w1c,L0C,8.0,3.24,2009,PDB,False
2wev,CK7,8.0,2.30,2009,PDB,False
3cvk,N34,8.0,2.31,2009,PDB,False
3d5m,4MS,8.0,2.20,2009,PDB,False
3gur,BYG,8.0,2.50,2009,PDB,False
2wez,ZYE,7.638272163982407,1.70,2009,PDB,False
3ii5,831,7.619788758288394,2.79,2009,PDB,False
3hmm,855,7.6020599913279625,1.70,2009,PDB,False
3gxl,QIG,7.6020599913279625,1.80,2009,PDB,False
3igv,B80,7.6020599913279625,2.60,2009,PDB,False
3ig6,438,7.6020599913279625,1.83,2009,PDB,False
3hf6,LX0,7.585026652029182,1.80,2009,PDB,False
3fei,CTM,7.698970004336019,2.40,2009,PDB,False
3g8i,RO7,7.42021640338319,2.20,2009,PDB,False
3fyk,B98,7.3979400086720375,3.50,2009,PDB,False
3gyn,B42,7.214670164989233,2.15,2009,PDB,False
3ff6,RCP,7.154901959985743,3.19,2009,PDB,False
3hp5,52P,7.154901959985743,2.30,2009,PDB,False
3gol,XND,7.0915149811213505,2.85,2009,PDB,False
2w3k,L1D,10.096910013008056,2.05,2009,PDB,False
3fxv,643,7.026872146400302,2.26,2009,PDB,False
2w6n,OA2,6.903089986991944,1.87,2009,PDB,False
3jpv,1DR,6.920818753952375,2.35,2009,PDB,False
3kvx,FMY,6.8297382846050425,2.40,2009,PDB,False
3g42,792,6.853871964321762,2.10,2009,PDB,False
3kb3,A8S,6.823908740944319,1.95,2009,PDB,False
3fv8,JK3,6.795880017344075,2.28,2009,PDB,False
3hng,8ST,6.7447274948966935,2.70,2009,PDB,False
2w3i,L1C,10.0,1.90,2009,PDB,False
3c7p,POF,10.0,1.70,2009,PDB,False
2wf0,ZY0,6.6777807052660805,1.60,2009,PDB,False
2wtd,ZZK,6.6777807052660805,2.75,2009,PDB,False
3iej,599,6.657577319177793,2.18,2009,PDB,False
2wbd,RO5,6.638272163982407,2.40,2009,PDB,False
2wi6,ZZ6,6.638272163982407,2.18,2009,PDB,False
3kah,4DH,6.585026652029182,2.30,2009,PDB,False
3ej5,EJ5,3.5686362358410126,2.50,2009,PDB,False
3il6,B83,6.568636235841013,2.50,2009,PDB,False
3g6z,A7T,9.698970004336019,2.00,2009,PDB,False
3k3b,L31,6.698970004336019,2.40,2009,PDB,False
2wtc,VGM,6.508638306165727,3.00,2009,PDB,False
2w6p,OA4,6.47755576649368,1.85,2009,PDB,False
2w71,L23,6.476253533188435,1.99,2009,PDB,False
3hr1,PF9,9.431798275933005,1.53,2009,PDB,False
2waj,SNB,6.400116927926312,2.40,2009,PDB,False
3hqz,PF8,9.3767507096021,1.70,2009,PDB,False
3fr5,I4A,6.346787486224656,2.20,2009,PDB,False
3gw5,72X,9.327902142064282,2.00,2009,PDB,False
3g70,A5T,9.397940008672037,2.00,2009,PDB,False
2wo8,077,6.2839966563652006,2.00,2009,PDB,False
2wqb,QQ1,6.267606240177032,2.95,2009,PDB,False
3fqh,057,6.2441251443275085,2.26,2009,PDB,False
3dv1,AR9,6.229147988357856,2.10,2009,PDB,False
3fr2,8CA,6.229147988357856,2.20,2009,PDB,False
2zv2,609,6.301029995663981,2.40,2009,PDB,False
3g1m,RF3,6.301029995663981,1.70,2009,PDB,False
3fr4,F8A,6.187086643357144,2.16,2009,PDB,False
3hp2,P36,6.167491087293763,2.15,2009,PDB,False
3fnu,006,6.161150909262744,3.00,2009,PDB,False
3gc7,B45,9.221848749616356,1.80,2009,PDB,False
3fej,CTM,6.130768280269024,2.01,2009,PDB,False
2wtj,WTJ,6.154901959985743,2.10,2009,PDB,False
3fpd,Q4A,6.154901959985743,2.40,2009,PDB,False
3eq7,X99,9.09151498112135,2.89,2009,PDB,False
3kaf,4D9,6.080921907623926,2.30,2009,PDB,False
3fc2,IBI,9.060480747381382,2.45,2009,PDB,False
3eq8,X98,9.05551732784983,2.73,2009,PDB,False
3g72,A6T,9.096910013008056,1.90,2009,PDB,False
2wi5,ZZ5,6.045757490560675,2.10,2009,PDB,False
2w1d,L0D,6.040958607678906,2.97,2009,PDB,False
2wbb,RO3,6.036212172654444,2.22,2009,PDB,False
2zoq,5ID,6.045757490560675,2.39,2009,PDB,False
3ezv,EZV,5.982966660701219,1.99,2009,PDB,False
2woa,576,5.939302159646388,2.26,2009,PDB,False
2w1i,L0I,8.920818753952375,2.60,2009,PDB,False
3hyf,ON1,5.920818753952375,1.70,2009,PDB,False
3a4o,STU,8.886056647693163,3.00,2009,PDB,False
3f9n,38M,5.886056647693163,1.90,2009,PDB,False
3fci,3FI,5.886056647693163,1.27,2009,PDB,False
3d28,B34,5.853871964321762,2.30,2009,PDB,False
3duy,AFJ,5.853871964321762,1.97,2009,PDB,False
2wi4,ZZ4,5.806875401645539,2.40,2009,PDB,False
3fzs,B96,5.823908740944319,1.75,2009,PDB,False
3ftw,11X,2.7772835288524167,1.85,2009,PDB,False
3eyg,MI1,8.795880017344075,1.90,2009,PDB,False
3idp,L1E,8.795880017344075,2.70,2009,PDB,False
3il5,B82,5.795880017344075,2.60,2009,PDB,False
2zvj,KOM,5.7447274948966935,2.30,2009,PDB,False
3hj0,A93,5.707743928643524,1.34,2009,PDB,False
3k3i,JZJ,5.721246399047171,1.70,2009,PDB,False
3fck,FCK,4.0,1.64,2009,PDB,False
3hy7,097,6.97469413473523,1.69,2009,PDB,False
3h2a,B57,3.962972120244225,2.40,2009,PDB,False
2zjw,REF,7.698970004336019,2.40,2009,PDB,False
3kcf,JZO,7.455931955649724,2.80,2009,PDB,False
2zy1,830,7.3979400086720375,1.78,2009,PDB,False
3ikg,J8Z,7.2441251443275085,1.86,2009,PDB,False
3h5b,031,10.00436480540245,1.29,2009,PDB,False
3jya,LWG,6.885722703438414,2.10,2009,PDB,False
3fx6,BPX,6.795880017344075,1.85,2009,PDB,False
3ikd,J9Z,6.747146969020107,2.00,2009,PDB,False
3dk1,G05,9.744727494896694,1.07,2009,PDB,False
3g32,3G3,3.712198270069774,1.31,2009,PDB,False
3elm,24F,9.721246399047171,1.90,2009,PDB,False
3gs6,NP6,6.585026652029182,2.30,2009,PDB,False
3gsm,VPU,6.481486060122113,2.40,2009,PDB,False
3g5k,BB2,9.522878745280337,1.70,2009,PDB,False
2wcg,MT5,6.376750709602099,2.30,2009,PDB,False
3g90,J72,6.356547323513813,2.40,2009,PDB,False
3ctt,3CU,6.346787486224656,2.10,2009,PDB,False
2wk6,IUR,3.318758762624413,2.50,2009,PDB,False
3ckt,YDP,6.318758762624412,1.65,2009,PDB,False
3jq9,AX1,6.3979400086720375,2.30,2009,PDB,False
3h8b,NSY,6.291579099865287,1.80,2009,PDB,False
2znt,DYH,9.301029995663981,1.60,2009,PDB,False
3g9l,J67,6.130768280269024,2.20,2009,PDB,False
3ibu,O48,9.154901959985743,1.41,2009,PDB,False
2wc3,AM3,6.080921907623926,2.00,2009,PDB,False
3ffg,FFG,9.075720713938118,1.54,2009,PDB,False
3kck,3KC,9.096910013008056,2.20,2009,PDB,False
3jqb,DX6,6.017728766960432,2.40,2009,PDB,False
3iss,EPU,6.045757490560675,2.50,2009,PDB,False
3g34,1CE,2.958607314841775,1.31,2009,PDB,False
3ebp,CPB,5.906578314837765,2.00,2009,PDB,False
3egt,722,8.899629454882437,2.00,2009,PDB,False
3jq7,DX2,5.920818753952375,1.80,2009,PDB,False
3g31,GF1,2.886056647693163,1.70,2009,PDB,False
3fcq,M3S,2.769551078621726,1.75,2009,PDB,False
2wkz,5AH,8.769551078621726,1.70,2009,PDB,False
3g9n,J88,5.7447274948966935,2.80,2009,PDB,False
2wd7,VGD,4.97469413473523,1.90,2009,PDB,False
3g2y,GF4,2.0,1.31,2009,PDB,False
2vwn,H25,8.0,1.61,2009,PDB,False
3fur,Z12,8.0,2.30,2009,PDB,False
3hs4,AZM,8.0,1.10,2009,PDB,False
3gbe,NOJ,5.0,1.70,2009,PDB,False
3iww,YZE,7.958607314841775,2.30,2009,PDB,False
3eft,3BS,7.920818753952375,1.85,2009,PDB,False
3hfv,MTY,4.866461091629782,2.60,2009,PDB,False
3khv,4AL,1.8541822855081724,2.35,2009,PDB,False
3hfz,MTY,4.886056647693163,2.90,2009,PDB,False
3ibl,O59,7.835647144215563,1.55,2009,PDB,False
2wzs,MVL,3.853871964321762,2.25,2009,PDB,False
3i7e,DJR,10.853871964321762,1.70,2009,PDB,False
2ww2,SWA,4.853871964321762,1.90,2009,PDB,False
3dx2,MZB,6.823908740944319,1.40,2009,PDB,False
2wl0,5AH,7.795880017344075,1.90,2009,PDB,False
3dnd,LL2,4.795880017344075,2.26,2009,PDB,False
3hav,SRY,3.769551078621726,2.45,2009,PDB,False
3jqg,AX6,4.7447274948966935,1.90,2009,PDB,False
3gxt,NOJ,4.7447274948966935,2.70,2009,PDB,False
3ebo,57D,4.721017883134557,1.90,2009,PDB,False
3f6g,ILE,4.721246399047171,2.00,2009,PDB,False
3grj,G14,3.0,2.49,2009,PDB,False
3dd0,EZL,9.0,1.48,2009,PDB,False
3dcw,EZL,9.0,1.50,2009,PDB,False
3jxw,LXG,9.0,2.80,2009,PDB,False
3jy9,JZH,9.0,2.10,2009,PDB,False
2wky,IBC,8.590066876668706,2.20,2009,PDB,False
2wca,NP6,5.6020599913279625,2.30,2009,PDB,False
3kgp,4AZ,2.571865205971211,2.35,2009,PDB,False
3gvb,3GV,2.585026652029182,1.80,2009,PDB,False
3ibi,BOW,8.585026652029182,1.93,2009,PDB,False
3dkf,SX8,8.568636235841012,1.80,2009,PDB,False
3ejq,HN3,8.568636235841012,1.45,2009,PDB,False
3ejr,HN4,8.568636235841012,1.27,2009,PDB,False
3ejp,HN2,8.55284196865778,1.32,2009,PDB,False
2zx8,ZX8,9.635636645384269,2.33,2009,PDB,False
3hl7,I47,7.638272163982407,1.88,2009,PDB,False
3ibn,O60,7.610833915635467,2.20,2009,PDB,False
3iph,G11,7.600326278518962,2.10,2009,PDB,False
2zx6,ZX6,10.600326278518962,2.42,2009,PDB,False
3g0i,VPR,3.6020599913279625,2.10,2009,PDB,False
3dx1,YHO,3.576754126063192,1.21,2009,PDB,False
3ff3,GLU,3.5686362358410126,1.37,2009,PDB,False
3h30,RFZ,4.534617148551582,1.56,2009,PDB,False
2zns,GLU,6.5376020021010435,2.00,2009,PDB,False
2w5i,ATP,4.5376020021010435,2.40,2009,PDB,False
2zz1,6CN,4.5376020021010435,1.57,2009,PDB,False
2zz2,6CN,4.5376020021010435,1.53,2009,PDB,False
3gsg,GF1,2.6989700043360187,2.10,2009,PDB,False
3hvj,705,8.698970004336019,1.79,2009,PDB,False
3g30,G30,2.5086383061657274,1.80,2009,PDB,False
2wr8,SAH,5.443697499232713,1.77,2009,PDB,False
3dx3,YTB,6.522878745280337,1.42,2009,PDB,False
3hio,C2X,6.522878745280337,2.00,2009,PDB,False
2vwo,LZG,7.508638306165727,1.60,2009,PDB,False
2zx7,ZX7,10.492144128304169,2.48,2009,PDB,False
3h0a,D30,7.481486060122112,2.10,2009,PDB,False
3hl5,9JZ,4.468521082957745,1.80,2009,PDB,False
2wbg,LGS,4.453457336521869,1.85,2009,PDB,False
3jqf,AX2,4.455931955649724,1.60,2009,PDB,False
3jq8,DX3,4.455931955649724,1.95,2009,PDB,False
3jqa,DX4,4.455931955649724,1.90,2009,PDB,False
3dx0,MSN,7.443697499232712,1.70,2009,PDB,False
3gr2,GF4,2.5228787452803374,1.80,2009,PDB,False
2vvc,LZF,8.522878745280337,1.95,2009,PDB,False
3hvh,542,8.522878745280337,1.30,2009,PDB,False
3hvk,719,8.522878745280337,1.30,2009,PDB,False
2zxa,ZXA,8.349692476868064,2.57,2009,PDB,False
3g2z,GZ2,2.3565473235138126,1.50,2009,PDB,False
3hkq,1SD,5.341988603342887,1.70,2009,PDB,False
3gtc,GTC,2.346787486224656,1.90,2009,PDB,False
3kmc,403,6.3979400086720375,1.80,2009,PDB,False
3f7g,389,7.366531544420414,2.30,2009,PDB,False
3i6o,GR6,10.346787486224656,1.17,2009,PDB,False
3f7i,G13,7.337242168318426,1.90,2009,PDB,False
3ebh,BES,6.320390428220244,1.65,2009,PDB,False
2zxb,ZXB,5.301029995663981,2.61,2009,PDB,False
3ip8,B85,2.2839966563652006,1.50,2009,PDB,False
3hek,BD0,8.267606240177031,1.95,2009,PDB,False
3fl5,TXQ,7.2839966563652006,2.30,2009,PDB,False
2zx9,ZX9,10.266000713461613,2.62,2009,PDB,False
3f8e,TE1,7.229147988357855,2.00,2009,PDB,False
3hku,TOR,8.301029995663981,1.80,2009,PDB,False
3hvi,619,8.301029995663981,1.20,2009,PDB,False
3jy0,LYG,8.301029995663981,2.40,2009,PDB,False
2zxd,ZXD,5.221848749616356,2.15,2009,PDB,False
3hpt,YET,8.187086643357144,2.19,2009,PDB,False
3gqz,GF7,2.1739251972991736,1.80,2009,PDB,False
3k2f,NKX,7.200659450546418,1.98,2009,PDB,False
3g1v,5FU,3.1904402853647325,1.30,2009,PDB,False
3gdt,UP6,7.1938200260161125,1.60,2009,PDB,False
3kid,2BS,3.1830961606243395,2.71,2009,PDB,False
2vvv,H21,8.221848749616356,1.73,2009,PDB,False
3dne,LL1,5.221848749616356,2.00,2009,PDB,False
3faa,55F,8.148741651280925,3.35,2009,PDB,False
3gv9,GV9,2.1249387366083,1.80,2009,PDB,False
2znu,NDZ,8.113509274827518,1.80,2009,PDB,False
3a9i,LYS,4.150580586203101,1.80,2009,PDB,False
3ffp,LC1,7.139661993429006,1.81,2009,PDB,False
3kme,Z59,6.139661993429006,1.85,2009,PDB,False
3dx4,GOO,7.119186407719209,1.38,2009,PDB,False
3ebi,BEY,7.102372908709558,2.00,2009,PDB,False
3fmz,2T1,8.080921907623926,2.90,2009,PDB,False
3f7h,419,7.086186147616283,1.80,2009,PDB,False
2w5g,ATP,6.0655015487564325,1.70,2009,PDB,False
2w66,HQ6,4.050609993355088,2.27,2009,PDB,False
2vvu,H22,8.096910013008056,2.30,2009,PDB,False
2w2i,PD2,6.039053804266168,2.10,2009,PDB,False
2vwm,LZI,7.031517051446065,1.96,2009,PDB,False
2vwl,LZH,7.022276394711152,1.80,2009,PDB,False
2wvz,KIF,4.017728766960431,2.40,2009,PDB,False
2jkh,BI7,8.045757490560675,1.25,2009,PDB,False
3i7c,BK2,7.7447274948966935,1.98,2010,PDB,False
3mbl,LSG,7.7447274948966935,2.60,2010,PDB,False
3lhg,Z81,7.698970004336019,2.10,2010,PDB,False
3le6,2BZ,7.455931955649724,2.00,2010,PDB,False
2xng,A0H,7.221848749616356,2.60,2010,PDB,False
3i7b,BK1,7.180456064458132,1.99,2010,PDB,False
3lp0,LP7,6.958607314841775,2.79,2010,PDB,False
3lp1,LP8,6.920818753952375,2.23,2010,PDB,False
3kvw,IRB,6.886056647693163,2.28,2010,PDB,False
3kc3,MK2,6.795880017344075,2.90,2010,PDB,False
2x9e,SVE,6.739928612014925,3.10,2010,PDB,False
2x8i,X8I,6.721246399047171,1.92,2010,PDB,False
3kyr,038,6.721246399047171,2.60,2010,PDB,False
3kry,3KR,10.0,1.90,2010,PDB,False
3lp2,LP9,6.657577319177793,2.80,2010,PDB,False
3oad,LPO,9.619788758288394,2.17,2010,PDB,False
3iu9,T07,6.619788758288394,1.75,2010,PDB,False
3oag,LPQ,9.508638306165727,2.30,2010,PDB,False
3ixj,586,9.494850021680094,2.20,2010,PDB,False
3mj5,GRM,6.494850021680094,2.63,2010,PDB,False
3rxg,SZ3,2.1487416512809245,1.70,2011,PDB,False
3oev,3OE,8.130768280269024,2.85,2011,PDB,False
3rtn,RTN,7.130768280269024,2.70,2011,PDB,False
3pkd,Y10,6.119186407719209,1.47,2011,PDB,False
2y6d,TQJ,7.102372908709558,1.60,2011,PDB,False
3rxp,SW3,2.0809219076239263,1.60,2011,PDB,False
3qsb,743,5.080921907623926,1.90,2011,PDB,False
3r2y,P4O,8.070581074285707,3.00,2011,PDB,False
3r00,UNJ,5.070581074285707,2.10,2011,PDB,False
3s2o,EV6,5.050609993355088,2.60,2011,PDB,False
3ty0,082,7.080398976215889,2.00,2011,PDB,False
3rxo,SW2,4.079354998593212,1.60,2011,PDB,False
3rkz,06T,7.080921907623926,1.57,2011,PDB,False
3atm,TSS,3.0589857562944305,1.72,2011,PDB,False
3rxi,TSS,3.0589857562944305,1.60,2011,PDB,False
3rxj,GBS,3.0589857562944305,1.70,2011,PDB,False
3s3n,DLU,7.055517327849832,2.49,2011,PDB,False
3skg,PB8,8.096910013008056,2.88,2011,PDB,False
3sfh,1DI,7.045757490560675,2.70,2011,PDB,False
3thd,DGJ,4.045757490560675,1.79,2011,PDB,False
3zvv,XAZ,3.038578905933552,2.50,2011,PDB,False
3r91,06H,7.036212172654444,1.58,2011,PDB,False
3ti4,LVO,6.023650020996727,1.60,2011,PDB,False
3pkc,Y08,6.017728766960431,1.47,2011,PDB,False
3r92,06J,7.017728766960431,1.58,2011,PDB,False
3qkl,SMR,8.045757490560675,1.90,2011,PDB,False
3txo,07U,8.045757490560675,2.05,2011,PDB,False
3b28,B2X,8.468521082957745,1.35,2011,PDB,False
2yln,CYS,7.6777807052660805,1.12,2011,PDB,False
3b24,B2J,4.376750709602099,1.70,2011,PDB,False
2xuz,EB4,7.3979400086720375,1.90,2011,PDB,False
3qx9,ATP,4.045757490560675,2.00,2011,PDB,False
3r1v,AZB,6.920818753952375,2.19,2011,PDB,False
3uex,STE,6.920818753952375,2.10,2011,PDB,False
3rdo,BTN,9.853871964321762,1.40,2011,PDB,False
3ao2,AVX,3.769551078621726,1.80,2011,PDB,False
3aqt,RCO,6.721246399047171,2.50,2011,PDB,False
3zyu,1GH,7.0,1.50,2011,PDB,False
3b26,B2L,6.638272163982407,2.10,2011,PDB,False
3zy5,GFB,6.638272163982407,1.96,2011,PDB,False
3ka2,2NC,6.619788758288394,1.40,2011,PDB,False
3s0e,EOL,6.552841968657781,1.60,2011,PDB,False
3pgu,OLA,6.698970004336019,1.70,2011,PDB,False
2ygu,HP6,6.492144128304169,2.60,2011,PDB,False
3s0b,FNA,6.494850021680094,1.22,2011,PDB,False
2yki,YKI,9.455931955649724,1.67,2011,PDB,False
3zy2,GDP,6.455931955649724,1.54,2011,PDB,False
3o9p,MHI,6.522878745280337,2.07,2011,PDB,False
3hau,2NC,6.376750709602099,1.30,2011,PDB,False
3qlm,PLM,6.3655227298392685,2.50,2011,PDB,False
3rdq,DTB,9.309803919971486,1.60,2011,PDB,False
3uew,PLM,6.309803919971486,2.00,2011,PDB,False
3rux,BS5,9.275724130399212,1.70,2011,PDB,False
3t1l,MQT,3.2596373105057563,1.60,2011,PDB,False
2y4l,GDP,6.301029995663981,2.80,2011,PDB,False
3s7b,NH5,6.301029995663981,2.42,2011,PDB,False
3hlo,2NC,6.214670164989233,1.60,2011,PDB,False
3p9t,TCL,6.200659450546418,2.02,2011,PDB,False
3u5l,08K,6.1938200260161125,1.39,2011,PDB,False
3b25,B2K,6.0655015487564325,1.75,2011,PDB,False
3pwm,017,9.096910013008056,1.46,2011,PDB,False
2yay,DUP,6.096910013008056,1.86,2011,PDB,False
3t1m,DQT,3.0409586076789066,1.55,2011,PDB,False
3haw,2NC,5.995678626217358,1.30,2011,PDB,False
2xv1,ECA,5.987162775294828,2.15,2011,PDB,False
3rz7,RZ7,8.958607314841775,1.80,2011,PDB,False
3rw9,DSH,5.958607314841775,2.00,2011,PDB,False
3uev,MYR,5.889410289700751,1.90,2011,PDB,False
3qx8,GTG,2.8632794328435933,2.30,2011,PDB,False
3iaw,2NC,5.804100347590766,1.61,2011,PDB,False
3ppr,4CS,2.8239087409443187,2.10,2011,PDB,False
2y8l,ADP,5.823908740944319,2.50,2011,PDB,False
2y8q,ADP,5.823908740944319,2.80,2011,PDB,False
3qqa,TCH,5.823908740944319,2.20,2011,PDB,False
3rm4,3RM,5.772113295386326,1.90,2011,PDB,False
3rt4,LP5,8.795880017344075,1.70,2011,PDB,False
2xp7,4F8,5.769551078621726,2.00,2011,PDB,False
3qxc,ATP,5.769551078621726,1.34,2011,PDB,False
3rz1,RZ1,8.744727494896694,1.51,2011,PDB,False
3pwh,ZMA,8.721246399047171,3.30,2011,PDB,False
3rey,XAC,8.0,3.31,2011,PDB,False
2y7k,SAL,4.928117992693875,1.95,2011,PDB,False
2xn3,ID8,5.921543181946707,2.09,2011,PDB,False
3te5,NAI,4.910094888560602,2.50,2011,PDB,False
3rlb,VIB,9.920818753952375,2.00,2011,PDB,False
3pju,C2E,4.882728704344236,2.50,2011,PDB,False
3qin,P1Y,6.866461091629782,1.70,2011,PDB,False
3pyy,3YY,6.863279432843593,1.85,2011,PDB,False
3rz5,RZ5,7.886056647693163,1.65,2011,PDB,False
3njq,NJQ,4.886056647693163,2.00,2011,PDB,False
3ru1,3RU,4.847711655616943,2.30,2011,PDB,False
2yb0,DUR,3.853871964321762,2.28,2011,PDB,False
3qnd,SIA,4.853871964321762,2.40,2011,PDB,False
3s75,EVG,6.823908740944319,1.50,2011,PDB,False
3q72,GNP,5.802995271976954,1.66,2011,PDB,False
3q7p,GNP,5.802995271976954,2.50,2011,PDB,False
3ryj,RYJ,7.795880017344075,1.39,2011,PDB,False
3ard,3GH,6.756961951313706,3.01,2011,PDB,False
3rm9,613,4.769551078621726,2.10,2011,PDB,False
3p7i,P7I,7.701146923590294,1.71,2011,PDB,False
3td4,API,5.657577319177793,1.79,2011,PDB,False
3s71,EVD,8.638272163982407,1.25,2011,PDB,False
3ldp,3P1,5.617982957425132,2.20,2011,PDB,False
3u5j,08H,5.609064892896621,1.60,2011,PDB,False
3ryz,RYZ,8.619788758288394,1.37,2011,PDB,False
3qps,CHD,5.6020599913279625,2.35,2011,PDB,False
3t8s,I3P,8.549750891680638,3.77,2011,PDB,False
3ovn,MPV,2.5528419686577806,1.95,2011,PDB,False
2y7i,ARG,5.537602002101044,1.90,2011,PDB,False
2xn5,FUN,6.688246138944246,1.70,2011,PDB,False
3oob,KDH,4.665546248849069,1.89,2011,PDB,False
3q7q,GNP,5.646660904688695,2.30,2011,PDB,False
2ydf,IO3,7.657577319177793,2.75,2011,PDB,False
3arb,FEE,6.6307841425898575,2.70,2011,PDB,False
2yga,GDM,4.610833915635467,2.37,2011,PDB,False
3sk2,GRI,3.612610173661271,1.01,2011,PDB,False
3t2c,13P,4.6020599913279625,1.30,2011,PDB,False
3p3s,3M2,7.585026652029182,1.60,2011,PDB,False
3ocp,CMP,7.568636235841013,2.49,2011,PDB,False
3rjw,CIQ,7.568636235841013,2.56,2011,PDB,False
2xj1,XJ1,7.552841968657781,2.13,2011,PDB,False
3rz0,RZ0,7.552841968657781,1.80,2011,PDB,False
3aqa,BYH,4.552841968657781,2.30,2011,PDB,False
3as0,SAU,4.552841968657781,2.00,2011,PDB,False
3ppq,CHT,4.552841968657781,1.91,2011,PDB,False
3s73,EVF,8.698970004336019,1.75,2011,PDB,False
2yix,YIX,8.481486060122112,2.30,2011,PDB,False
2y7p,SAL,5.468521082957745,1.85,2011,PDB,False
2y4k,GDP,5.455931955649724,2.45,2011,PDB,False
3u10,CMP,5.443697499232713,2.30,2011,PDB,False
3r6u,CHT,4.515700160653214,1.61,2011,PDB,False
3myq,E27,7.522878745280337,1.35,2011,PDB,False
3n7h,DE3,4.504455662453552,1.60,2011,PDB,False
3qel,QEL,6.494850021680094,2.60,2011,PDB,False
3m6r,BB2,7.494850021680094,2.40,2011,PDB,False
3ta0,ATP,3.4710832997223453,2.30,2011,PDB,False
3s78,EVJ,6.468521082957745,1.98,2011,PDB,False
3atp,SER,4.448550002027125,2.50,2011,PDB,False
3axz,ADN,3.4294570601181027,2.25,2011,PDB,False
3art,DEQ,4.431798275933005,2.23,2011,PDB,False
3pxf,2AN,4.431798275933005,1.80,2011,PDB,False
3pxq,2AN,4.431798275933005,1.90,2011,PDB,False
3rtm,RTM,4.4156687756324695,2.76,2011,PDB,False
3rsx,RSV,4.411168274405793,2.48,2011,PDB,False
3ryy,RYY,7.42021640338319,1.16,2011,PDB,False
3n23,OBN,8.522878745280337,4.60,2011,PDB,False
3qkd,HI0,8.3767507096021,2.02,2011,PDB,False
3ay9,ADP,8.341988603342887,1.75,2011,PDB,False
3m6p,BB2,8.346787486224656,2.00,2011,PDB,False
3s72,EVE,6.3979400086720375,1.60,2011,PDB,False
3n35,A2G,3.3655227298392685,2.00,2011,PDB,False
3zxe,PGZ,3.3467874862246565,1.67,2011,PDB,False
2ydw,WSH,7.337242168318426,1.90,2011,PDB,False
3atv,ADP,5.336299074610352,1.58,2011,PDB,False
3m6q,BB2,7.318758762624412,2.40,2011,PDB,False
3qxv,MTX,8.397940008672037,2.50,2011,PDB,False
3s74,03T,8.397940008672037,1.40,2011,PDB,False
3atu,ADP,8.301029995663981,1.65,2011,PDB,False
3pcu,LX8,5.294136287716081,2.00,2011,PDB,False
3r24,SAM,5.252588192113577,2.00,2011,PDB,False
3ao1,BZX,2.2596373105057563,1.90,2011,PDB,False
3ueu,DAO,5.235823867609669,2.10,2011,PDB,False
3qxh,ADP,5.236572006437063,1.36,2011,PDB,False
3ao5,BBY,2.2291479883578558,1.80,2011,PDB,False
2yel,WSH,7.279840696594043,1.65,2011,PDB,False
3arg,DB6,7.259637310505756,3.00,2011,PDB,False
3tdh,AMP,4.259637310505756,2.30,2011,PDB,False
3ta1,ADP,3.245651664288981,1.90,2011,PDB,False
3zqe,DXC,4.229147988357856,2.19,2011,PDB,False
3ppo,DCK,5.301029995663981,2.70,2011,PDB,False
3rth,RTH,5.214670164989233,2.70,2011,PDB,False
3rz8,RZ8,8.173925197299173,1.70,2011,PDB,False
3tc5,3T5,5.167491087293763,1.40,2011,PDB,False
3b27,B2T,5.161150909262744,1.50,2011,PDB,False
3aru,PNX,3.2218487496163566,1.90,2011,PDB,False
3m96,E38,7.221848749616356,1.40,2011,PDB,False
3qem,QEM,7.221848749616356,3.00,2011,PDB,False
2yek,EAM,7.212539525481585,1.98,2011,PDB,False
3are,4GH,6.209714835966758,2.80,2011,PDB,False
3s77,EVI,7.214670164989233,1.86,2011,PDB,False
3arf,DB3,7.1938200260161125,2.90,2011,PDB,False
2xj2,985,7.180456064458132,2.20,2011,PDB,False
3ppp,BET,5.221848749616356,2.40,2011,PDB,False
3qxt,MTX,5.221848749616356,1.70,2011,PDB,False
3tao,PGH,5.137868620686963,1.45,2011,PDB,False
3ryx,RYX,8.136677139879543,1.60,2011,PDB,False
2yaz,UMP,5.136677139879544,2.40,2011,PDB,False
2yk1,NCT,8.130768280269024,1.85,2011,PDB,False
3ozj,BGV,5.113509274827518,2.10,2011,PDB,False
3q8h,AO9,4.154901959985743,1.75,2011,PDB,False
3t4n,ADP,4.142667503568732,2.30,2011,PDB,False
3mam,BET,4.119186407719209,1.80,2011,PDB,False
3o56,ZG1,9.100179497572904,2.42,2011,PDB,False
2ygf,GDM,5.09366495819491,2.00,2011,PDB,False
3qyy,C2E,5.083019952679618,1.90,2011,PDB,False
3m94,M7M,5.075720713938118,2.05,2011,PDB,False
3ao4,833,2.070581074285707,1.95,2011,PDB,False
2xm1,LTM,5.070581074285707,2.00,2011,PDB,False
2yge,GDM,5.064492734175287,1.96,2011,PDB,False
3rlp,3RP,7.075720713938118,1.70,2011,PDB,False
3p0g,P0G,10.075720713938118,3.50,2011,PDB,False
3ryv,RYV,7.0655015487564325,1.20,2011,PDB,False
2xxt,KAI,8.045757490560675,1.90,2011,PDB,False
3s76,EVH,5.045757490560675,1.60,2011,PDB,False
3s0d,CTV,7.045757490560675,1.24,2011,PDB,False
3zxz,KRW,8.397940008672037,1.80,2011,PDB,False
2xpk,Z0M,11.301029995663981,2.40,2011,PDB,False
3rti,FMP,7.366531544420414,2.80,2011,PDB,False
3r4n,FU5,6.886056647693163,2.00,2011,PDB,False
3mv0,149,3.853871964321762,2.20,2011,PDB,False
3n76,CA2,6.853871964321762,1.90,2011,PDB,False
3pe2,E1B,9.756961951313706,1.90,2011,PDB,False
3pe1,3NG,9.651695136951838,1.60,2011,PDB,False
3pwd,CZ0,6.657577319177793,2.20,2011,PDB,False
3ozp,OAN,6.619788758288394,2.00,2011,PDB,False
3tu1,07G,6.6020599913279625,1.60,2011,PDB,False
3qox,SAH,6.568636235841013,2.30,2011,PDB,False
3ama,SKE,6.527243550682788,1.75,2011,PDB,False
3ppm,JG1,9.537602002101044,1.78,2011,PDB,False
3sr4,TT8,6.537602002101044,2.50,2011,PDB,False
3sm2,478,9.698970004336019,1.75,2011,PDB,False
3muz,IPT,3.4559319556497243,1.90,2011,PDB,False
2xog,SFB,3.431798275933005,1.72,2011,PDB,False
2ybu,CX9,6.376750709602099,2.25,2011,PDB,False
2xoi,SFB,3.337242168318426,1.72,2011,PDB,False
3o64,786,9.397940008672037,1.88,2011,PDB,False
3nzk,C90,9.267606240177031,1.80,2011,PDB,False
3rf4,FUN,6.251811972993799,1.80,2011,PDB,False
2xy9,3ES,9.187086643357144,1.97,2011,PDB,False
3amb,VX6,6.180456064458132,2.25,2011,PDB,False
3rwp,ABQ,9.221848749616356,1.92,2011,PDB,False
3o0g,3O0,6.221848749616356,1.95,2011,PDB,False
2ya7,ZMR,3.1426675035687315,1.89,2011,PDB,False
3aox,EMH,9.080921907623926,1.75,2011,PDB,False
2xwe,AMF,6.022276394711152,2.31,2011,PDB,False
3r4m,WOE,5.920818753952375,1.70,2011,PDB,False
2y7x,MZA,8.886056647693163,1.90,2011,PDB,False
3zze,6XP,8.886056647693163,1.87,2011,PDB,False
3qgw,L7A,5.886056647693163,2.10,2011,PDB,False
2ya8,G39,5.752026733638194,1.75,2011,PDB,False
3m3z,3F5,5.732828271596986,2.10,2011,PDB,False
3oy0,OY0,7.995678626217358,1.60,2011,PDB,False
3oyq,OYQ,7.987162775294828,1.47,2011,PDB,False
3t82,SG4,6.995678626217358,2.00,2011,PDB,False
3slz,3TL,6.991399828238082,1.40,2011,PDB,False
3t84,SG6,6.97469413473523,2.00,2011,PDB,False
3sio,MLK,8.0,2.32,2011,PDB,False
3qs1,006,7.958607314841775,3.10,2011,PDB,False
3t85,SG7,7.94692155651658,2.40,2011,PDB,False
3pn1,IVH,6.958607314841775,2.00,2011,PDB,False
3svj,4LI,6.931814138253839,1.55,2011,PDB,False
3r4p,FU7,7.958607314841775,1.70,2011,PDB,False
3n87,N87,4.958607314841775,2.40,2011,PDB,False
2xpc,051,3.9030899869919438,1.49,2011,PDB,False
3p3j,498,7.920818753952375,1.60,2011,PDB,False
3oe5,611,6.87942606879415,1.52,2011,PDB,False
3pn4,BB2,6.853871964321762,1.90,2011,PDB,False
2y5g,FJD,6.835647144215563,1.29,2011,PDB,False
3ohi,HDX,4.853871964321762,2.30,2011,PDB,False
2xyd,3ES,6.823908740944319,2.15,2011,PDB,False
3ai8,HNQ,3.811352704000283,2.11,2011,PDB,False
3s2v,3HU,6.804100347590766,2.50,2011,PDB,False
3prs,RIT,7.823908740944319,1.38,2011,PDB,False
3n2p,AYX,7.823908740944319,1.65,2011,PDB,False
2y5h,Y5H,5.790484985457369,1.33,2011,PDB,False
3qgy,L7O,7.795880017344075,2.10,2011,PDB,False
3o5n,BR0,4.764471553092451,1.83,2011,PDB,False
3p3g,3P3,9.744727494896694,1.65,2011,PDB,False
3nb5,R21,7.7447274948966935,1.80,2011,PDB,False
3ps6,3PS,7.7447274948966935,2.60,2011,PDB,False
3nw9,637,9.0,1.65,2011,PDB,False
3ui7,C1L,9.0,2.28,2011,PDB,False
3ucj,AZM,6.0,1.85,2011,PDB,False
3qk0,QK0,8.698970004336019,2.85,2011,PDB,False
3t19,5MA,8.657577319177793,2.60,2011,PDB,False
3rf5,FUZ,5.6252516539898965,2.10,2011,PDB,False
3n86,RJP,5.638272163982407,1.90,2011,PDB,False
3qce,NXY,5.6020599913279625,2.10,2011,PDB,False
3qcf,NXY,5.6020599913279625,2.50,2011,PDB,False
3qaa,G04,11.537602002101044,1.40,2011,PDB,False
3n7a,FA1,3.6989700043360187,2.00,2011,PDB,False
3th9,9Y9,7.698970004336019,1.34,2011,PDB,False
3mzc,S6I,6.645891560852599,1.50,2011,PDB,False
2yhd,AV6,4.638272163982407,2.20,2011,PDB,False
3sjf,JRG,7.638272163982407,1.65,2011,PDB,False
2xm2,LOG,4.619788758288394,1.95,2011,PDB,False
3p58,P58,7.595166283380062,1.49,2011,PDB,False
2y77,CB8,6.6020599913279625,1.50,2011,PDB,False
3t8v,BTJ,6.585026652029182,1.80,2011,PDB,False
3prz,3RZ,7.585026652029182,2.60,2011,PDB,False
3n8n,N88,4.568636235841013,2.50,2011,PDB,False
2xxr,GLU,6.552841968657781,1.60,2011,PDB,False
3pjg,UGA,3.54821356447571,2.70,2011,PDB,False
3ni5,C1H,7.552841968657781,2.10,2011,PDB,False
3t8w,DGZ,7.5376020021010435,2.00,2011,PDB,False
2y5f,XWG,8.698970004336019,1.29,2011,PDB,False
2y81,931,8.698970004336019,1.70,2011,PDB,False
2y7z,C0Z,8.698970004336019,1.84,2011,PDB,False
2ya6,DAN,5.698970004336019,2.00,2011,PDB,False
3ml5,AZM,8.522878745280337,2.05,2011,PDB,False
3tza,TZG,5.501689446210399,1.90,2011,PDB,False
3b1m,KRC,8.481486060122112,1.60,2011,PDB,False
3n3j,WWV,8.481486060122112,1.50,2011,PDB,False
2xyf,G40,8.443697499232712,1.80,2011,PDB,False
3tam,M06,8.431798275933005,2.51,2011,PDB,False
3str,3LI,8.402304814074487,1.75,2011,PDB,False
3rlr,3RR,7.522878745280337,1.70,2011,PDB,False
3sw8,5LI,4.498666821354433,1.70,2011,PDB,False
3nyd,3NY,3.4814860601221125,1.23,2011,PDB,False
3qxm,NDZ,7.481486060122112,1.65,2011,PDB,False
3t01,PPF,4.481486060122113,1.60,2011,PDB,False
3oe4,610,7.468521082957745,1.49,2011,PDB,False
3ocz,SRA,7.455931955649724,1.35,2011,PDB,False
3rwq,3RW,7.455931955649724,2.55,2011,PDB,False
3p3h,84A,7.443697499232712,1.50,2011,PDB,False
3mmf,D9H,7.431798275933005,1.50,2011,PDB,False
2xys,SY9,7.42021640338319,1.91,2011,PDB,False
2xxw,GLU,6.4089353929735005,2.30,2011,PDB,False
2xxx,GLU,6.4089353929735005,2.10,2011,PDB,False
3r17,5UM,6.4089353929735005,1.70,2011,PDB,False
3sx4,KXA,8.522878745280337,2.60,2011,PDB,False
3ldq,3P1,5.364516253185088,1.90,2011,PDB,False
3t1a,5MA,8.366531544420413,2.40,2011,PDB,False
2xye,CXG,8.337242168318426,2.00,2011,PDB,False
3qiy,QI1,5.337242168318426,2.30,2011,PDB,False
3sw2,FI1,8.326979092871104,2.42,2011,PDB,False
3q1x,SER,5.327902142064283,1.59,2011,PDB,False
3p5l,IT5,7.38933983691012,1.50,2011,PDB,False
3pn3,PN3,6.3979400086720375,1.30,2011,PDB,False
3rlq,3RQ,7.3979400086720375,1.90,2011,PDB,False
3u9q,DKA,4.379863945026242,1.52,2011,PDB,False
3mna,DWH,7.3872161432802645,1.50,2011,PDB,False
2y71,CB6,7.371611069949688,1.50,2011,PDB,False
3q43,D66,7.366531544420414,1.80,2011,PDB,False
2y76,CB7,6.356547323513812,2.50,2011,PDB,False
3rt8,CWD,6.345823458122039,2.43,2011,PDB,False
3rtf,CWD,7.346787486224656,1.70,2011,PDB,False
3ozs,OZS,5.333014281670339,1.44,2011,PDB,False
3pww,ROC,7.318758762624412,1.22,2011,PDB,False
3q44,D50,6.309803919971486,1.80,2011,PDB,False
2y82,930,8.397940008672037,2.20,2011,PDB,False
3sww,KXB,8.397940008672037,2.00,2011,PDB,False
2xyt,TC9,6.293111605018382,2.05,2011,PDB,False
3n0n,P9B,7.301029995663981,1.50,2011,PDB,False
3r16,5UN,7.301029995663981,1.60,2011,PDB,False
3tfu,PL8,3.283996656365201,1.94,2011,PDB,False
3o7u,O7U,7.2839966563652006,1.71,2011,PDB,False
3s3v,TOP,6.226945306635737,1.53,2011,PDB,False
3rv4,ADP,2.3010299956639813,1.98,2011,PDB,False
3st5,G89,11.301029995663981,1.45,2011,PDB,False
3pgl,RZX,5.301029995663981,2.35,2011,PDB,False
3qiz,QI2,5.214670164989233,2.00,2011,PDB,False
3qj0,QI3,5.200659450546418,2.30,2011,PDB,False
3roc,29A,8.193820026016112,1.70,2011,PDB,False
3n0h,TOP,6.209714835966758,1.92,2011,PDB,False
3q2j,CKI,4.179798540514359,2.15,2011,PDB,False
3ps1,ZH2,10.173925197299173,1.85,2011,PDB,False
3ljz,LA3,8.136677139879543,2.00,2011,PDB,False
3s9e,GLU,5.129011186239425,1.60,2011,PDB,False
3ozr,OZR,5.153539174870668,1.73,2011,PDB,False
3rt6,FWD,7.154901959985743,2.84,2011,PDB,False
3ozt,OZZ,4.125518182300533,1.48,2011,PDB,False
2x2r,X2O,7.1180450286604,2.20,2011,PDB,False
3r4o,FU3,8.154901959985743,2.65,2011,PDB,False
3tu7,0BM,8.087777943467584,2.49,2011,PDB,False
2yfx,VGH,8.086186147616283,1.70,2011,PDB,False
3p55,670,7.096910013008056,2.00,2011,PDB,False
3loo,B4P,6.0655015487564325,2.00,2011,PDB,False
3po6,DT9,7.0589857562944305,1.47,2011,PDB,False
3p4v,PMX,5.096910013008056,2.00,2011,PDB,False
3p44,067,8.013228265733755,2.20,2011,PDB,False
3n4b,WWZ,7.017728766960431,1.60,2011,PDB,False
2y80,439,8.045757490560675,1.90,2011,PDB,False
3ml2,SU0,8.045757490560675,1.80,2011,PDB,False
3oys,OYS,8.045757490560675,1.54,2011,PDB,False
4d89,BXD,8.698970004336019,1.65,2012,PDB,False
4at3,LTI,8.397940008672037,1.77,2012,PDB,False
4az3,S35,8.301029995663981,2.04,2012,PDB,False
4emv,0R9,8.301029995663981,1.70,2012,PDB,False
4a7c,E46,8.221848749616356,2.30,2012,PDB,False
3tyv,HI3,8.096910013008056,1.65,2012,PDB,False
4a4o,664,8.045757490560675,2.70,2012,PDB,False
3uh4,XAV,7.958607314841775,2.00,2012,PDB,False
3vw9,HPJ,7.958607314841775,1.47,2012,PDB,False
4at4,T6E,7.920818753952375,2.36,2012,PDB,False
4a4l,939,7.823908740944319,2.35,2012,PDB,False
4fny,I3K,7.795880017344075,2.45,2012,PDB,False
4fnz,NZF,7.795880017344075,2.60,2012,PDB,False
3vrv,YSD,10.537602002101044,1.90,2012,PDB,False
2yer,TQ1,7.698970004336019,1.83,2012,PDB,False
3qu0,X40,7.698970004336019,1.95,2012,PDB,False
3qxp,X64,7.698970004336019,1.75,2012,PDB,False
4gcj,X64,7.698970004336019,1.42,2012,PDB,False
3zxr,IQ1,7.698970004336019,2.15,2012,PDB,False
4dfn,0K1,7.698970004336019,2.48,2012,PDB,False
4dk7,0KS,7.698970004336019,2.45,2012,PDB,False
4b1d,6TG,7.494850021680094,1.95,2012,PDB,False
3rde,OYP,7.455931955649724,1.89,2012,PDB,False
4at5,MUJ,7.42021640338319,1.71,2012,PDB,False
4az0,S61,7.42021640338319,2.17,2012,PDB,False
3u2k,087,7.522878745280337,1.64,2012,PDB,False
4dij,BLF,7.522878745280337,1.90,2012,PDB,False
4d88,BXQ,7.309803919971486,1.70,2012,PDB,False
3v5q,0F4,7.3979400086720375,2.20,2012,PDB,False
4hgt,15G,7.3979400086720375,1.80,2012,PDB,False
3vg1,0GT,7.259637310505756,1.77,2012,PDB,False
4d83,0GT,7.259637310505756,2.40,2012,PDB,False
4a4x,JUP,7.229147988357856,2.40,2012,PDB,False
3tki,S25,10.301029995663981,1.60,2012,PDB,False
3qtz,X42,7.301029995663981,2.00,2012,PDB,False
4afe,GGY,7.136677139879544,2.60,2012,PDB,False
4hct,18R,7.136677139879544,1.48,2012,PDB,False
4b1c,1B1,7.102372908709558,1.95,2012,PDB,False
3rpv,26Z,7.154901959985743,1.80,2012,PDB,False
3qtx,X43,7.154901959985743,1.95,2012,PDB,False
3qtu,X44,7.154901959985743,1.82,2012,PDB,False
3tv8,DGJ,7.154901959985743,2.64,2012,PDB,False
4eny,J19,7.050609993355088,2.80,2012,PDB,False
4aof,7L0,7.096910013008056,3.30,2012,PDB,False
4heu,15J,10.013228265733755,2.00,2012,PDB,False
3vru,YS3,10.0,2.00,2012,PDB,False
3rak,03Z,6.886056647693163,1.75,2012,PDB,False
4d85,0GU,6.853871964321762,2.65,2012,PDB,False
4hki,FLN,6.853871964321762,2.15,2012,PDB,False
2ydi,YDI,6.823908740944319,1.60,2012,PDB,False
3ufl,508,6.823908740944319,1.90,2012,PDB,False
4g2f,C07,6.795880017344075,1.70,2012,PDB,False
4hlm,16S,6.769551078621726,1.95,2012,PDB,False
4dvi,2IW,6.716698771296451,1.90,2012,PDB,False
2yex,YEX,10.0,1.30,2012,PDB,False
3ral,04Z,7.0,1.75,2012,PDB,False
4e96,0NS,6.657577319177793,1.92,2012,PDB,False
4e8z,IHC,6.638272163982407,3.05,2012,PDB,False
3umx,Q18,6.619788758288394,2.55,2012,PDB,False
4efu,EFU,6.6020599913279625,2.00,2012,PDB,False
4ea3,0NN,9.568636235841012,3.01,2012,PDB,False
4eox,0S5,9.55284196865778,1.78,2012,PDB,False
4fcd,0T6,9.55284196865778,2.02,2012,PDB,False
3rk7,08Z,6.698970004336019,1.80,2012,PDB,False
4hlg,20B,6.508638306165727,2.00,2012,PDB,False
3tnh,F18,6.455931955649724,3.20,2012,PDB,False
3vjk,M51,9.431798275933005,2.49,2012,PDB,False
3vjm,W61,9.431798275933005,2.10,2012,PDB,False
3rkb,12Z,6.42021640338319,2.00,2012,PDB,False
3v8t,477,9.522878745280337,2.00,2012,PDB,False
3vrw,YS5,9.387216143280265,2.40,2012,PDB,False
2ym5,YM5,6.366531544420414,2.03,2012,PDB,False
4e5h,0N8,6.366531544420414,2.16,2012,PDB,False
4hl5,15W,6.346787486224656,2.20,2012,PDB,False
4e26,734,6.3979400086720375,2.55,2012,PDB,False
3rk9,09Z,6.2839966563652006,1.85,2012,PDB,False
4abu,FT1,6.2839966563652006,1.86,2012,PDB,False
4enx,Z20,6.259637310505756,2.80,2012,PDB,False
3v9b,IHM,9.301029995663981,2.10,2012,PDB,False
4hld,16T,9.301029995663981,2.00,2012,PDB,False
3t4v,MD3,6.301029995663981,1.73,2012,PDB,False
4a9m,P9M,6.301029995663981,2.06,2012,PDB,False
4aaw,R84,6.301029995663981,2.20,2012,PDB,False
4f63,0S7,6.301029995663981,2.55,2012,PDB,False
4b14,4XB,6.221848749616356,1.50,2012,PDB,False
4hmh,F94,6.2076083105017466,2.30,2012,PDB,False
3vjs,10S,6.1938200260161125,1.93,2012,PDB,False
3qtw,X3A,6.187086643357144,1.85,2012,PDB,False
4dfl,0K0,6.173925197299173,1.98,2012,PDB,False
4an3,5Y0,9.221848749616356,2.10,2012,PDB,False
4f4p,0SB,9.221848749616356,2.37,2012,PDB,False
3s9z,I92,6.221848749616356,1.79,2012,PDB,False
4e5d,0NJ,6.221848749616356,2.20,2012,PDB,False
3tn8,F18,6.130768280269024,2.95,2012,PDB,False
3u18,Y0X,6.0915149811213505,1.90,2012,PDB,False
4e8w,IHA,6.0915149811213505,2.87,2012,PDB,False
4abv,FT2,6.070581074285707,1.80,2012,PDB,False
4hlf,15Z,6.060480747381382,2.15,2012,PDB,False
4gw8,3RA,6.055517327849832,2.00,2012,PDB,False
3uok,0C6,9.096910013008056,2.95,2012,PDB,False
3saz,043,6.096910013008056,2.04,2012,PDB,False
3qtr,X36,6.031517051446065,1.85,2012,PDB,False
3ugc,046,6.023650020996727,1.34,2012,PDB,False
3tt0,07J,9.045757490560675,2.80,2012,PDB,False
4an2,EUI,9.045757490560675,2.50,2012,PDB,False
2ym3,YM3,6.0,2.01,2012,PDB,False
3udq,09E,6.0,2.73,2012,PDB,False
3uh2,P34,6.0,2.00,2012,PDB,False
3ue4,DB8,8.958607314841775,2.42,2012,PDB,False
3sad,040,5.958607314841775,1.82,2012,PDB,False
4hlh,20D,5.958607314841775,1.75,2012,PDB,False
4hlk,431,5.958607314841775,2.00,2012,PDB,False
4hkn,LU2,5.958607314841775,2.05,2012,PDB,False
4hdc,13Y,8.920818753952375,2.05,2012,PDB,False
3vqh,IQB,5.920818753952375,1.95,2012,PDB,False
3r6t,LU1,5.863913902615902,1.20,2012,PDB,False
3vf3,0GS,5.863279432843593,1.48,2012,PDB,False
3v66,D3A,8.886056647693163,1.80,2012,PDB,False
3vsx,R32,8.853871964321762,2.80,2012,PDB,False
3r9n,Z68,5.853871964321762,1.75,2012,PDB,False
2ym4,4YM,5.823908740944319,2.35,2012,PDB,False
4a9n,A9N,5.823908740944319,1.85,2012,PDB,False
3vyf,VYF,8.795880017344075,2.80,2012,PDB,False
4f6v,ZYM,5.795880017344075,2.30,2012,PDB,False
4d8n,0HM,5.7447274948966935,1.68,2012,PDB,False
4dk8,0KT,5.7447274948966935,2.75,2012,PDB,False
4gz3,UDP,5.7447274948966935,1.90,2012,PDB,False
4agc,AXI,10.698970004336019,2.00,2012,PDB,False
3t5u,A09,7.585026652029182,1.75,2012,PDB,False
4djp,M73,10.55284196865778,1.40,2012,PDB,False
4e7r,0NW,7.698970004336019,2.25,2012,PDB,False
4az2,9MU,7.327902142064283,2.60,2012,PDB,False
4djq,M86,10.318758762624412,1.40,2012,PDB,False
3t0b,IPT,4.301029995663981,2.40,2012,PDB,False
4app,N53,7.1938200260161125,2.20,2012,PDB,False
3tfv,2CN,7.096910013008056,3.00,2012,PDB,False
4bbh,YBN,7.096910013008056,1.63,2012,PDB,False
3t09,149,3.795880017344075,1.75,2012,PDB,False
4djv,0KM,6.721246399047171,1.73,2012,PDB,False
4ayw,ANP,4.0,3.30,2012,PDB,False
3t2q,149,3.657577319177794,2.40,2012,PDB,False
4acg,6LQ,9.657577319177793,2.60,2012,PDB,False
2yfe,YFE,6.627087997029894,2.00,2012,PDB,False
3s54,017,9.638272163982407,1.42,2012,PDB,False
3s53,017,9.638272163982407,1.50,2012,PDB,False
3s56,ROC,9.619788758288394,1.88,2012,PDB,False
3t2p,IPT,3.6020599913279625,2.60,2012,PDB,False
4ax9,N5N,9.568636235841012,1.90,2012,PDB,False
3tfn,2CJ,6.568636235841013,2.07,2012,PDB,False
4ayt,ACP,3.6989700043360187,2.85,2012,PDB,False
4ayx,ACP,3.6989700043360187,2.90,2012,PDB,False
4fk6,0UJ,9.698970004336019,2.20,2012,PDB,False
3t64,DU3,6.698970004336019,1.65,2012,PDB,False
3t60,DUA,6.698970004336019,2.40,2012,PDB,False
4djh,JDC,9.494850021680094,2.90,2012,PDB,False
4gfd,0YB,9.481486060122112,1.80,2012,PDB,False
3tfp,03L,6.468521082957745,2.00,2012,PDB,False
4fea,0TE,6.468521082957745,3.79,2012,PDB,False
4ea1,3RX,6.443697499232713,2.46,2012,PDB,False
4ea2,RWZ,6.443697499232713,2.05,2012,PDB,False
4ewh,T77,9.522878745280337,2.50,2012,PDB,False
3pwk,L14,3.3467874862246565,1.50,2012,PDB,False
4a4q,UX9,9.397940008672037,1.80,2012,PDB,False
2y8c,DUQ,6.3979400086720375,2.10,2012,PDB,False
4asd,BAX,9.2839966563652,2.03,2012,PDB,False
4djw,0KP,6.275724130399211,1.90,2012,PDB,False
4dv8,0LX,9.236572006437063,1.63,2012,PDB,False
3vh9,HQY,6.236572006437063,1.29,2012,PDB,False
4fkk,BES,9.301029995663981,2.60,2012,PDB,False
3t70,DU4,6.301029995663981,1.80,2012,PDB,False
4b9k,TG0,6.173925197299173,2.00,2012,PDB,False
4ayv,9MQ,9.167491087293763,2.80,2012,PDB,False
3t08,IPT,3.0409586076789066,2.00,2012,PDB,False
4e4n,0NL,9.045757490560675,1.90,2012,PDB,False
3v5p,C88,8.958607314841775,2.10,2012,PDB,False
4ag8,AXI,8.958607314841775,1.95,2012,PDB,False
4de1,0J6,5.958607314841775,1.26,2012,PDB,False
4e6d,0NU,8.920818753952375,2.22,2012,PDB,False
3sx9,BK7,8.886056647693163,2.65,2012,PDB,False
3u9c,04G,5.886056647693163,3.20,2012,PDB,False
4de0,0JB,5.886056647693163,1.12,2012,PDB,False
4e28,0MZ,5.886056647693163,2.30,2012,PDB,False
4e9u,RWY,5.823908740944319,2.10,2012,PDB,False
2yiv,NBN,2.779891911959945,1.28,2012,PDB,False
4ge9,0L0,8.795880017344075,2.43,2012,PDB,False
3qdd,94M,8.769551078621726,1.79,2012,PDB,False
4e4l,0NH,8.769551078621726,2.00,2012,PDB,False
4frs,0V6,8.769551078621726,1.70,2012,PDB,False
4ei4,0Q2,8.744727494896694,2.22,2012,PDB,False
4dfg,0JV,11.744727494896694,1.23,2012,PDB,False
3ts4,EEG,8.721246399047171,1.59,2012,PDB,False
3tne,RIT,5.721246399047171,2.40,2012,PDB,False
4e3g,PHB,4.97469413473523,1.55,2012,PDB,False
4b6o,3DQ,7.0,2.00,2012,PDB,False
4a6l,P43,8.0,2.05,2012,PDB,False
4ehz,JAK,8.0,2.17,2012,PDB,False
4hge,15V,7.924453038607469,2.30,2012,PDB,False
3uuo,0CV,7.958607314841775,2.11,2012,PDB,False
4a6c,QG9,7.920818753952375,1.50,2012,PDB,False
4b6r,3DQ,5.847711655616943,2.00,2012,PDB,False
3t03,3T0,6.795880017344075,2.10,2012,PDB,False
3tzm,085,7.769551078621726,1.70,2012,PDB,False
4e5j,581,4.728158393463501,2.35,2012,PDB,False
3tvc,E3P,7.7447274948966935,2.43,2012,PDB,False
4f39,KAI,5.703334809738469,1.83,2012,PDB,False
3u6i,044,9.0,2.10,2012,PDB,False
4flh,14K,9.0,2.60,2012,PDB,False
4h3f,10O,9.0,1.70,2012,PDB,False
4hf4,15H,8.619788758288394,2.00,2012,PDB,False
4ddy,DN6,5.619788758288394,1.36,2012,PDB,False
3s43,478,8.596879478824182,1.26,2012,PDB,False
3sxf,BK5,8.602059991327963,2.04,2012,PDB,False
3t3u,BK6,8.602059991327963,2.10,2012,PDB,False
4efs,E37,8.602059991327963,1.63,2012,PDB,False
3uxl,CFI,5.568636235841013,2.20,2012,PDB,False
3v51,I76,8.55284196865778,1.95,2012,PDB,False
4f09,JAK,6.698970004336019,2.40,2012,PDB,False
4acc,7YG,7.698970004336019,2.21,2012,PDB,False
4fsl,0VB,7.698970004336019,2.50,2012,PDB,False
4acm,7YG,6.6777807052660805,1.63,2012,PDB,False
4ach,KDI,7.657577319177793,2.60,2012,PDB,False
4e5w,0NT,7.657577319177793,1.86,2012,PDB,False
4dfu,QUE,4.600326278518962,1.98,2012,PDB,False
3rj7,RCS,7.5968794788241825,1.20,2012,PDB,False
4f08,1RS,6.6020599913279625,2.82,2012,PDB,False
4dfb,KAN,4.6020599913279625,1.95,2012,PDB,False
3vhk,BPK,4.6020599913279625,2.49,2012,PDB,False
4b05,32D,7.583359492661719,1.80,2012,PDB,False
3rbm,B73,6.568636235841013,2.61,2012,PDB,False
4fs4,H24,6.568636235841013,1.74,2012,PDB,False
4b6q,BZ5,7.552841968657781,1.54,2012,PDB,False
3t6y,DU2,5.522878745280337,2.60,2012,PDB,False
4de3,DN8,5.522878745280337,1.44,2012,PDB,False
3s45,478,8.489454989793387,1.51,2012,PDB,False
4dju,0KK,5.443697499232713,1.80,2012,PDB,False
4g3g,0WA,8.431798275933005,2.50,2012,PDB,False
4agd,B49,8.4089353929735,2.81,2012,PDB,False
3u92,KAI,7.484126156288321,1.90,2012,PDB,False
4e0w,KAI,7.481486060122112,2.35,2012,PDB,False
4dff,0JP,7.455931955649724,2.11,2012,PDB,False
4i8n,1CG,4.455931955649724,2.50,2012,PDB,False
3u81,SAH,4.443697499232712,1.13,2012,PDB,False
4ek9,EP4,4.42021640338319,2.50,2012,PDB,False
4exs,X8Z,4.4089353929735005,2.40,2012,PDB,False
3t3v,BK4,8.522878745280337,2.04,2012,PDB,False
4h1e,10J,8.522878745280337,1.90,2012,PDB,False
4h3i,10V,8.522878745280337,1.96,2012,PDB,False
4djo,MK5,11.522878745280337,1.78,2012,PDB,False
4en4,GT0,5.522878745280337,2.15,2012,PDB,False
4a6b,QG8,8.3767507096021,1.80,2012,PDB,False
4g3e,0WC,8.3767507096021,2.50,2012,PDB,False
3t0d,149,2.3665315444204134,1.93,2012,PDB,False
3tcp,CKJ,8.366531544420413,2.69,2012,PDB,False
4du8,2P0,5.366531544420414,2.10,2012,PDB,False
4dpy,2P0,5.366531544420414,2.14,2012,PDB,False
4el5,D1M,5.366531544420414,2.00,2012,PDB,False
4e6q,0NV,8.356547323513812,1.95,2012,PDB,False
4g3f,0WB,8.356547323513812,1.64,2012,PDB,False
4acd,GR9,8.309803919971486,2.60,2012,PDB,False
4fse,0VA,7.3979400086720375,2.65,2012,PDB,False
3s6t,OAN,7.346787486224656,2.30,2012,PDB,False
3u93,GLU,6.306273051076353,1.88,2012,PDB,False
4dk5,0KO,8.397940008672037,2.95,2012,PDB,False
4e5i,0N9,5.300162274132754,2.94,2012,PDB,False
3tt4,E1S,8.275724130399212,1.88,2012,PDB,False
4djy,0KR,8.267606240177031,1.86,2012,PDB,False
4dpt,FM0,7.301029995663981,2.19,2012,PDB,False
4dpu,FM0,7.301029995663981,1.90,2012,PDB,False
4eoh,TEP,4.301029995663981,2.10,2012,PDB,False
3ryw,K9H,6.2441251443275085,2.90,2012,PDB,False
4ha5,13W,7.236572006437063,1.83,2012,PDB,False
4djx,0KQ,7.229147988357855,1.50,2012,PDB,False
4gg7,0J8,8.200659450546418,2.27,2012,PDB,False
4ayy,9MX,8.173925197299173,2.60,2012,PDB,False
3v7t,0GX,7.2076083105017466,2.09,2012,PDB,False
3v5t,UW9,8.221848749616356,2.13,2012,PDB,False
4h3g,10Q,8.221848749616356,1.85,2012,PDB,False
4ge7,0K5,8.148741651280925,2.10,2012,PDB,False
3upx,B6A,8.1249387366083,2.27,2012,PDB,False
4ge4,0KE,8.113509274827518,2.41,2012,PDB,False
4e49,RCO,5.113509274827518,1.45,2012,PDB,False
3axk,NDP,4.154901959985743,1.90,2012,PDB,False
3tvx,PNX,4.142667503568732,2.84,2012,PDB,False
3v5g,0F3,7.130768280269024,1.50,2012,PDB,False
4b6p,2HN,7.130768280269024,2.30,2012,PDB,False
4de2,DN3,4.119186407719209,1.40,2012,PDB,False
4e0x,KAI,7.119186407719209,2.00,2012,PDB,False
3v2w,ML5,7.113509274827518,3.35,2012,PDB,False
3axm,6PG,5.070581074285707,1.65,2012,PDB,False
3vw7,VPX,8.096910013008056,2.20,2012,PDB,False
4dds,0J7,5.013228265733755,1.36,2012,PDB,False
4e3h,HQE,7.045757490560675,1.50,2012,PDB,False
4h3j,10W,7.045757490560675,1.60,2012,PDB,False
4b6s,2HN,6.013228265733755,1.90,2012,PDB,False
4jsr,1NQ,8.397940008672037,1.70,2013,PDB,False
4jt9,1NS,8.142667503568731,2.24,2013,PDB,False
4jr5,1LS,8.154901959985743,1.91,2013,PDB,False
4i1c,1BE,8.096910013008056,2.00,2013,PDB,False
4i9i,1DY,8.096910013008056,2.40,2013,PDB,False
4bky,82B,7.920818753952375,1.83,2013,PDB,False
4mq1,2C3,7.920818753952375,2.35,2013,PDB,False
4bzo,676,7.886056647693163,2.10,2013,PDB,False
4mz4,2F3,7.886056647693163,1.63,2013,PDB,False
4hvs,647,7.795880017344075,1.90,2013,PDB,False
4ijp,1EH,7.795880017344075,2.25,2013,PDB,False
4gmc,1BI,7.7447274948966935,2.70,2013,PDB,False
4jik,1KO,7.7447274948966935,1.90,2013,PDB,False
4hhz,15S,7.721246399047171,2.72,2013,PDB,False
4bkz,1WS,7.568636235841013,2.20,2013,PDB,False
4g17,0VN,7.5376020021010435,2.10,2013,PDB,False
4bnu,9KQ,7.698970004336019,2.00,2013,PDB,False
4bnx,O74,7.698970004336019,2.30,2013,PDB,False
4cby,KEE,7.698970004336019,2.72,2013,PDB,False
4l02,1V2,7.698970004336019,2.75,2013,PDB,False
4bqw,QNM,7.481486060122113,1.79,2013,PDB,False
4jt8,1NR,7.481486060122113,2.26,2013,PDB,False
4bnv,Q7U,7.522878745280337,2.50,2013,PDB,False
4idv,13V,7.3979400086720375,2.90,2013,PDB,False
4hys,1BJ,7.259637310505756,2.42,2013,PDB,False
4bo2,36K,7.301029995663981,1.90,2013,PDB,False
4bo1,NKH,7.301029995663981,2.20,2013,PDB,False
4cbt,9F4,7.301029995663981,3.03,2013,PDB,False
4nb6,444,7.221848749616356,2.85,2013,PDB,False
4hw7,64M,7.2076083105017466,2.90,2013,PDB,False
3zov,WZV,7.221848749616356,2.10,2013,PDB,False
4lyn,1YG,7.221848749616356,2.00,2013,PDB,False
4j3e,NUT,7.055517327849832,1.91,2013,PDB,False
4lxm,1YU,7.055517327849832,2.30,2013,PDB,False
3w55,1FM,7.096910013008056,3.00,2013,PDB,False
4bo5,WI4,7.096910013008056,2.60,2013,PDB,False
4li6,1XO,6.97469413473523,2.05,2013,PDB,False
4bo7,J2T,7.0,2.60,2013,PDB,False
4bfy,ZVY,6.920818753952375,2.30,2013,PDB,False
4bo8,34X,6.920818753952375,2.70,2013,PDB,False
4bo4,36G,6.886056647693163,2.70,2013,PDB,False
4g16,0VM,6.853871964321762,2.30,2013,PDB,False
4h4d,10E,6.823908740944319,1.35,2013,PDB,False
4n3r,2GU,6.823908740944319,1.90,2013,PDB,False
4j0a,1JL,6.795880017344075,2.40,2013,PDB,False
4l7f,1V5,6.795880017344075,1.95,2013,PDB,False
4jzf,1NL,6.756961951313706,1.84,2013,PDB,False
4gj7,0LT,6.769551078621726,2.80,2013,PDB,False
4i10,1BS,6.769551078621726,2.07,2013,PDB,False
4j0t,6T9,6.735182176990463,2.05,2013,PDB,False
3zm5,IGM,6.7447274948966935,2.94,2013,PDB,False
4bo6,36P,6.7447274948966935,2.80,2013,PDB,False
4h58,10Z,6.716698771296451,3.10,2013,PDB,False
4msg,2C6,10.0,1.80,2013,PDB,False
4mt9,2D6,10.0,2.00,2013,PDB,False
4gs8,MGJ,7.0,2.99,2013,PDB,False
4idt,T28,7.0,2.40,2013,PDB,False
4bo0,FXE,6.698970004336019,2.40,2013,PDB,False
4k4f,K4F,6.698970004336019,2.90,2013,PDB,False
4lh5,LF0,6.698970004336019,2.19,2013,PDB,False
4h4e,10G,6.6777807052660805,1.70,2013,PDB,False
4j08,1JH,6.657577319177793,2.10,2013,PDB,False
4bnz,8M5,6.585026652029182,2.50,2013,PDB,False
4krs,1SX,6.52432881167557,2.29,2013,PDB,False
3w54,RNB,9.698970004336019,2.30,2013,PDB,False
4bti,7R9,9.698970004336019,2.29,2013,PDB,False
4jjs,1M9,6.698970004336019,2.20,2013,PDB,False
3zm6,2GN,6.522878745280337,1.84,2013,PDB,False
4bo3,U98,6.522878745280337,2.50,2013,PDB,False
4bo9,3X3,6.508638306165727,2.90,2013,PDB,False
4d8s,0HX,6.494850021680094,2.40,2013,PDB,False
4i5p,1D1,6.423658649794207,1.74,2013,PDB,False
4m5o,X48,6.42021640338319,2.00,2013,PDB,False
4bqx,UN9,6.522878745280337,1.79,2013,PDB,False
4i12,1BC,6.391473966422806,1.78,2013,PDB,False
4ff8,14S,6.3979400086720375,2.40,2013,PDB,False
4j0y,1H6,6.361510743045363,1.77,2013,PDB,False
3vs3,VSE,9.366531544420413,2.17,2013,PDB,False
4i0f,1BF,6.346787486224656,1.80,2013,PDB,False
4mk5,28A,6.346787486224656,1.90,2013,PDB,False
4i0z,1BB,6.327902142064283,1.80,2013,PDB,False
3vva,CHW,9.318758762624412,2.59,2013,PDB,False
4kio,G5K,6.300162274132754,2.18,2013,PDB,False
4bw3,9BM,6.301029995663981,1.50,2013,PDB,False
4jda,A9S,6.292429823902063,2.65,2013,PDB,False
4jju,1MB,6.292429823902063,1.91,2013,PDB,False
3wix,LC3,6.267606240177032,1.90,2013,PDB,False
4l6q,1WU,6.267606240177032,2.79,2013,PDB,False
4bfz,ZVZ,6.259637310505756,2.10,2013,PDB,False
4mcc,21X,6.251811972993799,1.95,2013,PDB,False
3wd2,A1L,6.236572006437063,2.20,2013,PDB,False
4iqu,1FQ,6.236572006437063,2.40,2013,PDB,False
3vtb,TKA,9.301029995663981,2.00,2013,PDB,False
4btu,6XS,9.301029995663981,2.37,2013,PDB,False
4hzx,G39,9.301029995663981,2.20,2013,PDB,False
4i4e,1BQ,6.301029995663981,1.55,2013,PDB,False
4kil,1R5,6.301029995663981,1.75,2013,PDB,False
3wiy,LC6,6.214670164989233,2.15,2013,PDB,False
4i0d,1B7,6.214670164989233,1.91,2013,PDB,False
4ir5,IR5,6.214670164989233,1.70,2013,PDB,False
4b72,2FB,6.200659450546418,1.60,2013,PDB,False
4bw4,9B6,6.200659450546418,1.67,2013,PDB,False
4hy1,19X,8.698970004336019,1.90,2013,PDB,False
4hxw,1A0,8.698970004336019,1.69,2013,PDB,False
4k6z,1Q3,8.698970004336019,2.73,2013,PDB,False
4bs0,6NT,5.698970004336019,1.09,2013,PDB,False
3v0l,2GW,5.522878745280337,1.75,2013,PDB,False
3zpt,M8Y,8.508638306165727,1.54,2013,PDB,False
4m2r,BZ1,8.494850021680094,1.99,2013,PDB,False
4jft,1KN,5.455931955649724,2.10,2013,PDB,False
4kzu,A73,6.504455662453552,2.10,2013,PDB,False
2yog,74X,4.508638306165727,1.50,2013,PDB,False
4h42,11E,3.4672456210075024,2.01,2013,PDB,False
4k5p,1OS,3.462180904926726,1.85,2013,PDB,False
3znr,NU9,7.443697499232712,2.40,2013,PDB,False
4m2v,BZ1,7.443697499232712,1.72,2013,PDB,False
3zns,NU7,7.4089353929735005,2.45,2013,PDB,False
3zpu,M8B,8.3767507096021,1.80,2013,PDB,False
4giu,636,5.327902142064283,1.67,2013,PDB,False
4ks3,1SL,6.366531544420414,2.60,2013,PDB,False
4ca7,3EF,7.356547323513812,1.82,2013,PDB,False
4lvt,1XJ,10.356547323513812,2.05,2013,PDB,False
3zdh,XRS,7.346787486224656,2.20,2013,PDB,False
4bck,T3E,8.397940008672037,2.05,2013,PDB,False
4ij1,17C,5.3979400086720375,1.79,2013,PDB,False
3zps,EQM,8.301029995663981,1.55,2013,PDB,False
4mfe,3PY,2.2676062401770314,2.61,2013,PDB,False
4jfs,16Z,5.267606240177032,2.00,2013,PDB,False
4m2w,ETS,7.2839966563652006,1.66,2013,PDB,False
4bcp,T3C,6.245651664288981,2.26,2013,PDB,False
4iq6,IQ6,7.236572006437063,3.12,2013,PDB,False
4lxd,1XV,7.229147988357855,1.90,2013,PDB,False
4gfn,SUY,8.301029995663981,1.90,2013,PDB,False
4lko,1WH,8.221848749616356,2.43,2013,PDB,False
4gkm,683,5.167491087293763,1.67,2013,PDB,False
4n9a,2J2,4.1938200260161125,1.90,2013,PDB,False
3zpq,XF5,7.1700533040583645,2.80,2013,PDB,False
4iva,1J5,7.164943898279883,1.50,2013,PDB,False
3zbx,6XE,8.221848749616356,2.20,2013,PDB,False
4bci,T3E,8.221848749616356,3.10,2013,PDB,False
4hym,CJC,8.221848749616356,1.90,2013,PDB,False
4isi,1GG,8.136677139879543,1.94,2013,PDB,False
4ks4,1SN,7.142667503568731,2.50,2013,PDB,False
3zc5,W9Z,7.130768280269024,2.20,2013,PDB,False
4kxb,BES,4.1249387366083,2.40,2013,PDB,False
3zdg,XRX,7.102372908709558,2.48,2013,PDB,False
4bcf,T6Q,8.154901959985743,3.01,2013,PDB,False
4bcg,T3C,8.154901959985743,3.08,2013,PDB,False
4mf0,29Z,8.075720713938118,2.67,2013,PDB,False
4i8z,G08,11.050609993355087,1.75,2013,PDB,False
4m2u,ETS,8.040958607678906,2.00,2013,PDB,False
4n6y,2HV,7.036212172654444,2.60,2013,PDB,False
4jhz,1KV,6.019088062223156,2.83,2013,PDB,False
4kql,1SG,8.769551078621726,2.31,2014,PDB,False
4o12,2QG,8.698970004336019,2.50,2014,PDB,False
4c61,LMM,8.397940008672037,2.45,2014,PDB,False
4mqu,MG9,8.397940008672037,2.22,2014,PDB,False
4mha,4MH,8.2839966563652,2.59,2014,PDB,False
4jps,1LT,8.301029995663981,2.20,2014,PDB,False
4l4l,1XC,8.301029995663981,2.12,2014,PDB,False
4lwu,20U,8.301029995663981,1.14,2014,PDB,False
4d0x,953,8.096910013008056,1.82,2014,PDB,False
4ncg,2KW,7.958607314841775,2.58,2014,PDB,False
4n9e,2HL,7.823908740944319,1.72,2014,PDB,False
3wcb,8PH,7.7447274948966935,3.00,2014,PDB,False
4n9d,2HJ,7.721246399047171,1.70,2014,PDB,False
4l4m,1XD,8.0,2.44,2014,PDB,False
4u45,3DC,8.0,2.58,2014,PDB,False
4n8e,2KV,7.698970004336019,2.30,2014,PDB,False
4d1s,BJG,7.657577319177793,1.66,2014,PDB,False
4lwi,FJ6,7.638272163982407,1.70,2014,PDB,False
4lwh,FJ5,7.568636235841013,1.70,2014,PDB,False
4d0w,VVQ,7.698970004336019,1.77,2014,PDB,False
4k2g,1OQ,7.698970004336019,2.30,2014,PDB,False
4nld,2N7,7.698970004336019,2.75,2014,PDB,False
4nw5,2NR,7.698970004336019,1.94,2014,PDB,False
4j3j,D3C,7.508638306165727,3.20,2014,PDB,False
4kwp,EXX,7.494850021680094,1.25,2014,PDB,False
4d2v,45R,7.431798275933005,2.45,2014,PDB,False
4wwo,3VD,7.42021640338319,2.30,2014,PDB,False
4twc,37J,7.3979400086720375,1.70,2014,PDB,False
4knb,1RU,7.327902142064283,2.40,2014,PDB,False
4k2f,A08,7.3979400086720375,1.99,2014,PDB,False
3wcf,BH8,7.275724130399211,2.22,2014,PDB,False
4o0z,2RM,7.2441251443275085,2.05,2014,PDB,False
4cl9,IES,7.301029995663981,1.40,2014,PDB,False
4kpx,1SE,7.301029995663981,2.21,2014,PDB,False
4c1e,MCO,7.142667503568732,1.40,2014,PDB,False
4o10,2QF,7.107905397309519,1.55,2014,PDB,False
4lwe,FJ2,7.154901959985743,1.50,2014,PDB,False
4mro,MG0,7.060480747381382,2.20,2014,PDB,False
3wch,8PH,7.050609993355088,2.50,2014,PDB,False
4j1p,1K0,7.045757490560675,1.08,2014,PDB,False
4pzw,2X4,6.958607314841775,1.80,2014,PDB,False
4tn2,33J,6.920818753952375,2.70,2014,PDB,False
4wwp,3VE,6.920818753952375,2.40,2014,PDB,False
4uvc,D52,6.882728704344236,3.10,2014,PDB,False
4o76,1M3,6.886056647693163,1.70,2014,PDB,False
4tkg,09L,6.853871964321762,1.95,2014,PDB,False
3wcg,BH3,6.853871964321762,2.80,2014,PDB,False
4nzm,0EJ,6.853871964321762,2.00,2014,PDB,False
4cku,P2F,6.823908740944319,1.85,2014,PDB,False
4w9s,3K1,6.823908740944319,1.80,2014,PDB,False
4wlb,3QQ,6.7447274948966935,1.70,2014,PDB,False
4usj,ARG,4.0,2.85,2014,PDB,False
4phw,2W1,10.0,2.50,2014,PDB,False
4cc6,L5Y,6.638272163982407,2.01,2014,PDB,False
4pnk,KZQ,6.6020599913279625,2.56,2014,PDB,False
3wcl,BH3,6.585026652029182,2.24,2014,PDB,False
3wci,BH5,6.568636235841013,2.30,2014,PDB,False
4tkf,33C,6.54515513999149,2.60,2014,PDB,False
4clb,83T,6.552841968657781,1.60,2014,PDB,False
3wt5,YA1,9.537602002101044,1.90,2014,PDB,False
4ps5,2TA,6.537602002101044,1.40,2014,PDB,False
4mib,28M,9.698970004336019,2.30,2014,PDB,False
4q1n,2Y9,9.698970004336019,2.09,2014,PDB,False
4m7b,28C,6.698970004336019,1.95,2014,PDB,False
4u5t,3CG,6.698970004336019,3.30,2014,PDB,False
3wym,3K9,9.522878745280337,2.00,2014,PDB,False
4uv8,D69,6.474955192963154,2.80,2014,PDB,False
4tjy,3GN,6.43533393574791,1.90,2014,PDB,False
4oya,1VE,6.443697499232713,2.03,2014,PDB,False
4cik,XO3,6.431798275933005,1.78,2014,PDB,False
4m3b,2B2,6.3979400086720375,2.00,2014,PDB,False
4u79,3EL,6.3979400086720375,2.23,2014,PDB,False
4tki,33E,6.380906669373258,2.15,2014,PDB,False
4cqg,OT5,9.387216143280265,2.57,2014,PDB,False
4nzn,2OU,6.376750709602099,1.75,2014,PDB,False
4pnr,G18,6.341035157335565,1.71,2014,PDB,False
4lq3,20V,6.346787486224656,2.60,2014,PDB,False
4okg,2SZ,9.318758762624412,2.06,2014,PDB,False
4bg1,IVL,6.309803919971486,1.89,2014,PDB,False
4c7t,5RI,6.3979400086720375,2.05,2014,PDB,False
4uyh,9S3,6.301029995663981,1.73,2014,PDB,False
4m3g,2G1,6.259637310505756,2.30,2014,PDB,False
4m3e,2B3,6.251811972993799,2.11,2014,PDB,False
4pjt,2YQ,9.244125144327509,2.35,2014,PDB,False
4oq5,2UU,6.301029995663981,2.86,2014,PDB,False
4bgm,DLT,6.214670164989233,2.40,2014,PDB,False
4jvq,1ML,6.200659450546418,2.40,2014,PDB,False
4olc,DCD,6.1938200260161125,2.60,2014,PDB,False
4umu,0V0,6.187086643357144,2.02,2014,PDB,False
4c68,EN5,6.167491087293763,1.38,2014,PDB,False
4uzd,QMN,9.221848749616356,3.20,2014,PDB,False
4j5b,6B4,6.221848749616356,2.01,2014,PDB,False
4umt,47W,6.142667503568732,1.98,2014,PDB,False
4l7d,1VX,6.1249387366083,2.25,2014,PDB,False
4cxw,6MK,6.0915149811213505,3.10,2014,PDB,False
4pni,KQQ,6.0915149811213505,1.85,2014,PDB,False
4qn7,G39,9.075720713938118,2.30,2014,PDB,False
4pv0,CG4,9.070581074285707,2.00,2014,PDB,False
4wwn,3VC,6.070581074285707,2.70,2014,PDB,False
4nau,2W3,9.060480747381382,2.33,2014,PDB,False
4n1t,2GD,9.096910013008056,1.60,2014,PDB,False
4tjw,P34,6.016373712875465,1.70,2014,PDB,False
4uv9,D70,6.010995384301463,3.00,2014,PDB,False
4m3m,22N,9.045757490560675,2.10,2014,PDB,False
4w7t,3JC,6.045757490560675,1.80,2014,PDB,False
4urk,A82,5.962573502059376,2.90,2014,PDB,False
4d2t,3I7,6.0,2.70,2014,PDB,False
4o72,2R4,6.0,1.40,2014,PDB,False
4pzx,2X5,6.0,1.80,2014,PDB,False
4j5d,728,5.958607314841775,1.32,2014,PDB,False
4n1b,2FS,5.958607314841775,2.55,2014,PDB,False
4p0w,1XH,5.958607314841775,2.41,2014,PDB,False
4p0v,1WO,5.920818753952375,2.40,2014,PDB,False
4p0x,1WO,5.920818753952375,2.50,2014,PDB,False
4qye,3DL,5.920818753952375,2.05,2014,PDB,False
4ux6,YWO,5.920818753952375,3.00,2014,PDB,False
3wke,AUB,8.886056647693163,2.75,2014,PDB,False
4cli,5P8,8.886056647693163,2.05,2014,PDB,False
4lqg,CTW,8.886056647693163,1.77,2014,PDB,False
4qyh,3DX,8.886056647693163,1.90,2014,PDB,False
3wgw,T2B,5.886056647693163,2.80,2014,PDB,False
4msu,2EU,5.847711655616943,2.50,2014,PDB,False
3wyl,3KB,8.853871964321762,2.68,2014,PDB,False
4bis,8HQ,5.853871964321762,2.49,2014,PDB,False
4j59,671,5.853871964321762,1.92,2014,PDB,False
4nak,PBQ,5.853871964321762,1.80,2014,PDB,False
4pnm,NU1,5.853871964321762,2.19,2014,PDB,False
4k9g,1Q1,5.823908740944319,1.55,2014,PDB,False
4pnt,IQD,5.823908740944319,1.60,2014,PDB,False
4u03,TLL,5.772113295386326,2.04,2014,PDB,False
4u0m,TLL,5.772113295386326,2.30,2014,PDB,False
4u0n,TLL,5.772113295386326,2.10,2014,PDB,False
4oyb,1VJ,5.795880017344075,1.70,2014,PDB,False
4uva,D73,5.749579997691106,2.90,2014,PDB,False
3wt7,YA2,8.747146969020108,2.40,2014,PDB,False
4d09,788,8.769551078621726,2.50,2014,PDB,False
4j3i,1K0,5.7447274948966935,1.24,2014,PDB,False
4knr,1S8,5.7447274948966935,2.10,2014,PDB,False
4nhx,OGA,5.721246399047171,2.10,2014,PDB,False
4obz,2S4,5.721246399047171,2.90,2014,PDB,False
4c1c,MCO,4.97061622231479,1.18,2014,PDB,False
4rfy,3OU,7.0,1.70,2014,PDB,False
4ckr,DI1,6.978810700930062,2.20,2014,PDB,False
4qtd,38Z,5.966576244513051,1.50,2014,PDB,False
4d08,Q2T,8.0,1.90,2014,PDB,False
4qg7,32K,8.0,1.67,2014,PDB,False
4lv4,8HC,5.0,2.08,2014,PDB,False
4o7c,2RK,5.0,1.55,2014,PDB,False
4p74,2U9,5.0,2.70,2014,PDB,False
4pnq,32X,5.0,1.85,2014,PDB,False
4j5e,7B7,4.943095148663527,.99,2014,PDB,False
4cxy,DGR,4.928117992693875,2.65,2014,PDB,False
4n8d,2KS,4.924453038607469,1.65,2014,PDB,False
4pp7,2VX,7.958607314841775,3.40,2014,PDB,False
4oym,1ZC,4.958607314841775,1.70,2014,PDB,False
4ot6,2V1,5.920818753952375,2.05,2014,PDB,False
4na4,A1R,6.920818753952375,2.50,2014,PDB,False
4mwe,2EN,5.909741947068683,2.45,2014,PDB,False
3wk7,S0D,3.896196279044043,2.20,2014,PDB,False
3wv2,WGG,7.920818753952375,2.30,2014,PDB,False
4qga,31Z,7.920818753952375,1.94,2014,PDB,False
4l7o,1VD,4.87942606879415,2.00,2014,PDB,False
4mwc,2EM,5.866461091629782,2.65,2014,PDB,False
4u93,990,7.886056647693163,1.55,2014,PDB,False
4o7f,2RQ,4.886056647693163,1.80,2014,PDB,False
4l7n,1VB,4.841637507904751,1.80,2014,PDB,False
4w9q,3JP,6.853871964321762,1.08,2014,PDB,False
4o91,NG2,6.826813731587726,2.39,2014,PDB,False
4u6r,3E4,7.853871964321762,2.50,2014,PDB,False
4lq9,21D,4.853871964321762,2.04,2014,PDB,False
4ok6,2T7,4.853871964321762,2.40,2014,PDB,False
4m7x,27Q,4.804100347590766,1.42,2014,PDB,False
4lm5,Q17,6.823908740944319,2.25,2014,PDB,False
4c8r,6YT,6.815308569182402,2.82,2014,PDB,False
4q9s,30G,3.8068754016455384,2.07,2014,PDB,False
3we4,5FI,7.823908740944319,2.00,2014,PDB,False
3wk5,S0C,4.823908740944319,2.77,2014,PDB,False
4jln,18V,7.777283528852417,2.15,2014,PDB,False
4umr,QBB,3.7958800173440754,3.00,2014,PDB,False
4mw6,2EE,5.775208043507319,2.56,2014,PDB,False
4p7e,2HB,4.756961951313706,2.40,2014,PDB,False
4l23,X6K,7.747146969020107,2.50,2014,PDB,False
3wkd,S0K,3.7670038896078464,2.48,2014,PDB,False
4md6,24E,7.769551078621726,2.00,2014,PDB,False
4obp,2QU,7.769551078621726,2.27,2014,PDB,False
4oho,2TG,7.769551078621726,2.58,2014,PDB,False
4i9z,5BA,7.739928612014925,2.08,2014,PDB,False
4cfm,4QE,4.739928612014925,2.85,2014,PDB,False
4ph4,2UG,7.7447274948966935,2.80,2014,PDB,False
4o71,CPB,4.7447274948966935,1.36,2014,PDB,False
4kpz,1SF,2.709965388637482,2.09,2014,PDB,False
3wkc,S0J,3.709965388637482,2.20,2014,PDB,False
4mw2,2E9,6.703334809738469,2.30,2014,PDB,False
4mw1,44F,7.721246399047171,2.49,2014,PDB,False
4nan,2JM,4.721246399047171,1.80,2014,PDB,False
4o70,1QK,4.721246399047171,1.55,2014,PDB,False
4o7a,2RF,4.721246399047171,1.34,2014,PDB,False
4oyi,1VK,4.721246399047171,1.70,2014,PDB,False
4wh9,3M8,3.0,1.50,2014,PDB,False
4o6e,2SH,9.0,1.95,2014,PDB,False
4qgg,32C,9.0,1.62,2014,PDB,False
4qgh,32E,9.0,1.78,2014,PDB,False
4rio,3QX,9.0,2.69,2014,PDB,False
4uwk,UJB,9.0,2.83,2014,PDB,False
4l7l,1VA,6.0,2.10,2014,PDB,False
4occ,2TZ,8.698970004336019,1.80,2014,PDB,False
4cxx,640,5.675717544702307,2.76,2014,PDB,False
4d2p,6Z7,5.6777807052660805,2.55,2014,PDB,False
4l70,1V9,5.657577319177793,2.00,2014,PDB,False
4l7u,1VC,5.657577319177793,2.80,2014,PDB,False
4nal,H70,5.657577319177793,1.80,2014,PDB,False
4l7b,1VV,5.638272163982407,2.41,2014,PDB,False
4nhy,PD2,5.638272163982407,2.60,2014,PDB,False
4txe,38F,5.619788758288394,1.80,2014,PDB,False
4o77,2RE,5.6020599913279625,2.00,2014,PDB,False
4tx6,38B,5.585026652029182,1.90,2014,PDB,False
4tk0,32Z,5.552841968657781,1.65,2014,PDB,False
4u5j,RXT,5.533132379645891,2.26,2014,PDB,False
4x7i,3YS,7.692503962086787,1.77,2014,PDB,False
4pyv,2XF,6.698970004336019,2.65,2014,PDB,False
3wf7,FS9,6.686132779630847,1.85,2014,PDB,False
4mx1,1MX,3.679853713888946,1.59,2014,PDB,False
4o7b,2RJ,4.698970004336019,1.50,2014,PDB,False
4uy1,TJM,4.698970004336019,2.20,2014,PDB,False
3ws8,X4C,6.6777807052660805,2.60,2014,PDB,False
4rrs,3UY,6.6777807052660805,1.80,2014,PDB,False
4o75,2RC,4.6777807052660805,1.55,2014,PDB,False
4jlm,1NN,7.6439741428068775,2.18,2014,PDB,False
4jvj,1MV,7.657577319177793,2.80,2014,PDB,False
4p73,GAX,7.657577319177793,3.03,2014,PDB,False
4c1f,X8Z,4.632644078973981,2.01,2014,PDB,False
4cfv,75X,4.627087997029894,2.00,2014,PDB,False
3wf8,F76,6.634512015109101,1.98,2014,PDB,False
4nw7,2O5,6.6252516539898965,2.15,2014,PDB,False
3wyk,3KG,7.638272163982407,2.50,2014,PDB,False
4bfr,J82,7.638272163982407,2.80,2014,PDB,False
4lng,JAN,5.619788758288394,1.91,2014,PDB,False
3w8o,WPC,7.619788758288394,1.85,2014,PDB,False
3wv3,WLL,7.619788758288394,1.60,2014,PDB,False
4nrp,OGA,4.587539452570039,1.80,2014,PDB,False
4muk,2DV,6.5968794788241825,1.90,2014,PDB,False
4bzr,K26,7.6020599913279625,1.84,2014,PDB,False
4o74,R78,7.6020599913279625,1.45,2014,PDB,False
4rro,3UX,7.585026652029182,1.80,2014,PDB,False
4lnb,ED5,6.560667306169737,1.75,2014,PDB,False
4mvw,43E,7.552841968657781,2.90,2014,PDB,False
4ohm,2TF,7.552841968657781,2.40,2014,PDB,False
4mx5,5MX,4.552841968657781,1.52,2014,PDB,False
4mvy,387,7.5376020021010435,2.31,2014,PDB,False
3wka,S0G,4.5376020021010435,2.01,2014,PDB,False
4nwk,2R8,8.698970004336019,1.62,2014,PDB,False
4j5c,7I6,5.522878745280337,1.03,2014,PDB,False
4pnl,DRL,5.522878745280337,1.50,2014,PDB,False
4ctj,3A9,2.505845405981557,1.47,2014,PDB,False
4uvb,D51,5.486782399932061,2.80,2014,PDB,False
4knx,1S9,5.494850021680094,1.90,2014,PDB,False
4jpa,AZ6,8.481486060122112,2.00,2014,PDB,False
4nvq,2OD,8.481486060122112,2.03,2014,PDB,False
4c5w,NM3,5.481486060122113,1.70,2014,PDB,False
4oq6,2UV,5.481486060122113,1.81,2014,PDB,False
4ce1,7FK,4.3788237182249645,2.01,2014,PDB,False
4cj4,S3G,3.364516253185088,1.80,2014,PDB,False
4mnp,SLB,7.341988603342887,2.50,2014,PDB,False
4muf,2DJ,6.337242168318426,2.50,2014,PDB,False
4lys,2SJ,4.337242168318426,1.83,2014,PDB,False
4ibj,1D9,4.327902142064283,1.54,2014,PDB,False
4cjp,4D2,3.317854923626168,2.00,2014,PDB,False
4c9x,VHS,7.318758762624412,1.20,2014,PDB,False
4u43,3D8,4.318758762624412,2.18,2014,PDB,False
4nyf,4BI,7.309803919971486,1.90,2014,PDB,False
4m3p,HCS,5.3979400086720375,1.90,2014,PDB,False
4ozj,ADP,5.3979400086720375,1.45,2014,PDB,False
4ozn,ATP,5.3979400086720375,2.60,2014,PDB,False
4n9b,2HH,5.2839966563652006,2.86,2014,PDB,False
4np2,2L1,2.2596373105057563,1.75,2014,PDB,False
4m5k,YH3,5.229147988357856,1.30,2014,PDB,False
4ibk,1DE,4.297569463554475,1.85,2014,PDB,False
4tz8,39U,3.3010299956639813,2.15,2014,PDB,False
4k7o,EKZ,4.301029995663981,1.98,2014,PDB,False
4o61,CIT,4.301029995663981,1.90,2014,PDB,False
4lpg,1MV,4.2549252084179425,2.35,2014,PDB,False
4wiv,3P2,6.259637310505756,1.56,2014,PDB,False
4nnr,FK5,7.259637310505756,1.98,2014,PDB,False
3wqm,B29,6.251811972993799,2.10,2014,PDB,False
4mre,2C9,2.193820026016113,1.58,2014,PDB,False
4m0z,M0Z,5.1938200260161125,2.00,2014,PDB,False
4m5i,YH6,5.173925197299173,1.08,2014,PDB,False
4kp4,ANP,5.167491087293763,3.00,2014,PDB,False
4nja,2M9,6.221848749616356,2.20,2014,PDB,False
4tyl,39O,3.2218487496163566,1.85,2014,PDB,False
4mul,2DW,6.214670164989233,1.75,2014,PDB,False
4ca4,KGM,7.183758700008217,2.84,2014,PDB,False
4buq,KGM,8.136677139879543,2.20,2014,PDB,False
4pop,2VY,8.12842706445412,2.20,2014,PDB,False
4m5n,YH7,5.1249387366083,2.00,2014,PDB,False
4pms,31X,8.102372908709558,2.80,2014,PDB,False
4ibe,11Y,4.151195298948196,1.95,2014,PDB,False
4mpc,PV2,6.148130399270234,1.70,2014,PDB,False
4ibi,1D8,4.136677139879544,1.47,2014,PDB,False
4d1y,RBF,7.130768280269024,2.60,2014,PDB,False
4whs,3N8,4.1249387366083,1.35,2014,PDB,False
4whq,3N8,4.1249387366083,1.78,2014,PDB,False
4whr,3N8,4.1249387366083,1.58,2014,PDB,False
4c9w,VGH,6.1073489661227,1.65,2014,PDB,False
4cjr,FYM,3.1007268126823964,1.80,2014,PDB,False
4wf2,BTX,8.09528445472132,2.31,2014,PDB,False
4nyi,2PX,3.061480274823508,2.96,2014,PDB,False
4qew,31P,7.0655015487564325,1.70,2014,PDB,False
4qzs,JQ1,7.050609993355087,1.45,2014,PDB,False
4cs9,AMP,2.0969100130080562,2.01,2014,PDB,False
4wke,3PU,8.096910013008056,1.62,2014,PDB,False
4jaz,STL,5.037630664329979,2.85,2014,PDB,False
4lph,YL3,5.036212172654444,2.30,2014,PDB,False
4uye,9F9,8.020451625295905,1.65,2014,PDB,False
4m5g,YH1,5.013228265733755,1.31,2014,PDB,False
4ql1,35Q,7.031517051446065,1.50,2014,PDB,False
4og4,2VK,6.021363051615525,1.45,2014,PDB,False
4oct,AKG,5.045757490560675,2.28,2014,PDB,False
4pnw,2VM,5.045757490560675,2.00,2014,PDB,False
4rqv,R2S,5.045757490560675,1.50,2014,PDB,False
4l2l,1V6,5.698970004336019,1.65,2014,PDB,False
4cwr,HAJ,8.301029995663981,2.00,2014,PDB,False
4cws,G3R,7.920818753952375,2.30,2014,PDB,False
4r6t,R5T,7.522878745280337,2.60,2014,PDB,False
4ngm,JB7,10.347753658996677,1.84,2014,PDB,False
4jyt,N4A,7.3979400086720375,2.00,2014,PDB,False
4jzi,N4C,7.3979400086720375,2.00,2014,PDB,False
4m8x,KGQ,10.200659450546418,2.05,2014,PDB,False
4kz4,4A1,4.154901959985743,1.42,2014,PDB,False
4cwq,W2D,7.055517327849832,2.00,2014,PDB,False
4tyo,39X,7.096910013008056,1.75,2014,PDB,False
4m8y,KGQ,9.958607314841775,2.22,2014,PDB,False
4mhz,PBD,6.872895201635193,1.95,2014,PDB,False
4nue,NUE,6.823908740944319,1.30,2014,PDB,False
4qy3,3G1,6.823908740944319,1.50,2014,PDB,False
4cwp,TV2,6.769551078621726,1.95,2014,PDB,False
4cwt,IK9,6.747146969020107,1.90,2014,PDB,False
4ppb,2VV,10.0,2.82,2014,PDB,False
4na7,1T5,9.698970004336019,2.80,2014,PDB,False
3zj6,VM2,6.657577319177793,2.40,2014,PDB,False
4jit,3ZF,6.638272163982407,2.80,2014,PDB,False
4lsj,LSJ,9.57186520597121,2.35,2014,PDB,False
4mc6,23K,9.585026652029182,1.31,2014,PDB,False
4kza,NZ9,3.6989700043360187,1.60,2014,PDB,False
4cd0,AWJ,9.698970004336019,2.23,2014,PDB,False
4jz1,F4D,6.698970004336019,1.90,2014,PDB,False
3wmc,NF6,6.508638306165727,2.10,2014,PDB,False
4mhy,PBD,6.465973893943865,1.38,2014,PDB,False
4mc9,23L,9.443697499232712,1.19,2014,PDB,False
4ty7,39F,9.522878745280337,2.09,2014,PDB,False
4lhm,AZZ,3.3872161432802645,1.52,2014,PDB,False
4qge,35O,9.301029995663981,2.00,2014,PDB,False
4r8y,3KO,6.1938200260161125,1.90,2014,PDB,False
4mlx,TM7,3.1870866433571443,1.65,2014,PDB,False
4mse,2ZU,6.161150909262744,2.81,2014,PDB,False
4clj,5P8,9.154901959985743,1.66,2014,PDB,False
4n1z,N1Z,9.142667503568731,2.35,2014,PDB,False
4p6w,MOF,9.154901959985743,1.95,2014,PDB,False
4pqn,2W6,9.154901959985743,1.71,2014,PDB,False
4r5v,R5V,6.154901959985743,2.10,2014,PDB,False
4o3b,GLU,6.086186147616283,1.91,2014,PDB,False
4cmo,YPW,9.070581074285707,1.83,2014,PDB,False
4kz6,ZB6,3.0969100130080562,1.68,2014,PDB,False
4ppa,2VU,9.096910013008056,2.67,2014,PDB,False
4l19,1UA,6.096910013008056,1.66,2014,PDB,False
4r5t,R5T,6.096910013008056,1.98,2014,PDB,False
4nuc,435,6.040958607678906,1.40,2014,PDB,False
4ppc,2VW,9.031517051446064,2.95,2014,PDB,False
4kwg,2AK,6.0,2.10,2014,PDB,False
4msc,2ZT,5.958607314841775,2.47,2014,PDB,False
4lkt,EIC,5.8996294548824375,2.57,2014,PDB,False
4kzb,NZ2,2.886056647693163,1.37,2014,PDB,False
4mlt,TM4,2.853871964321762,2.00,2014,PDB,False
4na8,1T6,8.823908740944319,2.30,2014,PDB,False
4oyt,FON,2.8096683018297086,2.40,2014,PDB,False
4kz8,1U6,2.795880017344075,2.28,2014,PDB,False
4kz3,1U1,2.769551078621726,1.67,2014,PDB,False
4m6u,TTN,2.744727494896694,1.80,2014,PDB,False
4mqp,2B1,4.982966660701219,1.83,2014,PDB,False
4oc4,2QN,6.978810700930062,1.66,2014,PDB,False
4owm,3F0,2.962573502059376,1.99,2014,PDB,False
4o9v,NT4,8.0,1.90,2014,PDB,False
4cft,M48,4.95233580539844,1.79,2014,PDB,False
4civ,48P,4.950781977329818,2.90,2014,PDB,False
4r59,3J3,7.958607314841775,1.65,2014,PDB,False
4cd1,8E9,4.892790030352131,2.00,2014,PDB,False
4lm3,9ZE,2.9208187539523753,1.49,2014,PDB,False
3zj8,LR1,3.896196279044043,3.01,2014,PDB,False
4llx,5ZE,2.886056647693163,1.75,2014,PDB,False
4n4s,2H1,6.876148359032914,2.20,2014,PDB,False
3wq5,VPA,3.853871964321762,1.80,2014,PDB,False
4mc1,526,7.853871964321762,1.39,2014,PDB,False
4pcs,2M7,7.853871964321762,1.77,2014,PDB,False
4r76,R5X,7.853871964321762,2.50,2014,PDB,False
4r95,3KW,7.853871964321762,1.99,2014,PDB,False
4rak,652,7.853871964321762,2.04,2014,PDB,False
4ciw,XH2,4.823908740944319,2.20,2014,PDB,False
4ih3,PDC,4.818156412055227,2.49,2014,PDB,False
4keq,5PN,3.8239087409443187,2.28,2014,PDB,False
4kwf,3AK,4.823908740944319,2.31,2014,PDB,False
4r93,779,7.795880017344075,1.71,2014,PDB,False
4rj4,3QW,7.795880017344075,2.78,2014,PDB,False
4w9p,3JR,7.795880017344075,1.50,2014,PDB,False
4llp,4ZE,4.795880017344075,1.75,2014,PDB,False
4nga,2KF,7.769551078621726,2.15,2014,PDB,False
4rj8,3QS,7.769551078621726,2.50,2014,PDB,False
4w9o,3JQ,7.769551078621726,1.27,2014,PDB,False
4r5b,3J4,6.732828271596986,1.50,2014,PDB,False
4cae,3F3,7.7447274948966935,1.46,2014,PDB,False
4cpq,9MW,7.7447274948966935,2.35,2014,PDB,False
4jxs,18U,4.7447274948966935,1.90,2014,PDB,False
4jxw,1MW,4.721246399047171,2.30,2014,PDB,False
4c2v,YJA,9.0,1.49,2014,PDB,False
4ps8,2WK,9.0,2.99,2014,PDB,False
4jls,3ZE,5.657577319177793,2.20,2014,PDB,False
4bf1,9FK,8.619788758288394,1.35,2014,PDB,False
4cwn,6LV,5.585026652029182,1.80,2014,PDB,False
4tpk,3F9,8.567030709125595,2.70,2014,PDB,False
2yne,YNE,8.568636235841012,1.72,2014,PDB,False
4pqa,X8Z,5.552841968657781,1.78,2014,PDB,False
4o0t,2OL,5.537602002101044,2.60,2014,PDB,False
4cpz,ZMR,7.680893940690224,2.20,2014,PDB,False
4ovg,2VF,3.6903698325741012,1.90,2014,PDB,False
4cpt,1T8,7.698970004336019,1.70,2014,PDB,False
4q93,STL,4.651695136951839,2.10,2014,PDB,False
4rj7,3R1,7.657577319177793,2.55,2014,PDB,False
4g95,OAG,7.61261017366127,1.35,2014,PDB,False
4oc1,2QS,6.5951662833800615,1.75,2014,PDB,False
4p58,2F6,4.6020599913279625,2.06,2014,PDB,False
3wq6,ZPA,4.585026652029182,1.80,2014,PDB,False
4ciy,NDY,4.568636235841013,2.10,2014,PDB,False
4ngn,J96,7.55129368009492,1.64,2014,PDB,False
4cpu,V78,7.530177984021837,1.82,2014,PDB,False
4ps3,2WH,8.698970004336019,2.90,2014,PDB,False
4r5a,3J4,8.698970004336019,1.64,2014,PDB,False
4kz7,1U5,2.494850021680094,1.43,2014,PDB,False
4o0v,2OL,8.481486060122112,2.80,2014,PDB,False
4mrz,2ZV,3.5228787452803374,1.58,2014,PDB,False
4qme,37B,6.519993057042849,1.60,2014,PDB,False
4ty6,39D,7.522878745280337,1.85,2014,PDB,False
4cpw,V78,7.501689446210399,1.70,2014,PDB,False
4oc0,2R7,6.497572880015567,1.85,2014,PDB,False
4jxv,1MU,4.508638306165727,1.76,2014,PDB,False
4cwf,H05,4.489454989793388,2.00,2014,PDB,False
2ynd,646,7.494850021680094,1.89,2014,PDB,False
4cu8,DGJ,4.4698003017969175,2.50,2014,PDB,False
4cix,W4N,4.468521082957745,2.90,2014,PDB,False
4owo,6F0,4.468521082957745,1.99,2014,PDB,False
4kwo,1UD,6.452225294612178,1.32,2014,PDB,False
4cpr,378,7.455931955649724,1.80,2014,PDB,False
4nh9,2LC,6.425968732272281,2.77,2014,PDB,False
4mi9,26W,3.423808432338166,1.85,2014,PDB,False
4llj,1XN,3.42021640338319,1.56,2014,PDB,False
4n8q,FA0,3.42021640338319,2.08,2014,PDB,False
4ps7,2WJ,7.4089353929735005,2.69,2014,PDB,False
4r92,3KU,7.4089353929735005,1.71,2014,PDB,False
4nh8,2LC,8.522878745280337,1.65,2014,PDB,False
4o97,NTX,8.522878745280337,2.20,2014,PDB,False
4cnh,3U9,8.397940008672037,1.90,2014,PDB,False
3wmb,NF1,5.368556230986828,2.70,2014,PDB,False
4v24,GYR,8.366531544420413,1.80,2014,PDB,False
4bf6,X0Q,8.346787486224656,1.82,2014,PDB,False
4pee,2OX,8.318758762624412,1.95,2014,PDB,False
4mic,26Y,5.302770657240282,2.45,2014,PDB,False
4ms0,2ZX,3.3872161432802645,1.79,2014,PDB,False
4na9,1T7,7.3872161432802645,2.24,2014,PDB,False
4pp9,2VT,7.366531544420414,2.58,2014,PDB,False
4lkq,1XM,3.3467874862246565,1.62,2014,PDB,False
4owv,BE2,4.346787486224656,1.90,2014,PDB,False
4mi6,26V,4.312649430441972,1.90,2014,PDB,False
4cpy,G39,6.308609039611957,1.80,2014,PDB,False
4nh7,E0G,8.397940008672037,2.00,2014,PDB,False
4ual,3FV,8.397940008672037,1.71,2014,PDB,False
4mhs,26Q,5.289036881004725,2.00,2014,PDB,False
4oc3,2QP,8.275724130399212,1.79,2014,PDB,False
4oc2,2QQ,8.275724130399212,1.65,2014,PDB,False
4cps,1T8,8.267606240177031,1.55,2014,PDB,False
4r5x,R5X,5.259637310505756,1.85,2014,PDB,False
4u8w,G10,11.236572006437063,1.30,2014,PDB,False
4msa,2ZM,3.3010299956639813,1.62,2014,PDB,False
4mrw,MRW,3.3010299956639813,1.96,2014,PDB,False
4kij,KIJ,4.301029995663981,2.80,2014,PDB,False
4itp,1GD,7.267606240177032,1.70,2014,PDB,False
4lm0,5NI,3.2518119729937998,1.66,2014,PDB,False
4lm1,7ZE,3.2291479883578558,1.60,2014,PDB,False
4cwo,T62,5.214670164989233,2.31,2014,PDB,False
4m0r,644,5.2076083105017466,1.96,2014,PDB,False
4mc2,525,8.193820026016112,1.56,2014,PDB,False
4o0y,2OO,7.221848749616356,2.20,2014,PDB,False
4own,5RG,4.221848749616356,2.11,2014,PDB,False
4tw6,37L,4.214670164989233,1.40,2014,PDB,False
4rj5,3QY,7.180456064458132,3.10,2014,PDB,False
4o0x,2OQ,7.167491087293763,2.48,2014,PDB,False
4kup,1TZ,5.221848749616356,1.31,2014,PDB,False
4kiw,KIW,5.1249387366083,2.57,2014,PDB,False
4cp7,9MW,8.10790539730952,1.80,2014,PDB,False
4pct,H76,7.154901959985743,2.10,2014,PDB,False
4prj,2VU,7.142667503568731,2.80,2014,PDB,False
4ovf,2VG,4.130768280269024,2.05,2014,PDB,False
4mi3,26R,4.123262702859336,2.15,2014,PDB,False
4bzs,K26,7.1249387366083,2.10,2014,PDB,False
4caf,370,7.1249387366083,1.70,2014,PDB,False
4ng9,2KE,7.1249387366083,2.20,2014,PDB,False
4loy,6XS,8.09151498112135,1.77,2014,PDB,False
4mho,26M,5.0835460514500745,2.00,2014,PDB,False
4cq0,SXS,5.091193400594325,1.45,2014,PDB,False
4oc5,2QM,7.070581074285707,1.70,2014,PDB,False
4lm4,JPZ,3.0409586076789066,1.48,2014,PDB,False
4p6x,HCY,7.040958607678906,2.50,2014,PDB,False
4lm2,8ZE,3.0268721464003012,1.55,2014,PDB,False
4msn,2ZQ,4.026872146400302,2.30,2014,PDB,False
4llk,MEW,3.0043648054024503,1.55,2014,PDB,False
5ew3,5T2,8.920818753952375,2.50,2015,PDB,False
5bvw,1N1,8.823908740944319,1.94,2015,PDB,False
5bvn,4VD,8.823908740944319,2.21,2015,PDB,False
4uib,GWX,9.0,1.94,2015,PDB,False
4ys7,4GK,9.0,2.50,2015,PDB,False
5bpa,4UF,9.0,1.79,2015,PDB,False
4unr,QZE,8.698970004336019,1.98,2015,PDB,False
4zg7,4O0,8.698970004336019,1.75,2015,PDB,False
4u01,39W,8.455931955649724,2.80,2015,PDB,False
3wv1,WHH,11.4089353929735,1.98,2015,PDB,False
5ak2,85Z,8.4089353929735,2.19,2015,PDB,False
4qmn,DB8,8.522878745280337,2.09,2015,PDB,False
4yne,4EK,8.522878745280337,2.02,2015,PDB,False
5am1,I5T,8.522878745280337,2.15,2015,PDB,False
5bue,4V8,8.522878745280337,2.40,2015,PDB,False
4xv1,904,8.3767507096021,2.47,2015,PDB,False
4qmy,STU,8.397940008672037,1.88,2015,PDB,False
5a3t,MMK,8.397940008672037,1.90,2015,PDB,False
5d9k,584,8.397940008672037,2.55,2015,PDB,False
4xv2,P06,8.267606240177031,2.50,2015,PDB,False
5am3,AUB,8.301029995663981,2.20,2015,PDB,False
5buj,4VB,8.301029995663981,1.85,2015,PDB,False
5bvo,4VE,8.301029995663981,1.98,2015,PDB,False
4otf,2VL,8.221848749616356,1.95,2015,PDB,False
4yl0,4DZ,8.221848749616356,1.52,2015,PDB,False
4ylj,4E1,8.221848749616356,2.58,2015,PDB,False
5alz,XQ9,8.221848749616356,2.30,2015,PDB,False
4yl3,4U9,8.154901959985743,1.41,2015,PDB,False
4ryg,3ZJ,8.096910013008056,2.65,2015,PDB,False
4zyi,4TH,8.096910013008056,1.67,2015,PDB,False
4yqh,4F7,8.045757490560675,2.31,2015,PDB,False
5bve,4VG,11.0,2.00,2015,PDB,False
4qmt,H1N,8.0,1.50,2015,PDB,False
5ajx,FD9,7.958607314841775,2.58,2015,PDB,False
4wt6,3U6,7.920818753952375,2.30,2015,PDB,False
4xv3,P02,7.920818753952375,2.80,2015,PDB,False
5d7r,57Y,7.886056647693163,1.55,2015,PDB,False
4qmp,DKI,7.853871964321762,2.00,2015,PDB,False
4z1q,558,7.823908740944319,1.40,2015,PDB,False
5ake,6N0,7.823908740944319,2.26,2015,PDB,False
5cte,57L,7.795880017344075,2.34,2015,PDB,False
4wsy,3U5,7.769551078621726,2.30,2015,PDB,False
4qmo,34L,7.721246399047171,1.90,2015,PDB,False
5als,5DQ,7.721246399047171,2.57,2015,PDB,False
5ak0,8V1,7.6777807052660805,2.03,2015,PDB,False
5alu,HD2,7.657577319177793,1.87,2015,PDB,False
5e1e,5JG,7.657577319177793,2.30,2015,PDB,False
4qmv,34W,7.638272163982407,2.40,2015,PDB,False
4yk5,4DV,7.638272163982407,1.42,2015,PDB,False
5d9l,583,7.619788758288394,2.15,2015,PDB,False
4zg9,4O2,7.585026652029182,2.95,2015,PDB,False
4d2s,DYK,7.698970004336019,2.50,2015,PDB,False
4zga,4O3,7.698970004336019,2.60,2015,PDB,False
5aae,7HD,7.455931955649724,3.11,2015,PDB,False
4z2i,M6B,7.443697499232713,2.00,2015,PDB,False
5aaf,NL4,7.443697499232713,2.78,2015,PDB,False
4qpa,35W,7.431798275933005,2.85,2015,PDB,False
5alg,R4N,7.522878745280337,2.40,2015,PDB,False
5d12,G97,7.366531544420414,3.00,2015,PDB,False
5aag,6F2,7.337242168318426,2.85,2015,PDB,False
4rz1,3ZN,7.3979400086720375,2.60,2015,PDB,False
5apj,76E,7.3979400086720375,2.08,2015,PDB,False
4zpg,4QF,7.259637310505756,2.00,2015,PDB,False
4ybs,4BK,7.2441251443275085,1.83,2015,PDB,False
4zur,7XA,7.167491087293763,1.13,2015,PDB,False
5aep,QUP,7.167491087293763,1.95,2015,PDB,False
4y6p,R77,7.161150909262744,1.90,2015,PDB,False
4nxo,2H7,7.221848749616356,2.73,2015,PDB,False
4qr5,BNM,7.221848749616356,1.41,2015,PDB,False
5aen,DP8,7.221848749616356,1.86,2015,PDB,False
5aph,VYI,7.221848749616356,1.54,2015,PDB,False
5ct7,55J,7.154901959985743,3.17,2015,PDB,False
4qp9,35X,7.1487416512809245,2.00,2015,PDB,False
5d10,563,7.142667503568732,2.70,2015,PDB,False
4yps,4F6,7.1249387366083,2.10,2015,PDB,False
5djv,5BL,7.113509274827518,2.30,2015,PDB,False
4y6m,48Q,7.154901959985743,2.27,2015,PDB,False
5axq,4LP,10.096910013008056,1.77,2015,PDB,False
4wag,3K7,7.080921907623926,3.41,2015,PDB,False
4qmw,KS1,7.0655015487564325,1.60,2015,PDB,False
5ak5,V2Z,7.0655015487564325,2.22,2015,PDB,False
5bui,4V9,7.050609993355088,2.12,2015,PDB,False
5ai5,BSU,7.031517051446065,2.28,2015,PDB,False
5ajw,S6L,6.982966660701219,2.50,2015,PDB,False
5am4,MVJ,6.94692155651658,1.87,2015,PDB,False
4y67,RC5,6.931814138253839,1.60,2015,PDB,False
4qoc,35T,9.920818753952375,1.70,2015,PDB,False
4yll,4E3,6.920818753952375,1.40,2015,PDB,False
4zuq,6XA,6.886056647693163,1.22,2015,PDB,False
4ybm,4BJ,6.853871964321762,1.46,2015,PDB,False
5d7c,57W,6.853871964321762,1.55,2015,PDB,False
5a83,YD3,6.801342913045578,2.09,2015,PDB,False
5bvd,4VF,9.795880017344075,1.90,2015,PDB,False
4qo9,627,6.795880017344075,2.20,2015,PDB,False
4xt9,43V,6.795880017344075,2.25,2015,PDB,False
5c83,4YN,6.795880017344075,2.33,2015,PDB,False
4zup,5XA,6.769551078621726,1.42,2015,PDB,False
5c26,50H,6.769551078621726,1.95,2015,PDB,False
5aly,B7H,6.734003629504921,1.90,2015,PDB,False
4ylk,4E2,6.7447274948966935,1.40,2015,PDB,False
4zpf,4QD,6.7447274948966935,1.80,2015,PDB,False
5bvf,4VJ,9.721246399047171,1.90,2015,PDB,False
4q4e,BB2,6.721246399047171,1.90,2015,PDB,False
4uia,FH9,6.721246399047171,2.18,2015,PDB,False
4xv9,1OO,6.721246399047171,2.00,2015,PDB,False
4uco,D41,7.0,2.50,2015,PDB,False
4ybt,4BV,7.0,1.82,2015,PDB,False
4ymj,4EJ,7.0,2.00,2015,PDB,False
5alf,OE1,6.690369832574102,2.32,2015,PDB,False
5aad,5GX,6.673664139071248,3.10,2015,PDB,False
4yl1,4U8,6.665546248849069,1.41,2015,PDB,False
4z2g,M6V,6.663540266151471,2.60,2015,PDB,False
5awj,YSL,9.67778070526608,2.20,2015,PDB,False
4qmz,B49,6.6777807052660805,1.88,2015,PDB,False
4zjw,4P1,6.657577319177793,2.50,2015,PDB,False
5ai9,K78,6.61261017366127,1.80,2015,PDB,False
4unq,H6D,6.619788758288394,2.30,2015,PDB,False
5alk,WMR,6.598599459218456,2.33,2015,PDB,False
5akh,6NM,6.59176003468815,2.10,2015,PDB,False
4qr4,BNK,6.6020599913279625,1.28,2015,PDB,False
4wpf,3SN,6.6020599913279625,2.20,2015,PDB,False
5aln,5ZM,6.573488738635425,2.00,2015,PDB,False
4qmq,34U,6.585026652029182,1.77,2015,PDB,False
4py2,43E,6.565431095965801,2.15,2015,PDB,False
4zum,FKS,6.568636235841013,1.42,2015,PDB,False
4qp8,362,6.552841968657781,2.45,2015,PDB,False
5alm,7GM,6.531652669587843,2.00,2015,PDB,False
4uit,N1D,6.698970004336019,1.30,2015,PDB,False
4uns,QZ3,6.698970004336019,2.18,2015,PDB,False
4yoi,4F4,6.481486060122113,1.82,2015,PDB,False
4x2i,3X0,6.455931955649724,1.20,2015,PDB,False
3wyj,H78,6.443697499232713,2.10,2015,PDB,False
4wnk,453,6.42021640338319,2.42,2015,PDB,False
4zyc,4SS,6.42021640338319,1.95,2015,PDB,False
4zuo,XS6,6.4089353929735005,1.33,2015,PDB,False
4wtu,3UT,9.522878745280337,1.85,2015,PDB,False
4y73,XPY,9.522878745280337,2.14,2015,PDB,False
4yoj,RFM,6.3872161432802645,1.90,2015,PDB,False
4unn,QZZ,6.376750709602099,2.50,2015,PDB,False
4wzv,E40,9.366531544420413,1.65,2015,PDB,False
5fdg,0N8,6.366531544420414,2.10,2015,PDB,False
4zpe,4QA,6.346787486224656,1.70,2015,PDB,False
5ctc,57K,6.346787486224656,2.70,2015,PDB,False
4qmm,35R,6.337242168318426,1.85,2015,PDB,False
4zg6,4NY,6.3260580013659125,1.80,2015,PDB,False
4qt2,RAP,6.318758762624412,1.44,2015,PDB,False
5ajy,87T,6.304518323509803,2.37,2015,PDB,False
4ufz,IA7,6.309803919971486,2.33,2015,PDB,False
5ey8,5SV,6.309803919971486,3.50,2015,PDB,False
4wrs,3U1,9.397940008672037,2.20,2015,PDB,False
4y2x,4A0,6.292429823902063,2.50,2015,PDB,False
5a0c,JJV,9.267606240177031,2.10,2015,PDB,False
5ajv,8R2,6.2403321553103694,3.01,2015,PDB,False
4wf6,407,6.301029995663981,2.65,2015,PDB,False
4wq2,3SU,6.301029995663981,1.64,2015,PDB,False
5c84,4YL,6.1938200260161125,2.36,2015,PDB,False
5alo,A0J,6.131943638176958,2.00,2015,PDB,False
5aki,6NF,6.122628654130226,1.81,2015,PDB,False
4z1s,559,6.102372908709558,1.06,2015,PDB,False
4ql8,JAD,9.154901959985743,2.10,2015,PDB,False
4rcd,3LL,9.154901959985743,1.90,2015,PDB,False
4udb,CV7,9.154901959985743,2.36,2015,PDB,False
4xg9,X9G,9.154901959985743,2.91,2015,PDB,False
4wp7,3SR,6.096910013008056,1.80,2015,PDB,False
4ya8,49W,6.096910013008056,3.30,2015,PDB,False
5axp,4LK,9.0268721464003,1.95,2015,PDB,False
5f5i,5V1,6.022276394711152,2.63,2015,PDB,False
4xkx,43K,9.045757490560675,1.80,2015,PDB,False
4wy6,3VP,5.97061622231479,2.10,2015,PDB,False
4xub,43D,5.97061622231479,1.98,2015,PDB,False
5ald,FCW,5.966576244513051,2.26,2015,PDB,False
4rvm,3X7,9.0,1.86,2015,PDB,False
5ale,ONR,5.946153573147748,1.95,2015,PDB,False
5bpe,E22,5.94692155651658,2.70,2015,PDB,False
4ptc,2WE,8.958607314841775,2.71,2015,PDB,False
5cf8,50V,8.958607314841775,1.80,2015,PDB,False
4qxs,WC1,5.958607314841775,1.90,2015,PDB,False
4uxh,T5A,5.958607314841775,2.40,2015,PDB,False
5d1u,56P,5.958607314841775,2.85,2015,PDB,False
5a5r,NP8,5.8996294548824375,2.01,2015,PDB,False
5a5s,NP8,5.8996294548824375,1.36,2015,PDB,False
4ztl,4S1,5.920818753952375,2.39,2015,PDB,False
5afx,PVZ,5.920818753952375,2.39,2015,PDB,False
5am0,LWS,5.87942606879415,1.88,2015,PDB,False
4qmu,SKE,5.886056647693163,1.55,2015,PDB,False
4qr3,BNJ,5.853871964321762,1.37,2015,PDB,False
4x47,DAN,2.85078088734462,2.00,2015,PDB,False
4z2l,M6F,5.85078088734462,2.30,2015,PDB,False
4xs2,42P,5.818156412055227,2.73,2015,PDB,False
5a3w,PD2,5.823908740944319,2.00,2015,PDB,False
4yax,4AE,5.823908740944319,2.25,2015,PDB,False
4z2k,M6E,5.779891911959945,2.30,2015,PDB,False
4py4,XL2,5.772113295386326,2.76,2015,PDB,False
4z9l,880,8.795880017344075,2.10,2015,PDB,False
5auy,MRI,5.795880017344075,2.00,2015,PDB,False
4rss,4MG,8.769551078621726,1.83,2015,PDB,False
5d1t,56R,5.769551078621726,2.20,2015,PDB,False
4yuw,4JU,5.769551078621726,1.97,2015,PDB,False
5am5,6NZ,5.739928612014925,2.26,2015,PDB,False
4zsp,4RZ,5.73754891026957,1.91,2015,PDB,False
4rxa,3F2,5.7447274948966935,2.20,2015,PDB,False
4yog,4F5,5.7447274948966935,2.00,2015,PDB,False
4xg8,X8G,8.721246399047171,2.40,2015,PDB,False
5c4u,4Y7,8.721246399047171,2.08,2015,PDB,False
5c42,29T,8.721246399047171,3.50,2015,PDB,False
4u82,FPS,5.721246399047171,1.66,2015,PDB,False
4rvt,3XM,5.721246399047171,2.40,2015,PDB,False
5ap5,7RO,7.966576244513051,2.80,2015,PDB,False
5ap1,O38,7.966576244513051,2.05,2015,PDB,False
4uxb,P34,7.962573502059376,3.22,2015,PDB,False
4rs0,IBP,6.0,2.81,2015,PDB,False
4zlz,4RV,7.0,2.00,2015,PDB,False
5a5p,JTF,4.0,2.03,2015,PDB,False
4w4x,3HN,6.988006885340743,2.65,2015,PDB,False
4u2y,RZM,3.9913998282380825,2.48,2015,PDB,False
4ykn,4EL,8.0,2.90,2015,PDB,False
4zh2,4OB,5.0,4.20,2015,PDB,False
5aux,KMP,5.0,1.50,2015,PDB,False
4xuc,43G,5.958607314841775,1.80,2015,PDB,False
5c3k,4XF,3.958607314841775,2.02,2015,PDB,False
4wyo,3W2,6.954677021213342,2.89,2015,PDB,False
4y62,48E,2.9457700901366026,1.60,2015,PDB,False
4w4v,3H8,6.939302159646388,2.01,2015,PDB,False
4uvx,H2W,7.958607314841775,1.95,2015,PDB,False
4y46,4F2,7.958607314841775,2.04,2015,PDB,False
4y8c,49D,7.958607314841775,2.70,2015,PDB,False
4qmx,H8H,4.958607314841775,1.88,2015,PDB,False
5al3,TGW,4.958607314841775,1.75,2015,PDB,False
4re9,3M9,4.91721462968355,2.91,2015,PDB,False
4tvj,09L,7.910094888560602,2.10,2015,PDB,False
4uiu,TVU,7.8996294548824375,1.64,2015,PDB,False
4uvu,U1T,5.920818753952375,1.95,2015,PDB,False
5c0k,4WK,2.9208187539523753,2.20,2015,PDB,False
5ci7,51W,6.920818753952375,1.74,2015,PDB,False
5ai8,K2T,3.9010103605988227,1.85,2015,PDB,False
4yjn,UW4,7.920818753952375,2.60,2015,PDB,False
4zlo,4PV,4.920818753952375,2.50,2015,PDB,False
5alt,9XZ,4.882728704344236,2.15,2015,PDB,False
5ap6,PWU,7.876148359032914,2.10,2015,PDB,False
4rvk,3XK,7.8696662315049934,1.85,2015,PDB,False
5djr,5BK,4.856985199745905,2.40,2015,PDB,False
4ucv,I6G,2.8827287043442356,2.60,2015,PDB,False
4rx9,3YT,7.886056647693163,1.75,2015,PDB,False
4y85,499,7.886056647693163,2.33,2015,PDB,False
4yp8,4GF,7.886056647693163,2.64,2015,PDB,False
4p4b,2G2,7.853871964321762,1.93,2015,PDB,False
4x7q,3YR,7.853871964321762,2.33,2015,PDB,False
4yzn,4K5,4.812479279163537,1.55,2015,PDB,False
5cqj,53Q,4.812479279163537,2.15,2015,PDB,False
4uiv,XZB,7.801342913045577,1.72,2015,PDB,False
4rn2,L7G,5.823908740944319,2.39,2015,PDB,False
5aku,29F,6.823908740944319,1.80,2015,PDB,False
4y2t,49Q,3.8239087409443187,2.40,2015,PDB,False
4y5h,519,7.823908740944319,2.06,2015,PDB,False
4zsa,4UT,7.823908740944319,2.00,2015,PDB,False
5bq0,4US,7.823908740944319,1.57,2015,PDB,False
4r6e,3JD,7.777283528852417,2.20,2015,PDB,False
4wno,3RF,6.795880017344075,1.56,2015,PDB,False
5aib,KJU,3.7958800173440754,1.95,2015,PDB,False
5dda,59M,5.781727146428553,1.83,2015,PDB,False
5cy3,55Y,7.795880017344075,1.76,2015,PDB,False
4xg3,X3G,7.756961951313706,2.30,2015,PDB,False
4uuh,T40,7.769551078621726,2.52,2015,PDB,False
4y83,49B,7.769551078621726,2.89,2015,PDB,False
5ccl,4ZW,4.769551078621726,1.50,2015,PDB,False
5cwa,0GA,4.769551078621726,2.10,2015,PDB,False
4p4d,2GR,5.7447274948966935,1.65,2015,PDB,False
4p4e,2G4,6.7447274948966935,1.67,2015,PDB,False
4yux,4JT,3.744727494896694,1.60,2015,PDB,False
4x6y,S94,7.718966632752273,2.10,2015,PDB,False
4uiz,N1D,4.700057099977233,1.19,2015,PDB,False
4uvw,NYJ,7.721246399047171,2.10,2015,PDB,False
4uw1,92R,7.721246399047171,3.37,2015,PDB,False
4xe0,40L,7.721246399047171,2.43,2015,PDB,False
4ztn,4S3,7.721246399047171,2.23,2015,PDB,False
5a3n,LQT,7.721246399047171,2.00,2015,PDB,False
5c7b,4YD,3.0,2.68,2015,PDB,False
4xyf,44X,9.0,1.85,2015,PDB,False
4x8g,3Z0,6.0,3.29,2015,PDB,False
5ajz,MJP,5.696803942579511,2.35,2015,PDB,False
4zsq,4RX,5.647817481888637,2.30,2015,PDB,False
4yo6,4GD,5.657577319177793,2.32,2015,PDB,False
4x6x,S74,8.638272163982407,1.80,2015,PDB,False
4zim,4OK,8.619788758288394,2.65,2015,PDB,False
4uiy,5V2,5.600326278518962,1.30,2015,PDB,False
5a82,YEJ,5.600326278518962,1.86,2015,PDB,False
5cf5,50W,8.602059991327963,2.45,2015,PDB,False
4xsz,42U,5.6020599913279625,3.68,2015,PDB,False
4yad,4A7,5.6020599913279625,1.73,2015,PDB,False
5boy,4UE,5.6020599913279625,2.03,2015,PDB,False
5d6p,57U,5.6020599913279625,2.05,2015,PDB,False
5dj5,GR2,5.6020599913279625,2.40,2015,PDB,False
5all,II6,5.57218942732401,2.20,2015,PDB,False
4xh6,HUL,5.567030709125595,2.04,2015,PDB,False
5alj,T5J,5.562725202589877,2.10,2015,PDB,False
4umj,BFQ,5.568636235841013,1.85,2015,PDB,False
5eds,5MT,5.540607512240769,2.80,2015,PDB,False
4ynd,4GQ,8.55284196865778,2.79,2015,PDB,False
4yay,ZD7,8.537602002101044,2.90,2015,PDB,False
5ar4,SB2,6.698970004336019,2.70,2015,PDB,False
5ai0,JF6,3.685290307044826,1.75,2015,PDB,False
4ttv,BC9,6.679853713888946,2.80,2015,PDB,False
4yz9,4K7,7.698970004336019,2.46,2015,PDB,False
5a0a,JJS,7.698970004336019,1.78,2015,PDB,False
4xum,IMN,4.671620396561262,2.40,2015,PDB,False
4xg4,X4G,7.667561540084395,2.30,2015,PDB,False
5c4t,4Y6,7.661543506395395,1.77,2015,PDB,False
4z90,4LE,4.6595558851598815,3.00,2015,PDB,False
4wpn,3ST,6.6777807052660805,1.95,2015,PDB,False
4z7h,4L5,6.661543506395395,2.90,2015,PDB,False
5auu,LU2,4.6777807052660805,1.70,2015,PDB,False
4y2p,3C5,2.657577319177794,2.05,2015,PDB,False
4rxe,3YQ,6.638272163982407,2.50,2015,PDB,False
4pv7,CJP,6.633017024022149,3.24,2015,PDB,False
4rsc,A3V,6.634512015109101,1.80,2015,PDB,False
5ctb,57J,7.638272163982407,2.40,2015,PDB,False
4qna,X11,4.638272163982407,1.85,2015,PDB,False
5a1f,OGA,4.610833915635467,2.10,2015,PDB,False
4wy3,3X5,3.619788758288394,1.89,2015,PDB,False
4ybi,4B2,6.603800652904264,1.84,2015,PDB,False
4rn0,L6G,6.5934598195660445,1.76,2015,PDB,False
4ztm,4S2,7.6020599913279625,2.66,2015,PDB,False
4uda,DEX,7.585026652029182,2.03,2015,PDB,False
5ddd,59X,6.585026652029182,2.14,2015,PDB,False
4xm7,41S,3.573488738635425,2.70,2015,PDB,False
4xua,43C,4.585026652029182,1.75,2015,PDB,False
4zun,SS9,4.585026652029182,1.40,2015,PDB,False
5av0,47X,3.552841968657781,1.85,2015,PDB,False
4x49,G39,4.528708288941061,2.01,2015,PDB,False
4x7o,3Z6,8.698970004336019,2.65,2015,PDB,False
4xmo,46G,8.698970004336019,1.75,2015,PDB,False
4ura,LEL,5.5003129173815966,2.23,2015,PDB,False
4zs2,FLU,5.490797477668897,2.16,2015,PDB,False
5alx,DUL,5.484523558617624,2.23,2015,PDB,False
3wyy,O17,8.494850021680094,3.05,2015,PDB,False
3wqh,SKK,8.481486060122112,2.85,2015,PDB,False
5ap2,PWU,8.481486060122112,2.80,2015,PDB,False
4d2r,DYK,5.481486060122113,2.10,2015,PDB,False
4tmf,JS2,5.481486060122113,2.05,2015,PDB,False
4y6r,RF7,5.481486060122113,1.90,2015,PDB,False
5a09,JJD,8.455931955649724,1.81,2015,PDB,False
4zly,4RU,5.455931955649724,1.65,2015,PDB,False
4zk5,4P4,8.431798275933005,2.89,2015,PDB,False
4xta,DIF,5.431798275933005,2.50,2015,PDB,False
5c4s,4Y5,8.42021640338319,2.23,2015,PDB,False
4uxj,TTP,5.42021640338319,3.00,2015,PDB,False
4rxd,RIS,6.522878745280337,2.00,2015,PDB,False
5al4,WLH,6.522878745280337,1.90,2015,PDB,False
4xyc,2K9,7.508638306165727,3.30,2015,PDB,False
5auv,AGI,4.508638306165727,1.50,2015,PDB,False
4xg7,X7G,7.486782399932061,1.76,2015,PDB,False
5ar7,SR8,6.494850021680094,2.71,2015,PDB,False
5ak6,YPN,3.4862498499181767,2.15,2015,PDB,False
4uvv,W8L,7.494850021680094,1.90,2015,PDB,False
5ai4,4VY,3.472241247479028,1.93,2015,PDB,False
4w4w,3HJ,7.459670525209126,1.90,2015,PDB,False
5akg,6N6,4.4582959767157115,2.51,2015,PDB,False
4w4y,3HQ,6.462432742847325,2.30,2015,PDB,False
5afn,OJD,4.468521082957745,2.22,2015,PDB,False
5ap4,O38,6.455931955649724,2.85,2015,PDB,False
5lz7,7BK,6.275724130399211,2.10,2016,PDB,False
5kbh,3CH,6.259637310505756,2.55,2016,PDB,False
5etv,5RZ,6.2441251443275085,1.72,2016,PDB,False
5lwd,79E,6.2441251443275085,1.23,2016,PDB,False
5ett,5RY,6.229147988357856,1.55,2016,PDB,False
4zfi,4NJ,6.301029995663981,2.00,2016,PDB,False
5htl,C2E,6.301029995663981,1.37,2016,PDB,False
5ee7,5MV,9.207608310501746,2.50,2016,PDB,False
5fnt,0PL,6.173925197299173,1.79,2016,PDB,False
5i3w,68L,9.221848749616356,2.15,2016,PDB,False
5ar0,GB8,6.142667503568732,1.90,2016,PDB,False
5f1c,ATP,6.127843727251707,2.90,2016,PDB,False
5kax,RHQ,6.107905397309519,2.00,2016,PDB,False
5kbg,JZ0,6.107905397309519,2.80,2016,PDB,False
5etp,5RZ,6.154901959985743,1.05,2016,PDB,False
5ftg,NBR,6.154901959985743,1.45,2016,PDB,False
5k4z,6Q8,6.154901959985743,1.64,2016,PDB,False
5l0c,PIO,6.154901959985743,3.10,2016,PDB,False
5d26,L28,6.0915149811213505,1.82,2016,PDB,False
5e7n,5KR,6.0915149811213505,1.21,2016,PDB,False
5h9r,TGZ,6.075720713938118,1.58,2016,PDB,False
5d3l,57F,6.055517327849832,1.50,2016,PDB,False
5egs,5NR,6.013228265733755,2.15,2016,PDB,False
5k7h,IVC,6.00436480540245,2.35,2016,PDB,False
5g2g,EQU,6.045757490560675,1.60,2016,PDB,False
5hip,61O,6.045757490560675,1.99,2016,PDB,False
5k8o,6R7,5.962573502059376,2.89,2016,PDB,False
5ekh,5RD,5.954677021213342,1.34,2016,PDB,False
4xo8,KGM,8.958607314841775,1.70,2016,PDB,False
5drs,5EF,8.958607314841775,1.10,2016,PDB,False
5hja,XA2,5.958607314841775,1.65,2016,PDB,False
5hv0,AKG,5.958607314841775,1.63,2016,PDB,False
5cp5,EB0,5.908684840302777,1.79,2016,PDB,False
5ets,5RX,5.906578314837765,1.95,2016,PDB,False
5lvl,537,5.903089986991944,1.40,2016,PDB,False
5kbf,CMP,8.920818753952375,2.00,2016,PDB,False
5fh6,5XM,5.920818753952375,2.30,2016,PDB,False
5ivc,6E7,5.920818753952375,1.57,2016,PDB,False
5izm,GNP,5.920818753952375,3.40,2016,PDB,False
5lwm,79T,8.872895201635192,1.55,2016,PDB,False
5lif,6XO,5.872895201635193,1.31,2016,PDB,False
5eh5,XCZ,5.8696662315049934,1.21,2016,PDB,False
5ipj,6CD,8.886056647693163,2.10,2016,PDB,False
5d3s,579,5.886056647693163,1.75,2016,PDB,False
5fsy,AR6,5.886056647693163,1.70,2016,PDB,False
5l4f,6J1,5.886056647693163,1.48,2016,PDB,False
5dw2,5GD,5.841637507904751,1.12,2016,PDB,False
5egu,5NQ,5.853871964321762,2.21,2016,PDB,False
5eng,5QN,5.853871964321762,1.30,2016,PDB,False
5aip,4HP,2.8239087409443187,2.30,2016,PDB,False
5etk,5RU,5.823908740944319,1.09,2016,PDB,False
5il1,SAM,5.823908740944319,1.71,2016,PDB,False
5fsn,6Q3,5.769551078621726,1.69,2016,PDB,False
5izl,GCP,5.732828271596986,2.72,2016,PDB,False
5dlz,5D1,5.7447274948966935,1.70,2016,PDB,False
5eis,5OU,5.7447274948966935,1.60,2016,PDB,False
5fsx,ADP,2.721246399047171,2.00,2016,PDB,False
5ikb,KAI,8.721246399047171,2.05,2016,PDB,False
5du8,5FK,5.721246399047171,2.23,2016,PDB,False
5ekn,N58,5.721246399047171,2.59,2016,PDB,False
5ehw,5OO,2.997833938243492,1.39,2016,PDB,False
5fpp,HI6,4.0,2.40,2016,PDB,False
5g4n,O83,3.9956786262173574,1.35,2016,PDB,False
5c85,4YO,3.978810700930062,1.70,2016,PDB,False
4yx4,FB2,5.969238409048983,1.01,2016,PDB,False
5flq,IO2,2.96657624451305,1.70,2016,PDB,False
5eqy,5RA,8.0,2.50,2016,PDB,False
5fng,YIE,2.9566377219788706,2.05,2016,PDB,False
5knj,6UX,6.935542010773082,2.88,2016,PDB,False
4zv2,GLN,2.9318141382538383,1.43,2016,PDB,False
4zki,ADP,2.9226320947158437,3.40,2016,PDB,False
5hbn,RPI,4.889410289700751,1.60,2016,PDB,False
5ii2,LU2,4.889410289700751,2.10,2016,PDB,False
5flt,VJJ,2.8927900303521317,1.67,2016,PDB,False
5gjd,6V3,7.920818753952375,2.79,2016,PDB,False
5i1q,67C,7.920818753952375,1.50,2016,PDB,False
5d3t,56Y,4.920818753952375,1.93,2016,PDB,False
5ezg,5T4,4.920818753952375,1.84,2016,PDB,False
5f1j,5TO,4.920818753952375,1.63,2016,PDB,False
5eqe,5R8,3.87942606879415,2.40,2016,PDB,False
5j0d,6F9,6.872895201635193,1.05,2016,PDB,False
5fh7,5XL,6.863279432843593,1.47,2016,PDB,False
5g4m,O82,3.8601209135987635,1.38,2016,PDB,False
5l3a,6DP,4.886056647693163,1.98,2016,PDB,False
5f1h,5U6,7.85078088734462,1.82,2016,PDB,False
5ie1,6BS,6.853871964321762,2.30,2016,PDB,False
4yc8,4B7,7.853871964321762,2.90,2016,PDB,False
5ewk,P34,4.853871964321762,1.60,2016,PDB,False
5eu1,5SW,7.8124792791635365,1.60,2016,PDB,False
5exw,7DT,6.823908740944319,1.90,2016,PDB,False
5htc,66M,6.823908740944319,1.50,2016,PDB,False
5etx,5RS,6.811634073936852,2.35,2016,PDB,False
4ybk,4B7,7.823908740944319,2.50,2016,PDB,False
5i29,67B,7.823908740944319,1.21,2016,PDB,False
5d7x,XZ8,4.823908740944319,1.35,2016,PDB,False
5ggl,6ZC,1.7819899570156366,1.27,2016,PDB,False
5a3r,DL5,7.777283528852417,3.05,2016,PDB,False
5fbi,5WD,2.7958800173440754,1.47,2016,PDB,False
5i3v,68M,7.795880017344075,1.62,2016,PDB,False
5jq7,T0R,4.795880017344075,2.69,2016,PDB,False
5ckr,57M,7.764471553092451,2.95,2016,PDB,False
5ggj,PNA,1.750068243365805,1.42,2016,PDB,False
5fwr,3X8,7.752026733638194,2.13,2016,PDB,False
5fh8,5XK,6.769551078621726,1.55,2016,PDB,False
5htb,6L5,6.769551078621726,1.70,2016,PDB,False
5ewh,5SG,3.769551078621726,1.63,2016,PDB,False
4yhm,4CC,9.761953896871205,2.16,2016,PDB,False
5er4,5RL,2.756465898167938,1.81,2016,PDB,False
5hbs,RTL,7.732828271596986,.89,2016,PDB,False
5tca,J55,7.724688645458189,3.15,2016,PDB,False
5fv7,R3Z,6.739928612014925,2.84,2016,PDB,False
5khj,6SY,3.7356544929499074,2.01,2016,PDB,False
5i8p,VQ7,6.732828271596986,2.37,2016,PDB,False
5ia0,A5B,6.728158393463501,1.95,2016,PDB,False
4yho,4CC,10.744727494896694,1.82,2016,PDB,False
5k03,6P4,4.7447274948966935,1.81,2016,PDB,False
5his,60P,4.707743928643524,1.77,2016,PDB,False
5l9g,MO0,7.703334809738469,1.75,2016,PDB,False
5ia2,L66,7.721246399047171,1.62,2016,PDB,False
5hjq,I3P,4.721246399047171,2.30,2016,PDB,False
5ekj,TG4,6.0,1.13,2016,PDB,False
5f0f,5TD,6.0,1.76,2016,PDB,False
5f1r,42O,6.0,2.25,2016,PDB,False
5tcc,J56,5.655607726314889,3.37,2016,PDB,False
5ey0,GTP,2.6458915608525992,1.60,2016,PDB,False
5epn,5R2,8.657577319177793,2.30,2016,PDB,False
5hgc,HCY,8.657577319177793,2.43,2016,PDB,False
5d0c,E0B,5.6307841425898575,1.49,2016,PDB,False
5c4l,SIS,5.638272163982407,2.35,2016,PDB,False
5l0h,PIO,5.638272163982407,2.90,2016,PDB,False
5g46,6VD,2.6020599913279625,1.76,2016,PDB,False
5eje,AP5,5.6020599913279625,1.90,2016,PDB,False
5khd,C2E,5.6020599913279625,1.75,2016,PDB,False
5d1n,SAH,5.568636235841013,2.71,2016,PDB,False
5eto,5RY,5.568636235841013,1.07,2016,PDB,False
5i9y,1N1,8.55284196865778,1.23,2016,PDB,False
5svl,ATP,8.55284196865778,2.90,2016,PDB,False
5dus,APR,5.530177984021837,1.43,2016,PDB,False
5khg,CC7,4.694004117229195,2.24,2016,PDB,False
5fe9,5WS,4.678194516142461,2.35,2016,PDB,False
5g43,5IM,3.6989700043360187,2.58,2016,PDB,False
5dkn,B7I,3.6933605589757383,1.53,2016,PDB,False
5a6x,MFU,6.694648630553377,1.55,2016,PDB,False
5fs5,KGM,6.685290307044826,1.42,2016,PDB,False
5lvn,ADN,4.698970004336019,1.38,2016,PDB,False
5l2w,1QK,6.6777807052660805,2.80,2016,PDB,False
5f3t,5UH,3.677780705266081,2.05,2016,PDB,False
5fog,VRT,3.6716203965612624,2.30,2016,PDB,False
5fol,SO8,3.6675615400843946,1.77,2016,PDB,False
4d7b,TCW,7.6777807052660805,1.15,2016,PDB,False
5eq1,BEA,4.6777807052660805,1.55,2016,PDB,False
5klp,IHP,4.6439741428068775,2.00,2016,PDB,False
5aqk,GDP,3.6516951369518393,2.09,2016,PDB,False
5ji8,6KT,4.6307841425898575,1.42,2016,PDB,False
5ko1,6UY,6.638272163982407,2.16,2016,PDB,False
5etl,5RV,4.638272163982407,1.82,2016,PDB,False
5hu9,66K,7.616184634019569,1.53,2016,PDB,False
5syn,71T,6.619788758288394,1.64,2016,PDB,False
5ezh,841,4.619788758288394,1.70,2016,PDB,False
5i88,69G,6.6020599913279625,1.40,2016,PDB,False
5ia5,GV0,7.6020599913279625,1.78,2016,PDB,False
5c4k,GET,4.560667306169737,3.05,2016,PDB,False
5evz,ADP,6.568636235841013,1.85,2016,PDB,False
5csh,54E,3.5686362358410126,1.59,2016,PDB,False
5c2o,TTP,4.549750891680639,2.35,2016,PDB,False
5cxi,5TW,6.552841968657781,2.00,2016,PDB,False
5dts,5F8,3.552841968657781,1.94,2016,PDB,False
5dva,5FL,3.552841968657781,2.50,2016,PDB,False
5hes,032,7.5376020021010435,2.14,2016,PDB,False
5etb,5RO,4.5376020021010435,1.33,2016,PDB,False
5f3z,5V5,4.5376020021010435,2.00,2016,PDB,False
5dlx,5D2,5.698970004336019,1.90,2016,PDB,False
5lz4,7BW,5.698970004336019,2.07,2016,PDB,False
4zgk,4NX,5.508638306165727,2.00,2016,PDB,False
5cks,52L,5.508638306165727,2.12,2016,PDB,False
5avf,TAU,5.494850021680094,1.95,2016,PDB,False
4ze6,011,2.4814860601221125,1.17,2016,PDB,False
5svk,ATP,8.481486060122112,2.77,2016,PDB,False
5aqz,SGV,5.481486060122113,1.65,2016,PDB,False
5hrw,64E,5.481486060122113,1.80,2016,PDB,False
5ii1,6BL,5.481486060122113,2.02,2016,PDB,False
4y4j,LNR,2.468521082957745,1.03,2016,PDB,False
5dtw,5F9,5.455931955649724,2.44,2016,PDB,False
5ave,SER,5.443697499232713,1.80,2016,PDB,False
5agr,A52,5.431798275933005,1.30,2016,PDB,False
5etm,5RW,5.4089353929735005,1.46,2016,PDB,False
5i9x,DB8,7.522878745280337,1.43,2016,PDB,False
5dtt,5F5,3.5086383061657274,2.10,2016,PDB,False
5kew,6SB,6.501138311007116,2.10,2016,PDB,False
4yxi,4J8,6.496481687275925,.96,2016,PDB,False
5l8n,6RQ,4.508638306165727,2.12,2016,PDB,False
5fnd,IQ5,3.494850021680094,2.00,2016,PDB,False
5doh,5DU,7.494850021680094,1.05,2016,PDB,False
5gic,DLC,6.480303232840147,2.35,2016,PDB,False
5eh7,5O5,3.4814860601221125,1.43,2016,PDB,False
5fni,YIH,3.4814860601221125,1.60,2016,PDB,False
5a5v,PXJ,7.481486060122112,2.04,2016,PDB,False
5a7y,SAH,4.481486060122113,2.50,2016,PDB,False
5eb3,UEG,1.453457336521869,2.40,2016,PDB,False
5fut,PQ7,6.453457336521869,1.60,2016,PDB,False
5jox,EDG,4.455931955649724,1.80,2016,PDB,False
5d6j,ATP,4.443697499232712,2.25,2016,PDB,False
5f2p,5TY,4.425968732272281,1.80,2016,PDB,False
5i38,KOJ,3.423658649794207,2.60,2016,PDB,False
5g4o,O80,4.431798275933005,1.48,2016,PDB,False
5h9q,TD2,4.42021640338319,1.93,2016,PDB,False
5eps,5QX,4.42021640338319,1.47,2016,PDB,False
5epy,5R2,7.399027104313252,2.30,2016,PDB,False
5ihh,6B5,6.4089353929735005,1.35,2016,PDB,False
4xoc,KGM,8.522878745280337,1.42,2016,PDB,False
5f08,5TG,5.522878745280337,1.92,2016,PDB,False
5chk,55R,5.3851027839668655,2.20,2016,PDB,False
5kbi,CAQ,5.3851027839668655,2.90,2016,PDB,False
5exx,C2E,5.3872161432802645,3.31,2016,PDB,False
5eou,ATP,5.359518563029578,2.40,2016,PDB,False
5etn,5RX,5.366531544420414,1.40,2016,PDB,False
4y3y,DCL,2.346787486224656,1.35,2016,PDB,False
5edl,VIB,8.346787486224656,1.95,2016,PDB,False
5l4m,SBK,5.337242168318426,1.58,2016,PDB,False
5czm,R47,8.318758762624412,1.30,2016,PDB,False
5ehe,WWO,8.318758762624412,1.50,2016,PDB,False
5ayy,NTM,5.318758762624412,3.09,2016,PDB,False
5ks7,2BA,5.318758762624412,2.90,2016,PDB,False
5h8b,5Y2,11.308918507877031,2.55,2016,PDB,False
5l2i,LQQ,7.396855627379818,2.75,2016,PDB,False
5d3c,56O,10.397940008672037,1.31,2016,PDB,False
5igm,BMF,7.379863945026242,1.60,2016,PDB,False
5igk,BMF,7.3788237182249645,1.70,2016,PDB,False
5l8o,CHD,3.381951903287907,2.39,2016,PDB,False
4yyt,S2O,6.37851213541937,1.07,2016,PDB,False
5hfj,SAM,4.3872161432802645,3.10,2016,PDB,False
5igl,BMF,7.369572124974976,2.10,2016,PDB,False
5erg,SAM,4.3533022687006655,2.20,2016,PDB,False
5d3x,4IP,6.356547323513812,1.69,2016,PDB,False
5mf6,7M2,4.356547323513813,1.87,2016,PDB,False
5hgq,KRS,7.3448615651886175,3.28,2016,PDB,False
5iug,729,7.333482019445119,1.93,2016,PDB,False
5ia3,P17,7.337242168318426,1.79,2016,PDB,False
5ek9,5P4,7.327902142064283,2.08,2016,PDB,False
4zcs,CDC,4.327902142064283,2.45,2016,PDB,False
5h8g,5Y4,10.316952961761151,2.00,2016,PDB,False
5meh,DMJ,6.317854923626168,0.95,2016,PDB,False
5fe7,5WU,3.3115801779972895,2.08,2016,PDB,False
5khh,6SW,4.306976932076306,1.77,2016,PDB,False
5i9i,5HV,7.303643611266668,2.70,2016,PDB,False
4y38,0A9,2.3979400086720375,1.10,2016,PDB,False
5csw,P06,8.397940008672037,2.66,2016,PDB,False
5ep7,5QR,5.3979400086720375,1.20,2016,PDB,False
5eqp,5R9,5.3979400086720375,2.35,2016,PDB,False
5fns,XYY,5.3979400086720375,1.79,2016,PDB,False
5l9o,GOP,5.3979400086720375,1.84,2016,PDB,False
5hrv,64C,5.292429823902063,1.70,2016,PDB,False
5hrx,64F,5.292429823902063,1.73,2016,PDB,False
5ect,DUP,5.2839966563652006,1.30,2016,PDB,False
5hwu,DUP,5.2716462179787715,2.10,2016,PDB,False
5kxc,6Y2,5.2636034977233574,1.80,2016,PDB,False
5gs9,ARG,5.259637310505756,2.50,2016,PDB,False
5du4,5FF,5.251811972993799,1.70,2016,PDB,False
4zv1,ARG,5.24184537803261,1.52,2016,PDB,False
5d3j,L33,5.2441251443275085,1.70,2016,PDB,False
5edd,DUP,5.2441251443275085,1.97,2016,PDB,False
5d24,L26,5.236572006437063,1.65,2016,PDB,False
5ejw,5PZ,3.3010299956639813,2.60,2016,PDB,False
5g45,A7W,3.3010299956639813,2.07,2016,PDB,False
5dtk,5F3,4.301029995663981,1.60,2016,PDB,False
5ewy,5TQ,4.301029995663981,1.40,2016,PDB,False
4r06,3E7,6.289882634888183,2.22,2016,PDB,False
5fnj,YI6,2.288192770958809,1.67,2016,PDB,False
5i7y,69G,7.2839966563652006,1.45,2016,PDB,False
5ia4,88Z,7.2839966563652006,1.80,2016,PDB,False
5f2r,ACP,4.2839966563652006,2.15,2016,PDB,False
5l4j,6JD,4.2839966563652006,1.62,2016,PDB,False
5ia1,ZZL,6.275724130399211,2.04,2016,PDB,False
5i7x,67B,7.275724130399211,1.18,2016,PDB,False
5f9b,5VN,4.261060968796521,2.25,2016,PDB,False
5arf,I9H,6.267606240177032,1.92,2016,PDB,False
5ei3,5O8,4.247951552180561,1.71,2016,PDB,False
4zij,SFQ,3.2479515521805613,1.78,2016,PDB,False
5a6i,TCW,7.251811972993799,1.86,2016,PDB,False
4yxu,4JE,7.241088107602026,1.08,2016,PDB,False
5f8y,X6X,4.2441251443275085,1.70,2016,PDB,False
5ad1,8LC,7.236572006437063,1.32,2016,PDB,False
5csp,54G,4.236572006437063,1.50,2016,PDB,False
5cu2,54G,4.236572006437063,1.71,2016,PDB,False
5e2m,V14,7.229147988357855,1.41,2016,PDB,False
5fnr,XMS,4.229147988357856,1.89,2016,PDB,False
4ztr,4RJ,8.301029995663981,2.85,2016,PDB,False
5e80,5KP,8.301029995663981,2.60,2016,PDB,False
5eyr,5T0,5.301029995663981,1.57,2016,PDB,False
5dkr,5CZ,5.221848749616356,1.74,2016,PDB,False
5h8e,5Y3,11.198596289982644,2.15,2016,PDB,False
5eqq,5RS,8.173925197299173,1.65,2016,PDB,False
4y3j,HIC,2.167491087293764,1.31,2016,PDB,False
5fdz,5X0,5.167491087293763,2.40,2016,PDB,False
5cw8,55X,7.221848749616356,2.60,2016,PDB,False
5dyo,FLU,10.214670164989233,2.36,2016,PDB,False
5en3,7LU,6.2076083105017466,1.25,2016,PDB,False
5i80,67B,7.2076083105017466,1.45,2016,PDB,False
5ljj,AD5,7.2076083105017466,3.00,2016,PDB,False
5cs6,K82,3.2006594505464183,1.88,2016,PDB,False
5flp,6J5,3.1999706407558657,1.71,2016,PDB,False
5ha1,RNE,7.193141970481182,1.35,2016,PDB,False
5l2t,6ZZ,6.187086643357144,2.37,2016,PDB,False
5l3e,E11,6.180456064458132,2.80,2016,PDB,False
5f41,5V6,4.173925197299173,2.00,2016,PDB,False
5ito,6DB,4.161780778092374,2.35,2016,PDB,False
5bw4,SAM,4.167491087293763,2.10,2016,PDB,False
5fe6,5WZ,2.1605219526258015,1.77,2016,PDB,False
5jqb,IBP,2.221848749616356,2.68,2016,PDB,False
5csx,54J,8.221848749616356,2.51,2016,PDB,False
5k8s,CMP,8.221848749616356,1.15,2016,PDB,False
5kva,SAM,5.135488918941608,1.83,2016,PDB,False
5d3p,57E,5.130768280269024,1.95,2016,PDB,False
5f74,AMP,5.119186407719209,2.35,2016,PDB,False
5lbq,767,5.109020403010311,3.30,2016,PDB,False
5d3h,57G,5.102372908709558,1.70,2016,PDB,False
5e5g,DTR,3.154901959985743,1.95,2016,PDB,False
5fnf,TQL,3.154901959985743,2.10,2016,PDB,False
5flo,J4K,3.1493537648169334,1.66,2016,PDB,False
5ehr,5OD,7.136677139879544,1.70,2016,PDB,False
5lom,SNW,7.130181792020672,1.50,2016,PDB,False
5ey4,DTP,3.1249387366083,1.86,2016,PDB,False
5eb2,TRP,1.114073660198569,2.71,2016,PDB,False
5gid,VDP,6.113960724433558,2.15,2016,PDB,False
5dnu,KKN,4.110138278741812,1.20,2016,PDB,False
5fnc,IEE,4.113509274827518,2.20,2016,PDB,False
5kat,P4P,4.104025267640935,2.10,2016,PDB,False
5f1x,ATP,6.107905397309519,1.90,2016,PDB,False
5l9l,GOP,7.100179497572904,1.80,2016,PDB,False
5hv1,RFP,4.100179497572904,3.10,2016,PDB,False
5eh8,5O6,3.1018235165023236,1.38,2016,PDB,False
5j32,IPM,5.080921907623926,1.93,2016,PDB,False
5hwv,MBN,5.070581074285707,1.65,2016,PDB,False
5ehv,5ON,3.083019952679618,1.21,2016,PDB,False
5l2s,6ZV,7.080921907623926,2.27,2016,PDB,False
5h9s,TGZ,4.060480747381382,1.82,2016,PDB,False
5i3x,68J,8.096910013008056,1.85,2016,PDB,False
5kq5,STU,8.045757490560675,3.41,2016,PDB,False
5t3n,75G,8.040958607678906,2.40,2016,PDB,False
5f25,5TU,5.040958607678906,1.68,2016,PDB,False
5d3n,L40,5.036212172654444,2.15,2016,PDB,False
5du6,G59,5.017728766960431,2.61,2016,PDB,False
5fom,A2H,5.008773924307505,2.10,2016,PDB,False
4xoe,KGM,5.00436480540245,2.40,2016,PDB,False
5itp,6DB,5.00436480540245,1.85,2016,PDB,False
5fls,6ZX,3.0433514207947967,1.67,2016,PDB,False
4zsh,4XW,7.045757490560675,1.80,2016,PDB,False
5lli,6Z3,7.045757490560675,2.40,2016,PDB,False
4yxo,4JC,7.039053804266168,1.06,2016,PDB,False
5epr,5QY,4.040958607678906,1.65,2016,PDB,False
5e2l,DPN,4.031517051446065,2.50,2016,PDB,False
5e3d,5JL,4.022276394711152,1.71,2016,PDB,False
5l9i,SNW,7.00436480540245,1.90,2016,PDB,False
5cxa,55L,8.045757490560675,1.30,2016,PDB,False
5i9z,627,8.045757490560675,1.70,2016,PDB,False
5i3a,HQE,5.045757490560675,2.20,2016,PDB,False
4zy1,4U5,8.142667503568731,2.50,2016,PDB,False
4zy0,4TM,8.040958607678906,2.20,2016,PDB,False
4zyq,4U6,8.013228265733755,2.60,2016,PDB,False
4ydg,G3G,7.823908740944319,3.25,2016,PDB,False
5hz6,65Y,7.795880017344075,1.14,2016,PDB,False
5edc,5M7,7.657577319177793,1.29,2016,PDB,False
4zw3,4S9,7.568636235841013,1.80,2016,PDB,False
5d48,L96,7.522878745280337,1.81,2016,PDB,False
4zx9,4TK,7.3872161432802645,2.60,2016,PDB,False
5diu,5BG,7.366531544420414,1.30,2016,PDB,False
5b25,4QJ,10.236572006437063,1.90,2016,PDB,False
4zy2,4TL,7.221848749616356,2.10,2016,PDB,False
4zx3,4TK,7.187086643357144,2.00,2016,PDB,False
5l2z,70C,10.221848749616356,1.79,2016,PDB,False
4zx4,4TL,7.107905397309519,1.90,2016,PDB,False
4zx8,4TY,7.096910013008056,2.70,2016,PDB,False
5k0h,6PK,7.0915149811213505,2.20,2016,PDB,False
5a9u,5P8,10.096910013008056,1.60,2016,PDB,False
5hz9,5M8,7.031517051446065,2.30,2016,PDB,False
5d47,L19,7.0,1.70,2016,PDB,False
5d45,57P,6.920818753952375,1.65,2016,PDB,False
5l2y,70D,9.853871964321762,1.82,2016,PDB,False
5div,5BH,6.853871964321762,1.65,2016,PDB,False
5lxb,7A9,9.769551078621726,2.34,2016,PDB,False
5ayt,L6Y,6.769551078621726,1.40,2016,PDB,False
5edb,5M8,7.0,1.18,2016,PDB,False
5fho,5XN,6.671620396561262,2.30,2016,PDB,False
4ufd,S49,9.67778070526608,1.43,2016,PDB,False
5dh5,5AY,9.638272163982407,2.00,2016,PDB,False
5l7e,6Q0,6.6020599913279625,1.86,2016,PDB,False
5ew0,3C7,6.585026652029182,1.30,2016,PDB,False
5dxt,5H5,9.698970004336019,2.25,2016,PDB,False
5sz4,72D,9.698970004336019,1.60,2016,PDB,False
5sz7,72H,9.698970004336019,1.78,2016,PDB,False
5kr1,017,9.494850021680094,1.60,2016,PDB,False
5iwg,IWX,6.460923901207224,1.66,2016,PDB,False
5cgv,0N8,6.468521082957745,2.17,2016,PDB,False
5iub,6DV,9.455931955649724,2.10,2016,PDB,False
5fdr,5X3,9.443697499232712,2.60,2016,PDB,False
5aaa,VGH,9.42021640338319,1.73,2016,PDB,False
5jfp,6KK,9.318758762624412,1.49,2016,PDB,False
5hz8,65Z,6.3979400086720375,1.12,2016,PDB,False
5ix0,6EZ,6.284832642151542,1.72,2016,PDB,False
5kqy,017,9.292429823902063,1.65,2016,PDB,False
5iu4,ZMA,9.275724130399212,1.72,2016,PDB,False
4zj8,SUV,9.259637310505756,2.75,2016,PDB,False
5dhu,5A8,6.301029995663981,2.33,2016,PDB,False
4zx5,4TM,6.1938200260161125,1.95,2016,PDB,False
5eei,SHH,9.221848749616356,1.32,2016,PDB,False
5kr0,478,9.148741651280925,1.80,2016,PDB,False
5l30,70A,9.142667503568731,1.73,2016,PDB,False
5cr7,5WO,3.1023729087095586,2.90,2016,PDB,False
5aab,VGH,9.05551732784983,2.20,2016,PDB,False
5trf,7HC,9.05551732784983,2.10,2016,PDB,False
5eek,TSN,9.096910013008056,1.59,2016,PDB,False
5sz0,72D,9.096910013008056,1.63,2016,PDB,False
5e2s,5CX,9.008773924307505,1.50,2016,PDB,False
4uja,4L7,9.045757490560675,1.93,2016,PDB,False
4zjc,4OT,8.958607314841775,2.83,2016,PDB,False
5een,5OG,8.958607314841775,1.86,2016,PDB,False
5iu7,6DY,8.958607314841775,1.90,2016,PDB,False
4zw8,4T2,5.958607314841775,2.00,2016,PDB,False
5fhn,5XO,5.896196279044043,1.60,2016,PDB,False
5hcy,60D,8.920818753952375,2.46,2016,PDB,False
5sz1,72E,8.920818753952375,1.55,2016,PDB,False
5aac,VGH,8.886056647693163,1.70,2016,PDB,False
5ef8,LBH,8.853871964321762,2.60,2016,PDB,False
5hj9,X7A,5.853871964321762,1.28,2016,PDB,False
5iua,6DX,8.823908740944319,2.20,2016,PDB,False
5kby,6RL,8.823908740944319,2.24,2016,PDB,False
5d2r,56W,5.823908740944319,1.90,2016,PDB,False
5k13,6Q7,8.744727494896694,1.85,2016,PDB,False
5jg1,6KR,8.721246399047171,1.16,2016,PDB,False
4zw6,4SY,5.721246399047171,1.90,2016,PDB,False
4ujb,8BQ,8.0,1.95,2016,PDB,False
5evb,3R9,5.0,1.84,2016,PDB,False
5evd,VC2,5.0,1.80,2016,PDB,False
4uff,6V2,7.958607314841775,1.55,2016,PDB,False
5e28,BC5,7.910094888560602,1.30,2016,PDB,False
5jy3,6OX,7.920818753952375,2.40,2016,PDB,False
5drq,5EM,10.920818753952375,1.63,2016,PDB,False
5evk,3C7,4.920818753952375,1.63,2016,PDB,False
5j5r,6G1,6.886056647693163,1.60,2016,PDB,False
5jf2,SF7,7.886056647693163,2.00,2016,PDB,False
5kyj,6Y8,7.886056647693163,2.80,2016,PDB,False
5j7w,MTX,4.886056647693163,2.50,2016,PDB,False
5f1v,3VN,6.853871964321762,2.20,2016,PDB,False
5dhp,5AQ,3.853871964321762,2.27,2016,PDB,False
5jf8,PN3,5.845271792559845,1.80,2016,PDB,False
5elw,5LD,7.853871964321762,1.40,2016,PDB,False
5hi7,62X,7.853871964321762,2.15,2016,PDB,False
5k51,6QD,4.801342913045577,2.96,2016,PDB,False
5hdv,60V,7.823908740944319,1.71,2016,PDB,False
5ayf,C7H,4.823908740944319,2.01,2016,PDB,False
5l7g,6QE,7.795880017344075,2.01,2016,PDB,False
4ycn,7BL,7.769551078621726,3.50,2016,PDB,False
5kxi,NCT,7.739928612014925,3.94,2016,PDB,False
5fdi,5WM,7.732828271596986,1.85,2016,PDB,False
5iu8,6DZ,7.7447274948966935,2.00,2016,PDB,False
4ycm,7BS,7.721246399047171,3.20,2016,PDB,False
4zw7,4SZ,4.721246399047171,1.95,2016,PDB,False
5dxh,5H2,9.0,3.00,2016,PDB,False
5ef7,5OJ,9.0,1.90,2016,PDB,False
5hdu,60W,9.0,1.58,2016,PDB,False
5dht,5A9,6.0,2.59,2016,PDB,False
5cj6,51Y,8.692503962086787,2.07,2016,PDB,False
5sz2,72G,8.698970004336019,1.63,2016,PDB,False
5edu,TSN,8.657577319177793,2.79,2016,PDB,False
5hu1,66F,8.657577319177793,1.50,2016,PDB,False
5ehn,5NZ,11.638272163982407,2.60,2016,PDB,False
5htz,66J,8.619788758288394,1.95,2016,PDB,False
5sz3,72H,8.602059991327963,1.69,2016,PDB,False
5hk2,61V,8.585026652029182,3.20,2016,PDB,False
5d75,FK5,6.698970004336019,1.83,2016,PDB,False
5he4,60T,7.698970004336019,1.53,2016,PDB,False
5sz5,72E,7.698970004336019,1.27,2016,PDB,False
5jsq,6MS,4.671620396561262,1.50,2016,PDB,False
5dex,5E0,7.645891560852599,2.40,2016,PDB,False
5dfp,59U,7.657577319177793,2.20,2016,PDB,False
5kz0,6YL,7.657577319177793,2.30,2016,PDB,False
5fkj,G0W,10.657577319177793,3.13,2016,PDB,False
5eie,TZ2,7.638272163982407,2.10,2016,PDB,False
5exn,5SU,7.638272163982407,1.49,2016,PDB,False
5dhr,5AJ,4.638272163982407,2.31,2016,PDB,False
5j7q,6H2,4.575118363368933,2.05,2016,PDB,False
5dro,ZH2,10.585026652029182,2.01,2016,PDB,False
5sym,71Q,6.552841968657781,1.55,2016,PDB,False
4uj9,S3N,8.698970004336019,1.87,2016,PDB,False
5hcv,60R,8.698970004336019,2.50,2016,PDB,False
5dhq,5AK,5.698970004336019,2.29,2016,PDB,False
5ij7,6BN,8.508638306165727,2.62,2016,PDB,False
5fl1,DV1,8.494850021680094,1.95,2016,PDB,False
5kr2,ROC,8.481486060122112,1.78,2016,PDB,False
5drr,5EN,11.455931955649724,1.59,2016,PDB,False
5kqx,ROC,8.443697499232712,2.40,2016,PDB,False
5dey,59T,8.431798275933005,2.10,2016,PDB,False
5exl,5SS,8.431798275933005,2.30,2016,PDB,False
4uj1,NVX,6.522878745280337,1.77,2016,PDB,False
5he5,60S,6.4736607226101555,1.55,2016,PDB,False
5ehq,5O2,10.481486060122112,2.50,2016,PDB,False
5fdc,5WN,7.458420756053419,1.75,2016,PDB,False
5fl0,71I,6.455931955649724,1.95,2016,PDB,False
5fdo,5X2,6.442492798094342,2.80,2016,PDB,False
4zw5,4SA,4.431798275933005,1.80,2016,PDB,False
5jf3,SF5,7.42021640338319,1.60,2016,PDB,False
5i4v,67S,8.522878745280337,2.61,2016,PDB,False
5hcx,60B,8.387216143280265,2.60,2016,PDB,False
5efb,5OK,8.366531544420413,2.54,2016,PDB,False
5hk1,61W,8.366531544420413,2.51,2016,PDB,False
5cdh,TLA,5.366531544420414,2.00,2016,PDB,False
5ime,6BZ,8.337242168318426,2.22,2016,PDB,False
5fky,2J4,8.327902142064282,1.80,2016,PDB,False
5eef,TSN,8.318758762624412,2.15,2016,PDB,False
5g53,NEC,6.366531544420414,3.40,2016,PDB,False
5dqc,5E7,7.341035157335565,2.47,2016,PDB,False
5hdz,954,7.346787486224656,1.49,2016,PDB,False
5eij,5OT,5.313363730737707,1.99,2016,PDB,False
5hdx,60U,7.318758762624412,1.60,2016,PDB,False
5dxu,5H5,8.397940008672037,2.64,2016,PDB,False
5hd0,60Y,8.397940008672037,1.65,2016,PDB,False
5j8z,FC4,8.301029995663981,1.70,2016,PDB,False
5kzq,6YS,8.275724130399212,2.80,2016,PDB,False
4zx6,4U6,5.267606240177032,2.05,2016,PDB,False
5l7h,6QG,7.301029995663981,1.84,2016,PDB,False
5j4n,AG2,4.251811972993799,2.59,2016,PDB,False
5kap,6RH,4.23210238398191,2.95,2016,PDB,False
5dh4,5AV,7.236572006437063,2.20,2016,PDB,False
5hu0,66H,6.22548303427145,1.83,2016,PDB,False
5j9f,83A,7.229147988357855,2.10,2016,PDB,False
5he7,60X,8.301029995663981,1.71,2016,PDB,False
5kdr,YT5,8.301029995663981,2.60,2016,PDB,False
5khm,XNH,8.301029995663981,1.48,2016,PDB,False
5fto,YMX,8.207608310501746,2.22,2016,PDB,False
5exm,5ST,8.200659450546418,2.09,2016,PDB,False
5f91,5WJ,5.200659450546418,2.00,2016,PDB,False
5aa9,5P8,8.193820026016112,1.93,2016,PDB,False
5jf6,BB4,7.2076083105017466,1.70,2016,PDB,False
5jf5,7JT,7.200659450546418,1.80,2016,PDB,False
5fcz,TNX,4.200659450546418,2.45,2016,PDB,False
5jf1,BB2,7.1938200260161125,2.00,2016,PDB,False
5jf4,6JT,7.187086643357144,2.40,2016,PDB,False
5etj,IM5,10.18045606445813,2.30,2016,PDB,False
5kya,6Y4,8.221848749616356,2.60,2016,PDB,False
5dhs,5AG,5.221848749616356,2.62,2016,PDB,False
5ev8,3R9,5.221848749616356,2.30,2016,PDB,False
4ydf,4B1,5.102372908709558,2.80,2016,PDB,False
5kam,IMP,4.111820506081675,2.48,2016,PDB,False
4ufe,3ZD,8.154901959985743,1.59,2016,PDB,False
4ufg,D6J,8.154901959985743,1.65,2016,PDB,False
5jxq,6OK,8.154901959985743,1.20,2016,PDB,False
5fhm,5XP,5.088842391260023,1.55,2016,PDB,False
5jfu,6KQ,8.070581074285707,1.70,2016,PDB,False
5aa8,5P8,8.065501548756432,1.86,2016,PDB,False
5efh,FKS,6.096910013008056,2.16,2016,PDB,False
4uj2,NVV,7.096910013008056,2.02,2016,PDB,False
5a6h,OE2,7.055517327849832,1.57,2016,PDB,False
5e2k,BX4,8.031517051446064,1.40,2016,PDB,False
5jf7,6JU,6.041436116778033,2.10,2016,PDB,False
5sz6,72G,7.00436480540245,1.15,2016,PDB,False
6b8u,8EN,9.698970004336019,2.68,2017,PDB,False
5tza,7OG,9.0,1.70,2017,PDB,False
6bfa,UW5,9.0,2.80,2017,PDB,False
5nhv,8QB,8.55284196865778,2.00,2017,PDB,False
5u00,7OV,8.698970004336019,1.41,2017,PDB,False
5vgo,9B1,8.698970004336019,1.62,2017,PDB,False
5nhj,8XE,8.267606240177031,2.12,2017,PDB,False
5k76,6R1,8.301029995663981,2.74,2017,PDB,False
5xs2,8D6,8.301029995663981,2.04,2017,PDB,False
6b4w,CQ7,8.301029995663981,2.90,2017,PDB,False
6b8j,65C,8.301029995663981,2.60,2017,PDB,False
5nob,92T,8.200659450546418,1.85,2017,PDB,False
5nb7,8NQ,8.221848749616356,1.33,2017,PDB,False
5q0m,9L1,8.102372908709558,2.20,2017,PDB,False
5q1c,9NA,8.075720713938118,2.30,2017,PDB,False
5q0n,9L4,8.060480747381382,2.40,2017,PDB,False
5q15,9MP,8.050609993355087,1.90,2017,PDB,False
5tzc,7OJ,8.096910013008056,2.36,2017,PDB,False
5w5o,9XA,8.096910013008056,2.89,2017,PDB,False
5wg3,AFM,8.096910013008056,2.90,2017,PDB,False
5q1a,9N4,8.017728766960431,2.00,2017,PDB,False
5o83,9NQ,7.958607314841775,2.90,2017,PDB,False
5q16,9MS,7.869666231504994,2.00,2017,PDB,False
5tzz,7OJ,7.853871964321762,1.60,2017,PDB,False
5trg,7HJ,7.823908740944319,2.80,2017,PDB,False
5tx5,7MJ,7.795880017344075,2.56,2017,PDB,False
5q0v,9LS,7.688246138944246,1.87,2017,PDB,False
5q14,9MM,7.6777807052660805,1.85,2017,PDB,False
5lgu,6W1,7.657577319177793,3.20,2017,PDB,False
5nhp,8XK,7.638272163982407,1.99,2017,PDB,False
5q0o,9L7,7.61261017366127,1.90,2017,PDB,False
5uoy,8HM,7.568636235841013,1.82,2017,PDB,False
5ox6,A1Z,7.5376020021010435,1.99,2017,PDB,False
5v1b,8UY,7.468521082957745,2.49,2017,PDB,False
5ngu,8X2,7.443697499232713,2.74,2017,PDB,False
5ohj,9VE,10.422508200162774,1.60,2017,PDB,False
5lmk,6ZK,7.431798275933005,2.40,2017,PDB,False
5q0p,9LA,7.4089353929735005,1.80,2017,PDB,False
5mmp,G3Z,7.522878745280337,2.05,2017,PDB,False
5pzn,8XP,7.3872161432802645,2.25,2017,PDB,False
5nev,72L,7.356547323513813,2.97,2017,PDB,False
5q0x,643,7.346787486224656,2.26,2017,PDB,False
5q1b,9N7,7.3124710387853655,2.30,2017,PDB,False
5q19,9N1,7.318758762624412,1.98,2017,PDB,False
5tzx,7OY,7.2839966563652006,1.90,2017,PDB,False
5n4s,R38,7.259637310505756,1.20,2017,PDB,False
5q0w,9LV,7.236572006437063,1.90,2017,PDB,False
5uwf,8Q7,7.229147988357856,1.87,2017,PDB,False
5naw,8RZ,7.301029995663981,1.25,2017,PDB,False
5nba,8S5,7.301029995663981,1.87,2017,PDB,False
5q0s,9LJ,7.2076083105017466,2.50,2017,PDB,False
5wg5,ZSO,7.180456064458132,3.10,2017,PDB,False
5q18,9MY,7.170696227168975,1.90,2017,PDB,False
5t1u,P6U,7.161150909262744,1.78,2017,PDB,False
5q1f,9NJ,7.139661993429006,2.30,2017,PDB,False
5t1w,74B,7.113509274827518,2.96,2017,PDB,False
5y3n,8MF,7.102372908709558,2.40,2017,PDB,False
5q13,9MD,7.040958607678906,1.90,2017,PDB,False
5m5q,7K1,7.045757490560675,2.20,2017,PDB,False
6b3e,CJM,6.987162775294828,3.06,2017,PDB,False
5wg4,AFV,7.0,2.31,2017,PDB,False
5l13,6ZE,6.958607314841775,2.40,2017,PDB,False
5q1e,9NG,6.920818753952375,1.85,2017,PDB,False
5y3o,8M9,6.860120913598763,2.70,2017,PDB,False
5l2m,6ZY,6.886056647693163,1.70,2017,PDB,False
5x9p,80L,6.886056647693163,1.86,2017,PDB,False
5tz3,7OM,6.853871964321762,1.72,2017,PDB,False
5qc4,BC7,6.823908740944319,2.00,2017,PDB,False
5q0u,9LP,6.756961951313706,1.90,2017,PDB,False
5ngs,8WW,6.769551078621726,1.85,2017,PDB,False
5xvg,8FX,8.045757490560675,2.10,2018,PDB,False
6dif,TPV,10.721246399047171,1.20,2018,PDB,False
6gbx,S77,7.698970004336019,1.72,2018,PDB,False
6cn5,F7M,7.698970004336019,2.30,2018,PDB,False
6dj1,AB1,10.508638306165727,1.26,2018,PDB,False
5xva,8FU,7.292429823902063,1.85,2018,PDB,False
6bbs,BZ1,9.886056647693163,2.00,2018,PDB,False
6czd,ADP,3.853871964321762,2.40,2018,PDB,False
6bqh,E2J,9.795880017344075,2.70,2018,PDB,False
6drz,H8J,9.795880017344075,3.10,2018,PDB,False
6ebe,J3V,6.698970004336019,1.88,2018,PDB,False
6eda,J3V,6.698970004336019,1.88,2018,PDB,False
6dar,G2J,6.6595558851598815,1.88,2018,PDB,False
6b8y,D0A,9.657577319177793,1.65,2018,PDB,False
5vja,DUK,6.585026652029182,2.46,2018,PDB,False
6ecz,J4D,6.568636235841013,2.21,2018,PDB,False
6eeh,J4D,6.537602002101044,1.63,2018,PDB,False
6e7j,HWY,9.481486060122112,1.30,2018,PDB,False
6dry,H8D,9.431798275933005,2.92,2018,PDB,False
6eeo,J6V,6.431798275933005,1.72,2018,PDB,False
6h36,FKE,9.346787486224656,1.85,2018,PDB,False
6got,F6W,9.397940008672037,1.56,2018,PDB,False
6f92,MVL,6.3979400086720375,1.90,2018,PDB,False
6cbh,EWJ,6.292429823902063,2.00,2018,PDB,False
6g3o,EL8,9.236572006437063,2.27,2018,PDB,False
6h2z,FKE,9.301029995663981,1.94,2018,PDB,False
6h34,FKK,9.301029995663981,1.55,2018,PDB,False
5laq,6M5,9.200659450546418,2.40,2018,PDB,False
6eea,J3V,6.200659450546418,1.63,2018,PDB,False
6h33,FKQ,9.221848749616356,1.58,2018,PDB,False
5xvf,8FR,6.1487416512809245,2.66,2018,PDB,False
5kw2,6XQ,9.09151498112135,2.76,2018,PDB,False
6c4d,EJP,9.040005161671584,2.52,2018,PDB,False
6f90,MVL,6.0,2.40,2018,PDB,False
6bqg,ERM,8.931814138253838,3.00,2018,PDB,False
5owh,B0K,5.920818753952375,2.30,2018,PDB,False
5owl,B0K,5.920818753952375,2.23,2018,PDB,False
6dpx,H7G,5.886056647693163,1.90,2018,PDB,False
6g4y,ELZ,8.823908740944319,2.65,2018,PDB,False
5nw7,9C2,5.769551078621726,1.85,2018,PDB,False
6dhc,GHJ,7.962573502059376,2.85,2018,PDB,False
5l8c,908,7.0,2.01,2018,PDB,False
6eif,B5T,6.982966660701219,2.22,2018,PDB,False
6cbg,EWG,3.9469215565165805,2.00,2018,PDB,False
6h7m,68H,7.801342913045577,2.76,2018,PDB,False
5wlt,86B,6.808269606637143,1.57,2018,PDB,False
6ej4,B7W,6.801342913045577,2.88,2018,PDB,False
5n9l,8QH,7.823908740944319,1.79,2018,PDB,False
5uzj,8UV,6.782516055786093,3.30,2018,PDB,False
6eij,B5Z,5.774690718274137,2.42,2018,PDB,False
5uzk,504,6.7447274948966935,2.30,2018,PDB,False
6m9t,J9P,7.701146923590294,2.50,2018,PDB,False
5g5v,8Z4,6.701146923590294,1.80,2018,PDB,False
6hx5,GXE,5.657577319177793,1.44,2018,PDB,False
6h7j,5FW,8.619788758288394,2.80,2018,PDB,False
6h29,FK8,5.619788758288394,1.46,2018,PDB,False
6h37,FKQ,8.585026652029182,1.90,2018,PDB,False
6eip,B7B,5.695724949522871,2.56,2018,PDB,False
6gg4,PHE,3.688246138944246,2.46,2018,PDB,False
6bw2,ECY,7.6777807052660805,2.75,2018,PDB,False
6gg5,TRP,3.653647025549361,3.20,2018,PDB,False
5yum,ILE,3.6516951369518393,2.43,2018,PDB,False
6djc,CF6,6.633017024022149,1.46,2018,PDB,False
5wgp,AUD,5.619788758288394,1.53,2018,PDB,False
6eis,B6N,6.598599459218455,2.36,2018,PDB,False
6fag,EON,6.59328954139021,1.79,2018,PDB,False
6dpz,H7D,3.586700235918748,1.50,2018,PDB,False
6f3b,CJK,6.56336036830734,1.40,2018,PDB,False
5yjb,8WC,7.5376020021010435,2.96,2018,PDB,False
5wlv,42G,8.522878745280337,1.40,2018,PDB,False
6faf,D3B,6.5141366704026655,1.99,2018,PDB,False
6d9x,FZM,3.490797477668897,1.83,2018,PDB,False
6dne,H1V,7.47755576649368,2.96,2018,PDB,False
6c7w,LMS,5.467245621007502,1.28,2018,PDB,False
6f05,GTS,4.468521082957745,2.20,2018,PDB,False
6ceh,EZ1,7.437707135543525,1.43,2018,PDB,False
6eiq,B6Z,6.416801226031377,2.30,2018,PDB,False
5l8y,CVA,6.400116927926312,2.14,2018,PDB,False
6c1s,EFV,8.522878745280337,2.31,2018,PDB,False
6cb5,EV7,5.366531544420414,1.78,2018,PDB,False
6ex1,N19,7.306273051076353,1.60,2018,PDB,False
6isd,5BQ,8.237321436272564,2.40,2018,PDB,False
6g3q,FO9,7.2373214362725635,1.01,2018,PDB,False
6eir,B6H,6.2403321553103694,2.40,2018,PDB,False
6d2o,4MZ,5.301029995663981,1.90,2018,PDB,False
6d1m,FQY,8.200659450546418,1.21,2018,PDB,False
6hwz,GXE,5.173925197299173,1.64,2018,PDB,False
6cbf,EWD,5.167491087293763,2.30,2018,PDB,False
6c3e,EJY,7.199970640755866,2.60,2018,PDB,False
6c7x,EO7,7.185752404268079,1.50,2018,PDB,False
6dak,G1Y,5.142064735280571,1.60,2018,PDB,False
6d1l,FQV,8.119186407719209,1.40,2018,PDB,False
6h38,FKK,8.10790539730952,1.70,2018,PDB,False
6dpt,H7M,7.113509274827518,1.79,2018,PDB,False
6ooy,A7M,4.657577319177793,2.50,2019,PDB,False
6jno,WY5,6.632644078973981,2.65,2019,PDB,False
6mmq,CMP,3.623423042943488,2.02,2019,PDB,False
6i75,H5T,4.638272163982407,1.17,2019,PDB,False
6e91,J04,6.619788758288394,1.80,2019,PDB,False
6nj0,KOY,6.61261017366127,1.83,2019,PDB,False
6mmc,ADP,3.612610173661271,1.42,2019,PDB,False
6g5l,EM5,7.619788758288394,1.21,2019,PDB,False
6p87,O4P,4.595166283380062,1.90,2019,PDB,False
6p8a,O4D,3.593459819566045,1.80,2019,PDB,False
6j06,99C,6.59176003468815,2.65,2019,PDB,False
6n5x,JEF,4.6020599913279625,2.05,2019,PDB,False
6pid,OKS,4.5376020021010435,1.55,2019,PDB,False
6i11,H0H,4.533132379645891,1.67,2019,PDB,False
6i10,GZK,4.530177984021837,2.10,2019,PDB,False
5znc,QI9,7.52432881167557,1.66,2019,PDB,False
6mln,ARG,7.5376020021010435,1.72,2019,PDB,False
5zjf,9G9,4.5376020021010435,2.60,2019,PDB,False
6ia7,GTP,5.698970004336019,2.30,2019,PDB,False
6dgl,GEV,5.515700160653214,1.95,2019,PDB,False
6dgq,GBV,5.510041520575165,2.45,2019,PDB,False
6dgo,GD4,5.473660722610156,3.10,2019,PDB,False
5zxk,H6P,5.481486060122113,1.96,2019,PDB,False
6fgc,D95,5.481486060122113,1.50,2019,PDB,False
6gfm,0O2,5.468521082957745,2.77,2019,PDB,False
6i74,H5Z,5.468521082957745,0.96,2019,PDB,False
6dzx,MED,5.455931955649724,1.68,2019,PDB,False
6t1n,M7Z,5.455931955649724,1.95,2019,PDB,False
6n3y,HHJ,5.437707135543525,1.80,2019,PDB,False
6csf,DAL,5.443697499232713,3.30,2019,PDB,False
6mli,HIS,2.431798275933005,1.88,2019,PDB,False
6d8v,PBE,5.42021640338319,2.80,2019,PDB,False
6hgg,HCY,5.42021640338319,1.79,2019,PDB,False
6ott,N7Y,5.42021640338319,2.55,2019,PDB,False
6mm2,ATP,5.406713932979542,1.04,2019,PDB,False
6aaq,9U9,2.408935392973501,1.55,2019,PDB,False
6p88,O4G,4.519993057042849,1.70,2019,PDB,False
6sge,GTP,7.511449283499555,1.50,2019,PDB,False
6nco,KQP,4.522878745280337,1.71,2019,PDB,False
6nu1,CYS,4.505845405981558,2.25,2019,PDB,False
6hk3,G8B,7.503070351926785,2.35,2019,PDB,False
6j7l,TYD,4.503070351926785,1.85,2019,PDB,False
6qau,1FV,7.482804102050026,2.48,2019,PDB,False
6dyo,LDP,4.494850021680094,2.84,2019,PDB,False
6pyc,P4S,7.446116973356125,3.60,2019,PDB,False
6q4e,HH5,3.4559319556497243,1.06,2019,PDB,False
6e92,HZY,7.455931955649724,1.77,2019,PDB,False
6qfu,J0K,7.455931955649724,1.80,2019,PDB,False
6m8q,JBG,6.431798275933005,2.49,2019,PDB,False
6rtw,Y01,6.431798275933005,1.90,2019,PDB,False
6u80,Q1J,4.431798275933005,1.55,2019,PDB,False
6j1l,B6L,6.42021640338319,2.30,2019,PDB,False
6i65,H3Z,6.408490191005346,1.50,2019,PDB,False
6g5u,ENN,6.403402904373539,1.70,2019,PDB,False
6qzh,JLW,8.522878745280337,2.10,2019,PDB,False
6g2s,EJN,8.396855627379818,2.20,2019,PDB,False
6ggb,EXQ,5.3872161432802645,1.32,2019,PDB,False
6ggf,EXQ,5.3872161432802645,1.32,2019,PDB,False
6n8y,KFY,5.376750709602099,1.55,2019,PDB,False
6olx,KFY,5.376750709602099,1.44,2019,PDB,False
6n0j,K8S,5.366531544420414,1.79,2019,PDB,False
6qav,HVH,8.309803919971486,2.05,2019,PDB,False
5zni,YMZ,4.394694953858891,2.30,2019,PDB,False
6dzv,HJM,6.3979400086720375,4.20,2019,PDB,False
6hgj,AS4,4.380906669373257,1.83,2019,PDB,False
6h4a,FNB,7.376750709602099,2.65,2019,PDB,False
6h75,SLB,4.376750709602099,1.45,2019,PDB,False
6mla,ARG,4.376750709602099,1.58,2019,PDB,False
6gj5,F0N,3.3565473235138126,1.50,2019,PDB,False
6q6f,HJQ,3.3507625276503927,3.30,2019,PDB,False
6mmo,AMP,3.3496924768680634,1.86,2019,PDB,False
6q3z,HG8,7.356547323513812,2.00,2019,PDB,False
6hk7,G8N,7.338187314462739,3.20,2019,PDB,False
5ove,AXE,6.346787486224656,1.85,2019,PDB,False
6hkx,GCE,9.340749531227338,2.80,2019,PDB,False
6hky,GCE,9.340749531227338,2.75,2019,PDB,False
6ajz,LOC,4.337242168318426,1.30,2019,PDB,False
6qat,FE7,7.325138859262188,2.77,2019,PDB,False
6gy0,FGE,7.319664486585436,2.55,2019,PDB,False
6ajr,URA,4.314258261397736,1.34,2019,PDB,False
6i64,H48,7.3124710387853655,1.91,2019,PDB,False
6ior,ASN,4.305394801066432,2.50,2019,PDB,False
6qfv,J0N,7.309803919971486,1.45,2019,PDB,False
6sdd,353,8.397940008672037,1.93,2019,PDB,False
6ajy,A0R,5.275724130399211,1.60,2019,PDB,False
6t1i,M7W,5.259637310505756,1.80,2019,PDB,False
6gxg,FFN,5.2441251443275085,1.60,2019,PDB,False
6gxy,FFN,5.2441251443275085,1.80,2019,PDB,False
6iot,ARG,5.2441251443275085,2.70,2019,PDB,False
6q4g,HJK,4.301029995663981,0.98,2019,PDB,False
6mji,JTD,7.288192770958809,2.30,2019,PDB,False
6ghv,EZ8,4.2839966563652006,2.10,2019,PDB,False
6q3y,HG5,7.267606240177032,1.20,2019,PDB,False
6mlj,ARG,7.259637310505756,1.60,2019,PDB,False
6dys,HJ1,4.248720896016658,2.30,2019,PDB,False
6i61,H3W,6.244887733604929,1.65,2019,PDB,False
6ml9,ARG,5.301029995663981,1.69,2019,PDB,False
6t1m,M8K,5.214670164989233,1.85,2019,PDB,False
6j63,NTD,8.191789027075778,2.62,2019,PDB,False
6i97,0UE,8.18045606445813,3.35,2019,PDB,False
6ipk,8DG,5.173925197299173,2.15,2019,PDB,False
6k3l,3NG,7.221125527997261,2.09,2019,PDB,False
6e8x,J0A,6.218244625347531,1.60,2019,PDB,False
6dyn,HSM,3.19456711186786,2.10,2019,PDB,False
6sde,V0L,10.200659450546418,2.49,2019,PDB,False
6ssy,P7I,3.187755303199631,1.62,2019,PDB,False
6dy7,HH7,4.1791420105603,1.90,2019,PDB,False
5zdp,9AU,7.176395371644842,2.71,2019,PDB,False
6dya,HHM,6.166852888087215,2.56,2019,PDB,False
6det,ARG,8.221848749616356,1.75,2019,PDB,False
6ntb,ATP,5.150580586203101,1.90,2019,PDB,False
6r9s,JVN,2.1487416512809245,2.00,2019,PDB,False
6miv,JU1,8.148741651280925,2.05,2019,PDB,False
6r9u,JVQ,2.1249387366083,1.26,2019,PDB,False
6i13,H0Q,5.119186407719209,1.79,2019,PDB,False
6aao,9U0,2.1079053973095196,1.40,2019,PDB,False
6jdi,AGS,5.107905397309519,1.95,2019,PDB,False
6mku,ARG,7.154901959985743,1.73,2019,PDB,False
6st0,LUQ,5.127086558379605,1.50,2019,PDB,False
6gxq,FFZ,7.100179497572904,1.96,2019,PDB,False
6ios,PRO,4.100179497572904,2.35,2019,PDB,False
6q92,ABH,6.098541678603888,1.50,2019,PDB,False
6n3x,KBD,5.092051478387727,1.10,2019,PDB,False
6i76,H5N,5.070581074285707,1.20,2019,PDB,False
6n0k,K8M,5.0655015487564325,1.46,2019,PDB,False
6pl2,OOM,8.058488567365597,2.59,2019,PDB,False
6kqi,9GF,8.060480747381382,3.25,2019,PDB,False
6kjd,LVA,5.050609993355088,2.30,2019,PDB,False
6i18,H0N,4.070581074285707,1.49,2019,PDB,False
6nm4,KS7,7.060480747381382,2.58,2019,PDB,False
6m87,2M9,8.096910013008056,2.61,2019,PDB,False
6s57,KVT,5.096910013008056,1.82,2019,PDB,False
6s56,KVZ,5.096910013008056,2.01,2019,PDB,False
6ajv,HCC,5.040958607678906,1.45,2019,PDB,False
6ajx,HCC,5.040958607678906,1.89,2019,PDB,False
6j7e,AGS,5.036212172654444,2.40,2019,PDB,False
6hbm,AHR,5.017728766960431,2.76,2019,PDB,False
6hgf,HCY,5.017728766960431,1.65,2019,PDB,False
6p89,O4A,5.0101054362812265,1.40,2019,PDB,False
6ncn,KJM,3.0457574905606752,1.82,2019,PDB,False
6joe,BWR,7.040958607678906,2.21,2019,PDB,False
6i0z,GZQ,4.036212172654444,1.77,2019,PDB,False
6hni,TYR,4.026872146400302,1.35,2019,PDB,False
6i63,2OH,7.006123085058789,2.23,2019,PDB,False
6hay,FX8,7.008773924307505,2.24,2019,PDB,False
6hhr,G5E,7.008773924307505,2.00,2019,PDB,False
6rk4,K5T,4.008773924307505,1.43,2019,PDB,False
6afk,9WO,6.000434511774017,2.75,2019,PDB,False
6ooz,A6Y,8.045757490560675,2.80,2019,PDB,False
6mlg,ARG,5.045757490560675,1.89,2019,PDB,False
6qgh,1XJ,8.154901959985743,2.00,2019,PDB,False
5zg1,9C0,7.721246399047171,1.32,2019,PDB,False
6no9,KUV,10.522878745280337,1.71,2019,PDB,False
6oqc,N0S,10.397940008672037,1.80,2019,PDB,False
6udv,Q51,10.292429823902063,1.35,2019,PDB,False
6oqb,N0J,10.301029995663981,1.60,2019,PDB,False
5zg3,9C6,7.214670164989233,1.65,2019,PDB,False
6ud2,Q4D,10.207608310501746,1.70,2019,PDB,False
6nzt,L9P,10.200659450546418,1.40,2019,PDB,False
6nzv,L9J,10.173925197299173,1.55,2019,PDB,False
5zty,9JU,10.1249387366083,2.80,2019,PDB,False
5zg0,9C3,7.086186147616283,1.58,2019,PDB,False
6n4b,KCA,10.008773924307505,3.00,2019,PDB,False
6ps0,CAU,9.943095148663527,3.40,2019,PDB,False
6me4,ML2,9.920818753952375,3.20,2019,PDB,False
6ps4,JRZ,9.886056647693163,2.60,2019,PDB,False
6oqd,N0M,9.853871964321762,1.48,2019,PDB,False
6ps3,CVD,9.779891911959945,2.50,2019,PDB,False
6ixd,B0F,9.795880017344075,1.00,2019,PDB,False
6i9a,H8E,10.0,1.20,2019,PDB,False
6udt,Q4V,10.0,1.50,2019,PDB,False
6ps1,TIM,9.69680394257951,3.20,2019,PDB,False
6ps6,TIM,9.69680394257951,2.70,2019,PDB,False
6cjs,2GJ,9.698970004336019,1.90,2019,PDB,False
6n78,KEP,9.67778070526608,1.83,2019,PDB,False
6n79,KES,9.67778070526608,2.27,2019,PDB,False
6saf,L2Q,6.638272163982407,2.05,2019,PDB,False
6cjr,E0G,9.522878745280337,1.80,2019,PDB,False
6pt3,OWY,9.4089353929735,3.30,2019,PDB,False
6hoq,FER,6.3872161432802645,1.55,2019,PDB,False
6me3,JEY,9.3767507096021,2.90,2019,PDB,False
6iql,L74,9.366531544420413,3.50,2019,PDB,False
6me2,JEV,9.366531544420413,2.80,2019,PDB,False
6ibl,H98,9.309803919971486,2.70,2019,PDB,False
6n77,KEJ,9.244125144327509,1.64,2019,PDB,False
6udu,Q4Y,9.301029995663981,1.75,2019,PDB,False
6qgg,J1H,6.301029995663981,1.50,2019,PDB,False
6pgx,OJ4,9.207608310501746,1.36,2019,PDB,False
6ggg,EYN,9.200659450546418,1.71,2019,PDB,False
6n7c,KF1,9.173925197299173,1.69,2019,PDB,False
6n7b,KEY,9.221848749616356,1.81,2019,PDB,False
6gg8,EY8,9.102372908709558,1.80,2019,PDB,False
6odz,M8J,9.154901959985743,1.30,2019,PDB,False
6c2r,EG7,9.096910013008056,1.96,2019,PDB,False
6oe0,M8S,8.920818753952375,1.30,2019,PDB,False
6npf,KVM,5.853871964321762,2.57,2019,PDB,False
6nt2,KZS,8.823908740944319,2.48,2019,PDB,False
6me5,AWY,8.777283528852417,3.20,2019,PDB,False
6jav,BC0,5.764471553092451,1.44,2019,PDB,False
6mq3,J22,8.769551078621726,3.57,2019,PDB,False
6eds,J22,8.769551078621726,3.18,2019,PDB,False
6jay,JUK,5.701146923590294,1.50,2019,PDB,False
6n92,KFV,4.966576244513051,1.70,2019,PDB,False
6hr2,FWZ,7.0,1.76,2019,PDB,False
6u26,063,6.97061622231479,1.53,2019,PDB,False
6oac,M1J,7.954677021213342,3.15,2019,PDB,False
6s4t,KVB,7.950781977329818,2.00,2019,PDB,False
6g9x,JKE,3.9208187539523753,2.30,2019,PDB,False
6hzy,GYZ,3.9172146296835497,1.70,2019,PDB,False
6hp0,GJT,4.920818753952375,1.88,2019,PDB,False
6i5g,PTG,4.885055584287415,2.00,2019,PDB,False
6h14,FW8,7.863279432843593,1.86,2019,PDB,False
6gf3,EX5,4.844663962534939,2.40,2019,PDB,False
6myn,K6Y,7.853871964321762,2.74,2019,PDB,False
6u7o,Q1D,10.809668301829708,1.33,2019,PDB,False
6gvi,FDW,6.823908740944319,2.90,2019,PDB,False
6s4n,KUW,6.790484985457369,1.90,2019,PDB,False
6s4u,KVK,7.7594507517174005,2.81,2019,PDB,False
6hgs,5GP,3.769551078621726,1.55,2019,PDB,False
6e6m,8CB,5.747996979461541,1.55,2019,PDB,False
5qqo,NRJ,7.769551078621726,2.00,2019,PDB,False
6mlw,JVA,3.7351821769904636,1.90,2019,PDB,False
6n94,KGJ,4.703334809738469,1.75,2019,PDB,False
6rfn,K3W,6.700057099977233,2.29,2019,PDB,False
6gev,EWN,8.698970004336019,1.54,2019,PDB,False
6jaw,BBO,5.661543506395395,1.98,2019,PDB,False
6u7p,B4R,11.67778070526608,1.13,2019,PDB,False
6mxc,5GP,5.563837352959244,1.99,2019,PDB,False
6o50,EBW,8.55284196865778,2.35,2019,PDB,False
6qyk,JLB,5.552841968657781,2.30,2019,PDB,False
6h12,FJK,7.681936665037238,2.20,2019,PDB,False
6nwk,DEX,7.698970004336019,1.65,2019,PDB,False
6mlh,GPM,3.6716203965612624,1.65,2019,PDB,False
6nyh,L8D,7.6777807052660805,2.10,2019,PDB,False
6gvx,TAK,7.619788758288394,2.24,2019,PDB,False
6ugo,Q77,7.58838029403677,1.46,2019,PDB,False
6hax,FWZ,7.585026652029182,2.35,2019,PDB,False
6mxb,XMP,4.585026652029182,2.19,2019,PDB,False
6k05,CQF,6.560667306169737,1.94,2019,PDB,False
6e5t,HVJ,6.54515513999149,1.55,2019,PDB,False
6gvf,FE5,7.552841968657781,2.50,2019,PDB,False
6jio,BQ3,4.552841968657781,2.60,2019,PDB,False
6oe1,M8V,8.508638306165727,1.45,2019,PDB,False
6h7d,BGC,5.494850021680094,2.40,2019,PDB,False
5qtt,QEY,8.468521082957745,2.23,2019,PDB,False
6d3q,4NG,8.468521082957745,2.24,2019,PDB,False
6o4w,E20,8.468521082957745,2.35,2019,PDB,False
6gbw,EU5,8.454692883534175,1.45,2019,PDB,False
6ps5,SNP,8.43297363384094,2.90,2019,PDB,False
6n96,LCV,5.42021640338319,1.70,2019,PDB,False
6rfw,K1Q,6.5003129173815966,2.18,2019,PDB,False
6hgr,IMP,3.4559319556497243,1.52,2019,PDB,False
6gxb,FF5,7.455931955649724,1.35,2019,PDB,False
6dzy,HJM,5.522878745280337,4.10,2019,PDB,False
5qtu,QEV,8.387216143280265,2.53,2019,PDB,False
6byz,J18,8.366531544420413,2.96,2019,PDB,False
6n7a,KEV,8.366531544420413,1.33,2019,PDB,False
6pno,ORM,5.318758762624412,1.82,2019,PDB,False
6a94,ZOT,7.3979400086720375,2.90,2019,PDB,False
6mnv,JVS,3.3685562309868278,1.65,2019,PDB,False
6nwl,HCY,7.366531544420414,1.60,2019,PDB,False
6s5k,KWE,7.319664486585436,1.60,2019,PDB,False
6rot,KDQ,6.3154867673018495,1.34,2019,PDB,False
5qqp,NR7,8.275724130399212,2.08,2019,PDB,False
6mxd,IMP,5.2343314452409855,2.96,2019,PDB,False
6ibk,YTW,3.2932822176632413,1.99,2019,PDB,False
6o57,2NC,6.289036881004725,1.71,2019,PDB,False
6o5a,2NC,6.289036881004725,1.67,2019,PDB,False
6qwi,JJW,4.292429823902063,2.85,2019,PDB,False
6mlf,JV4,4.275724130399211,1.75,2019,PDB,False
6h13,FJN,7.23210238398191,2.80,2019,PDB,False
6pnm,XX0,5.173925197299173,1.82,2019,PDB,False
6a93,8NU,8.161150909262744,3.00,2019,PDB,False
6gg3,ALA,4.207608310501746,3.72,2019,PDB,False
6e5l,HVD,7.175874166083451,1.17,2019,PDB,False
6abx,FLC,2.1432711096171175,1.70,2019,PDB,False
6n97,KGP,5.1487416512809245,1.75,2019,PDB,False
6n95,YXS,5.1249387366083,1.80,2019,PDB,False
6cjp,F5S,8.113509274827518,2.60,2019,PDB,False
6pm9,OQ1,8.102372908709558,2.86,2019,PDB,False
6h3q,FMH,7.135488918941608,1.31,2019,PDB,False
6qxs,UFP,7.130768280269024,2.88,2019,PDB,False
6o48,0Q4,7.1249387366083,1.46,2019,PDB,False
6jtc,C8O,5.073143291050307,2.39,2019,PDB,False
6r4k,JSK,5.070581074285707,2.13,2019,PDB,False
6k04,CQF,8.040958607678906,1.25,2019,PDB,False
6ic2,BBJ,6.037441264204036,1.15,2019,PDB,False
6gvh,FDH,6.036212172654444,2.74,2019,PDB,False
6gvg,FCZ,6.00436480540245,3.00,2019,PDB,False
6gxe,FFH,8.045757490560675,1.30,2019,PDB,False
1nlj,2CA,9.795880017344075,2.40,2003,PDB,True
1nms,161,6.698970004336019,1.70,2003,PDB,True
1qwu,GUL,3.2218487496163566,2.03,2003,PDB,True
1nc6,ABB,8.0,1.90,2003,PDB,True
3fmq,FUG,7.954677021213342,2.50,2009,PDB,True
3hwn,BD3,8.698970004336019,2.33,2009,PDB,True
3dz5,M8M,8.154901959985743,2.43,2009,PDB,True
3h0e,H0E,8.154901959985743,2.00,2009,PDB,True
3bwk,C1P,3.9430951486635273,2.42,2009,PDB,True
3gpe,PT5,5.7447274948966935,2.00,2009,PDB,True
3k84,K84,8.522878745280337,2.25,2009,PDB,True
3k83,F27,7.657577319177793,2.25,2009,PDB,True
4r6v,FI3,7.452225294612178,2.35,2014,PDB,True
4qls,37Y,7.443697499232712,2.80,2014,PDB,True
4r02,3E5,7.4089353929735005,2.50,2014,PDB,True
4qqc,37O,7.343901797987168,2.40,2014,PDB,True
4nk3,MK7,6.3325470471100465,1.90,2014,PDB,True
4mao,28D,7.327902142064283,2.60,2014,PDB,True
4qq5,37O,6.31695296176115,2.20,2014,PDB,True
4qlq,38N,8.18045606445813,2.40,2014,PDB,True
4q1s,2YD,4.168130225719498,2.60,2014,PDB,True
4no8,2LV,7.154901959985743,2.70,2014,PDB,True
4no6,2M1,6.107905397309519,3.00,2014,PDB,True
4qlu,38X,8.080921907623926,2.80,2014,PDB,True
4wm9,NXL,6.920818753952375,2.40,2014,PDB,True
4qlv,39Q,7.853871964321762,2.90,2014,PDB,True
4qvw,BO2,5.383209513670284,3.00,2015,PDB,True
4qwi,3BV,5.356448631437055,2.60,2015,PDB,True
4qz5,04C,5.263444152837364,2.80,2015,PDB,True
5ahj,7IM,8.229147988357855,2.80,2015,PDB,True
4qz2,04C,5.209926051573695,2.70,2015,PDB,True
4qvq,BO2,5.196133365715016,2.60,2015,PDB,True
4qvv,BO2,5.154281982033341,2.80,2015,PDB,True
4qzw,04C,5.145390361904205,3.00,2015,PDB,True
4qw0,BO2,5.1431503212748275,2.90,2015,PDB,True
4qvn,BO2,5.101000729110211,2.90,2015,PDB,True
4qvy,BO2,5.094906031672129,2.51,2015,PDB,True
4qz4,04C,5.007446482167865,3.00,2015,PDB,True
4s2i,NXL,9.0,1.60,2015,PDB,True
4wbg,AZR,5.54515513999149,1.90,2015,PDB,True
5l6h,6O2,6.619788758288394,2.30,2017,PDB,True
5l6j,61T,6.698970004336019,2.68,2017,PDB,True
6ax1,C0S,9.42021640338319,2.26,2017,PDB,True
5nqe,94Z,6.154901959985743,2.71,2017,PDB,True
5gmp,F62,9.096910013008056,2.80,2017,PDB,True
5gsw,5GI,5.939302159646388,3.19,2017,PDB,True
5wfj,9Z4,8.886056647693163,2.48,2017,PDB,True
5tg1,V56,5.823908740944319,1.40,2017,PDB,True
5ne3,NXL,7.842845560093719,1.35,2017,PDB,True
5wej,V45,4.815308569182402,1.95,2017,PDB,True
5gty,816,7.721017883134556,3.14,2017,PDB,True
5inh,6C1,6.0,1.84,2017,PDB,True
5h6v,7HS,6.681936665037238,2.42,2017,PDB,True
5ttv,7KX,7.5376020021010435,1.93,2017,PDB,True
5tg2,V69,5.494850021680094,1.75,2017,PDB,True
5vnd,9ES,6.494850021680094,2.20,2017,PDB,True
6alz,BKM,10.42021640338319,2.21,2017,PDB,True
5l6i,B39,4.346787486224656,2.76,2017,PDB,True
5ttu,7KV,7.327902142064283,1.72,2017,PDB,True
5ne1,OK3,8.279840696594043,2.09,2017,PDB,True
5gnk,80U,8.275724130399212,1.80,2017,PDB,True
5tts,7KU,7.251811972993799,2.34,2017,PDB,True
6eyz,C5W,8.100179497572904,2.20,2017,PDB,True
5yu9,1E8,6.7447274948966935,1.95,2017,PDB,True
6bic,5LH,5.619788758288394,2.25,2018,PDB,True
6fdu,D5W,3.6903698325741012,2.30,2018,PDB,True
6dud,HB4,6.59176003468815,1.66,2018,PDB,True
5yun,MYC,5.522878745280337,2.67,2018,PDB,True
6g8m,EQE,5.3788237182249645,2.70,2018,PDB,True
6bkx,DWP,6.3872161432802645,1.65,2018,PDB,True
6bl2,DWS,7.3872161432802645,1.92,2018,PDB,True
6da4,G4V,6.341035157335565,2.90,2018,PDB,True
6bq0,E3A,7.337242168318426,2.00,2018,PDB,True
6db4,G4Y,7.309803919971486,1.66,2018,PDB,True
5vqe,G2F,1.494850021680094,1.89,2018,PDB,True
1pvn,MZP,9.823908740944319,2.00,2003,PDB,False
1nnu,TCT,6.823908740944319,2.50,2003,PDB,False
1o37,653,6.823908740944319,1.45,2003,PDB,False
1o38,653,6.823908740944319,1.38,2003,PDB,False
1nq7,ARL,6.795880017344075,1.50,2003,PDB,False
1mpl,RE1,3.769551078621726,1.12,2003,PDB,False
1o30,693,6.769551078621726,1.55,2003,PDB,False
1o3j,334,6.769551078621726,1.40,2003,PDB,False
1o3k,334,6.769551078621726,1.43,2003,PDB,False
1ony,588,6.769551078621726,2.15,2003,PDB,False
1gz3,ATP,3.6989700043360187,2.30,2003,PDB,False
1o3p,655,6.657577319177793,1.81,2003,PDB,False
1n7i,LY1,6.585026652029182,2.80,2003,PDB,False
1o86,LPR,9.568636235841012,2.00,2003,PDB,False
1n4h,REA,6.552841968657781,2.10,2003,PDB,False
1o3l,678,6.537602002101044,1.40,2003,PDB,False
1m2r,MNY,6.455931955649724,1.70,2003,PDB,False
1n7j,IDI,6.431798275933005,2.70,2003,PDB,False
1nax,IH5,6.431798275933005,2.70,2003,PDB,False
1o2o,950,6.356547323513813,1.63,2003,PDB,False
1pbq,DK1,6.267606240177032,1.90,2003,PDB,False
1iy7,CXA,6.1938200260161125,2.00,2003,PDB,False
1o6i,0HZ,3.1870866433571443,1.70,2003,PDB,False
1nc1,MTH,6.1249387366083,2.00,2003,PDB,False
1o2g,696,6.119186407719209,1.58,2003,PDB,False
1m2p,HNA,6.107905397309519,2.00,2003,PDB,False
1o2z,312,6.107905397309519,1.65,2003,PDB,False
1m2q,MNX,6.096910013008056,1.79,2003,PDB,False
1o2n,762,6.0915149811213505,1.50,2003,PDB,False
1nhz,486,6.075720713938118,2.30,2003,PDB,False
1pu7,39A,3.0969100130080562,1.93,2003,PDB,False
1pu8,EA1,3.0969100130080562,2.13,2003,PDB,False
1os0,0PQ,6.031517051446065,2.10,2003,PDB,False
1k27,MTM,9.0,1.95,2003,PDB,False
1p6d,3PC,2.939302159646388,2.00,2003,PDB,False
1j37,X8Z,8.958607314841775,2.40,2003,PDB,False
1nfw,RRR,8.958607314841775,2.10,2003,PDB,False
1nl9,989,5.958607314841775,2.40,2003,PDB,False
1o36,607,5.958607314841775,1.70,2003,PDB,False
1p6e,PC5,2.91721462968355,2.30,2003,PDB,False
1ms0,DAN,2.910094888560602,2.50,2003,PDB,False
1o0h,ADP,5.920818753952375,1.20,2003,PDB,False
1n3i,DIH,8.886056647693163,1.90,2003,PDB,False
1nfy,RTR,8.886056647693163,2.10,2003,PDB,False
1nt1,T76,8.886056647693163,2.00,2003,PDB,False
1ny0,NBF,5.853871964321762,1.75,2003,PDB,False
1o2u,847,5.853871964321762,1.41,2003,PDB,False
1o2v,847,5.853871964321762,1.50,2003,PDB,False
1o2w,847,5.853871964321762,1.38,2003,PDB,False
1o2x,847,5.853871964321762,1.46,2003,PDB,False
1o2y,847,5.853871964321762,1.45,2003,PDB,False
1q54,BHI,5.853871964321762,1.93,2003,PDB,False
1lq2,IDD,8.769551078621726,2.70,2003,PDB,False
1o32,801,5.7447274948966935,1.78,2003,PDB,False
1o33,801,5.7447274948966935,1.46,2003,PDB,False
1o34,801,5.7447274948966935,1.50,2003,PDB,False
1p0y,MLZ,0.9965394678904935,2.55,2003,PDB,False
1nu3,VPR,4.0,1.75,2003,PDB,False
1my4,IWD,6.978810700930062,1.90,2003,PDB,False
1kr3,113,5.0,2.50,2003,PDB,False
3co9,3MS,8.0,2.10,2009,PDB,False
3cwj,321,8.0,2.40,2009,PDB,False
3ezr,EZR,5.0,1.90,2009,PDB,False
3hqy,PF6,7.939302159646388,2.00,2009,PDB,False
3e3b,CCK,7.958607314841775,3.20,2009,PDB,False
3fzr,3JZ,7.958607314841775,2.70,2009,PDB,False
2w70,L22,4.920818753952375,1.77,2009,PDB,False
3dgq,EAA,4.920818753952375,1.60,2009,PDB,False
2w1e,L0E,7.920818753952375,2.93,2009,PDB,False
3fi3,JK2,7.920818753952375,2.20,2009,PDB,False
2wf4,ZY4,7.886056647693163,1.80,2009,PDB,False
3a29,2T0,7.886056647693163,2.60,2009,PDB,False
3e3u,NVC,7.886056647693163,1.56,2009,PDB,False
3i81,EBI,7.886056647693163,2.08,2009,PDB,False
3h3c,P1E,6.853871964321762,2.00,2009,PDB,False
3e51,N35,7.853871964321762,1.90,2009,PDB,False
3eta,351,7.853871964321762,2.60,2009,PDB,False
2w6z,L21,2.8239087409443187,1.90,2009,PDB,False
2v5a,LZL,6.823908740944319,2.31,2009,PDB,False
3dz6,M8E,7.823908740944319,1.83,2009,PDB,False
3ft5,MO8,4.823908740944319,1.90,2009,PDB,False
3h0v,M2T,4.823908740944319,2.24,2009,PDB,False
3fal,LO2,6.782516055786093,2.36,2009,PDB,False
3kba,WOW,7.795880017344075,2.00,2009,PDB,False
3kce,4BY,4.795880017344075,1.90,2009,PDB,False
3et7,349,7.769551078621726,2.70,2009,PDB,False
3hy9,098,7.769551078621726,2.02,2009,PDB,False
3h23,B54,4.714442690992226,2.20,2009,PDB,False
3h21,B52,4.703334809738469,2.32,2009,PDB,False
2wf3,ZY3,7.721246399047171,2.08,2009,PDB,False
3e8n,VRA,7.721246399047171,2.50,2009,PDB,False
3eka,ASC,3.0,3.10,2009,PDB,False
3i0s,RT7,9.0,2.70,2009,PDB,False
2w0d,CGS,8.698970004336019,2.00,2009,PDB,False
3ik3,0LI,8.698970004336019,1.90,2009,PDB,False
3jsi,WTC,8.67778070526608,2.72,2009,PDB,False
3ha6,2JZ,5.6777807052660805,2.36,2009,PDB,False
3f88,3HT,8.638272163982407,2.60,2009,PDB,False
2zis,NH8,8.55284196865778,2.60,2009,PDB,False
3kfc,61X,8.55284196865778,2.40,2009,PDB,False
3hc8,PD4,8.537602002101044,1.79,2009,PDB,False
3fuf,14O,2.6989700043360187,2.60,2009,PDB,False
3fuh,5H1,2.6989700043360187,1.80,2009,PDB,False
3fud,692,2.6989700043360187,2.20,2009,PDB,False
3ex2,6CN,3.6989700043360187,1.55,2009,PDB,False
2zyb,KSL,7.698970004336019,2.55,2009,PDB,False
3eyh,IZA,7.698970004336019,2.00,2009,PDB,False
2w6m,OA1,4.667561540084395,2.00,2009,PDB,False
3fup,MI1,7.663540266151471,2.40,2009,PDB,False
3fhr,P4O,6.6777807052660805,1.90,2009,PDB,False
3h2n,B62,3.672436739812722,2.40,2009,PDB,False
3h2m,B61,3.6675615400843946,2.31,2009,PDB,False
2w12,WR2,4.653647025549361,1.46,2009,PDB,False
3cde,N3H,7.657577319177793,2.10,2009,PDB,False
3dv5,BAV,7.657577319177793,2.10,2009,PDB,False
2w0j,ZAT,6.619788758288394,2.05,2009,PDB,False
3f7u,AG4,6.609064892896621,2.00,2009,PDB,False
2w7x,D1A,7.619788758288394,2.07,2009,PDB,False
3exo,5MS,4.619788758288394,2.10,2009,PDB,False
2w6q,OA5,4.595166283380062,2.05,2009,PDB,False
3h2o,B63,4.586700235918748,2.70,2009,PDB,False
3ejs,HN5,6.6020599913279625,1.35,2009,PDB,False
3eju,HN7,6.6020599913279625,1.32,2009,PDB,False
2wcx,VGC,7.6020599913279625,2.00,2009,PDB,False
3fi2,JK1,7.6020599913279625,2.28,2009,PDB,False
3kfa,B91,7.6020599913279625,1.22,2009,PDB,False
2wf2,ZY2,7.585026652029182,1.80,2009,PDB,False
2wf1,ZY1,8.698970004336019,1.60,2009,PDB,False
3d3p,20A,8.500312917381596,1.75,2009,PDB,False
3gfe,P37,8.494850021680094,2.10,2009,PDB,False
3h0b,B35,5.494850021680094,2.70,2009,PDB,False
3kl6,443,8.455931955649724,1.45,2009,PDB,False
3gs7,8BD,5.443697499232713,1.80,2009,PDB,False
3kai,4FI,5.4089353929735005,1.90,2009,PDB,False
3ft8,MOJ,7.522878745280337,2.00,2009,PDB,False
2vur,YX1,4.522878745280337,2.20,2009,PDB,False
3g4f,FPF,4.522878745280337,2.65,2009,PDB,False
3ksl,SZH,4.522878745280337,2.05,2009,PDB,False
3fcl,3FL,3.5016894462103996,1.70,2009,PDB,False
3h26,B56,4.489454989793388,2.50,2009,PDB,False
3fdn,MMH,7.481486060122112,1.90,2009,PDB,False
2wi2,ZZ3,3.4559319556497243,2.09,2009,PDB,False
2wi3,ZZ3,3.4559319556497243,1.90,2009,PDB,False
3hqw,PF4,7.455931955649724,1.70,2009,PDB,False
3hfj,DZ9,4.443697499232712,2.02,2009,PDB,False
2wfg,ZZB,4.42021640338319,2.20,2009,PDB,False
3igb,454,4.42021640338319,2.24,2009,PDB,False
2w1g,L0G,8.522878745280337,2.71,2009,PDB,False
3h5u,H5U,8.522878745280337,1.95,2009,PDB,False
3i0r,RT3,8.522878745280337,2.98,2009,PDB,False
3ia6,UNT,8.522878745280337,2.31,2009,PDB,False
3e37,ED5,5.392544976785332,1.80,2009,PDB,False
3dpk,8C5,8.387216143280265,1.95,2009,PDB,False
3fc8,IFA,5.3872161432802645,1.85,2009,PDB,False
3hab,677,8.3767507096021,2.10,2009,PDB,False
3h0z,45B,8.366531544420413,2.92,2009,PDB,False
3fcb,IFB,5.309803919971486,1.80,2009,PDB,False
3dz4,C8M,6.3979400086720375,1.84,2009,PDB,False
3hdm,MMG,7.3979400086720375,2.60,2009,PDB,False
3kf7,L9G,7.3979400086720375,2.00,2009,PDB,False
3fcf,FCF,4.3979400086720375,1.84,2009,PDB,False
3itu,IBM,4.3979400086720375,1.58,2009,PDB,False
3eq9,X97,7.3872161432802645,2.47,2009,PDB,False
3fqs,585,7.3872161432802645,2.10,2009,PDB,False
3hhu,819,7.3872161432802645,1.59,2009,PDB,False
3i7g,732,6.366531544420414,1.95,2009,PDB,False
3fw3,ETS,7.366531544420414,1.72,2009,PDB,False
2wot,ZZG,7.356547323513812,1.85,2009,PDB,False
3ejt,HN6,7.356547323513812,1.35,2009,PDB,False
2wih,P48,7.346787486224656,2.50,2009,PDB,False
3coh,83H,8.397940008672037,2.70,2009,PDB,False
3gz9,D32,8.397940008672037,2.00,2009,PDB,False
3k9x,MBM,8.397940008672037,1.90,2009,PDB,False
2w1f,L0F,8.229147988357855,2.85,2009,PDB,False
3h2c,B58,3.3010299956639813,2.60,2009,PDB,False
3hdz,PD6,7.292429823902063,1.80,2009,PDB,False
2w1h,L0F,7.2839966563652006,2.15,2009,PDB,False
3fu0,22F,2.275069085807602,1.80,2009,PDB,False
3fl8,RAR,7.267606240177032,2.29,2009,PDB,False
3dpe,AXB,7.2441251443275085,1.60,2009,PDB,False
3dpf,AXB,7.2441251443275085,2.10,2009,PDB,False
2wi7,2KL,7.236572006437063,2.50,2009,PDB,False
3fyj,B97,8.301029995663981,3.80,2009,PDB,False
3g86,T18,8.301029995663981,2.20,2009,PDB,False
3h5s,H5S,8.301029995663981,2.00,2009,PDB,False
3h98,B5P,8.301029995663981,1.90,2009,PDB,False
3jzf,JZK,5.301029995663981,2.13,2009,PDB,False
3jzi,JZL,5.301029995663981,2.31,2009,PDB,False
2zir,NH7,8.193820026016112,2.40,2009,PDB,False
3kag,4D7,5.180456064458132,1.90,2009,PDB,False
3hac,361,8.173925197299173,2.00,2009,PDB,False
2w6o,OA3,4.216096420727265,2.50,2009,PDB,False
3h0w,N8M,6.221848749616356,1.81,2009,PDB,False
3hvc,GG5,6.221848749616356,2.10,2009,PDB,False
3i7i,518,6.2076083105017466,2.21,2009,PDB,False
2w0x,PD2,3.2041199826559246,2.12,2009,PDB,False
2wo9,068,7.2076083105017466,1.70,2009,PDB,False
3kab,4BL,3.2006594505464183,2.19,2009,PDB,False
3fzt,4JZ,6.195860567664649,1.95,2009,PDB,False
3hdn,GMG,7.200659450546418,3.10,2009,PDB,False
3ig7,EFP,7.200659450546418,1.80,2009,PDB,False
3f7b,AG5,7.1938200260161125,2.05,2009,PDB,False
3f7z,34O,7.187086643357144,2.40,2009,PDB,False
3igg,EFQ,7.1771783546968955,1.80,2009,PDB,False
3jsw,JAR,7.180456064458132,2.30,2009,PDB,False
3h0y,48B,8.221848749616356,2.50,2009,PDB,False
3hhk,77Z,8.221848749616356,1.70,2009,PDB,False
3i28,34N,8.221848749616356,1.95,2009,PDB,False
3dng,AXA,8.130768280269024,2.00,2009,PDB,False
3kad,4C0,5.1249387366083,1.95,2009,PDB,False
3h9o,9BD,7.154901959985743,2.30,2009,PDB,False
3dz2,A8M,4.154901959985743,1.86,2009,PDB,False
2wou,ZZF,7.142667503568731,2.30,2009,PDB,False
3kac,4BX,3.1307682802690238,2.00,2009,PDB,False
2wey,EV1,7.119186407719209,2.80,2009,PDB,False
3fl9,TOP,1.1123826996642638,2.40,2009,PDB,False
3frz,AG0,8.154901959985743,1.86,2009,PDB,False
3i1y,33N,8.154901959985743,2.47,2009,PDB,False
3fpm,793,5.050609993355088,3.30,2009,PDB,False
2wd1,ZZY,7.086186147616283,2.00,2009,PDB,False
3h2f,B60,4.06198090252379,2.20,2009,PDB,False
3h22,B53,5.096910013008056,2.40,2009,PDB,False
2wti,WTI,7.036212172654444,2.50,2009,PDB,False
3gnv,XNZ,7.031517051446065,2.75,2009,PDB,False
3hyg,099,7.031517051446065,1.40,2009,PDB,False
3csl,HEM,7.221848749616356,2.70,2009,PDB,False
3c8e,GSH,4.154901959985743,1.50,2009,PDB,False
2wjg,GDP,7.096910013008056,2.20,2009,PDB,False
2vk2,GZL,6.886056647693163,1.20,2009,PDB,False
3heg,BAX,6.7447274948966935,2.20,2009,PDB,False
3a1c,ACP,4.0,1.85,2009,PDB,False
3imy,B72,9.698970004336019,2.55,2009,PDB,False
3d1v,D1V,3.489454989793388,2.70,2009,PDB,False
3ffu,GTP,6.443697499232713,2.80,2009,PDB,False
3f33,PFL,3.337242168318426,1.70,2009,PDB,False
3f35,DIE,3.161150909262745,1.92,2009,PDB,False
3f34,DIE,3.161150909262745,1.68,2009,PDB,False
3gnw,XNC,9.102372908709558,2.39,2009,PDB,False
3e73,GSH,3.154901959985743,2.80,2009,PDB,False
3a3y,OBN,9.154901959985743,2.80,2009,PDB,False
3img,BZ3,2.958607314841775,1.80,2009,PDB,False
3f36,IP0,2.886056647693163,1.70,2009,PDB,False
3iue,FG3,5.823908740944319,1.73,2009,PDB,False
3ivx,FG6,5.7447274948966935,1.73,2009,PDB,False
3hrf,P47,4.987162775294828,1.90,2009,PDB,False
2wnl,AN5,6.0,2.70,2009,PDB,False
3ime,BZ2,3.0,2.39,2009,PDB,False
3hv8,C2E,6.9821322810364945,1.45,2009,PDB,False
3gkz,B40,8.0,1.90,2009,PDB,False
3gvu,STI,8.0,2.05,2009,PDB,False
3hx3,RET,8.0,1.69,2009,PDB,False
2vxn,PGH,5.0,0.82,2009,PDB,False
3cfn,2AN,5.0,1.87,2009,PDB,False
3imc,BZ3,2.958607314841775,1.60,2009,PDB,False
2weh,FB1,5.948847477552619,2.10,2009,PDB,False
2weo,FBW,6.928117992693875,1.40,2009,PDB,False
3cx9,LPX,4.889410289700751,2.80,2009,PDB,False
3fgc,FMN,3.9208187539523753,2.30,2009,PDB,False
3h9f,92M,7.920818753952375,2.60,2009,PDB,False
3k41,M6D,0.8239087409443188,1.90,2009,PDB,False
3gcp,SB2,7.823908740944319,2.25,2009,PDB,False
3f39,IPH,1.7825160557860937,1.85,2009,PDB,False
3gm0,B41,7.769551078621726,2.40,2009,PDB,False
3fjg,3PG,3.728158393463501,2.20,2009,PDB,False
3fj7,PEQ,3.709965388637482,1.70,2009,PDB,False
2wf5,BG6,6.0,1.30,2009,PDB,False
3iuc,ADP,5.663540266151471,2.40,2009,PDB,False
3a1e,ACP,2.657577319177794,1.95,2009,PDB,False
3f38,2MY,2.619788758288394,1.75,2009,PDB,False
3f37,2MY,2.619788758288394,1.54,2009,PDB,False
3e3c,HHG,5.619788758288394,2.50,2009,PDB,False
2vxa,RBF,5.6020599913279625,2.60,2009,PDB,False
3e6y,CW1,5.6020599913279625,2.50,2009,PDB,False
3kjd,78P,8.537602002101044,1.95,2009,PDB,False
3hy5,RET,7.698970004336019,3.04,2009,PDB,False
3isj,A8D,3.677780705266081,2.20,2009,PDB,False
2w87,GCU,4.653647025549361,1.60,2009,PDB,False
3gfw,S22,7.568636235841013,2.74,2009,PDB,False
3iub,FG2,4.5376020021010435,1.50,2009,PDB,False
3fhb,GAB,5.698970004336019,2.30,2009,PDB,False
3da9,44U,5.508638306165727,1.80,2009,PDB,False
3ga5,RGG,5.494850021680094,1.87,2009,PDB,False
2weg,FBV,6.503070351926785,1.10,2009,PDB,False
3eu5,GBO,7.494850021680094,2.80,2009,PDB,False
3hec,STI,4.468521082957745,2.50,2009,PDB,False
2vx9,RBF,7.443697499232712,1.65,2009,PDB,False
3gp0,NIL,7.443697499232712,1.90,2009,PDB,False
2we3,DUT,4.431798275933005,2.00,2009,PDB,False
2w08,TPO,3.42021640338319,1.70,2009,PDB,False
3hqr,OGA,5.522878745280337,2.00,2009,PDB,False
3ftq,GNP,5.327902142064283,2.90,2009,PDB,False
3eor,CFV,1.3979400086720375,2.90,2009,PDB,False
2w9h,TOP,6.366531544420414,1.48,2009,PDB,False
3gjd,LEU,7.329754146925876,2.00,2009,PDB,False
3kv2,NNH,7.323214969580794,1.55,2009,PDB,False
2wc4,AMF,5.292429823902063,1.70,2009,PDB,False
3ivg,FG5,4.301029995663981,1.95,2009,PDB,False
2vzr,GCU,4.279014255846261,1.95,2009,PDB,False
3a6t,8OG,7.2839966563652006,1.96,2009,PDB,False
3jrs,A8S,4.2839966563652006,2.05,2009,PDB,False
3h78,BE2,4.2441251443275085,1.70,2009,PDB,False
3a1d,ADP,4.1249387366083,1.85,2009,PDB,False
3ivc,FG4,4.1249387366083,2.13,2009,PDB,False
2v57,PRL,7.102372908709558,1.90,2009,PDB,False
3f78,ICF,3.0969100130080562,1.60,2009,PDB,False
2wej,FB2,6.0762380391713,1.45,2009,PDB,False
2wji,GNP,5.017728766960431,1.90,2009,PDB,False
3gus,N11,6.045757490560675,1.53,2009,PDB,False
2wgj,VGH,8.698970004336019,2.00,2009,PDB,False
3iok,1P6,7.958607314841775,2.10,2009,PDB,False
3ggv,GGV,10.853871964321762,3.09,2009,PDB,False
3io7,1P5,7.769551078621726,2.60,2009,PDB,False
3h8c,NSZ,7.721246399047171,2.50,2009,PDB,False
3g35,F13,4.6777807052660805,1.41,2009,PDB,False
3h89,NSX,7.638272163982407,2.50,2009,PDB,False
3vf9,477,8.721246399047171,2.30,2012,PDB,False
4h3c,0YZ,5.721246399047171,1.93,2012,PDB,False
4a6w,5C1,5.721246399047171,1.46,2012,PDB,False
4a6v,IKY,5.721246399047171,1.46,2012,PDB,False
4hbx,14X,5.721246399047171,1.62,2012,PDB,False
4b12,C23,4.991399828238082,1.79,2012,PDB,False
3v5j,0F2,7.962573502059376,2.59,2012,PDB,False
4fhi,0S4,7.0,2.40,2012,PDB,False
3vbv,0FK,5.0,2.08,2012,PDB,False
4g34,924,7.931814138253839,2.70,2012,PDB,False
4ac3,R83,3.958607314841775,2.10,2012,PDB,False
4hv3,19L,3.939302159646388,1.54,2012,PDB,False
3t0m,2CT,3.9355420107730814,1.62,2012,PDB,False
4e93,GUI,6.928117992693875,1.84,2012,PDB,False
3udr,09F,4.958607314841775,1.95,2012,PDB,False
3unj,0BX,4.958607314841775,1.90,2012,PDB,False
4a9i,P9I,4.8996294548824375,2.25,2012,PDB,False
4gsy,0Y5,6.920818753952375,1.71,2012,PDB,False
3rah,O1Z,7.920818753952375,1.75,2012,PDB,False
4ael,4HN,7.920818753952375,2.20,2012,PDB,False
3s00,Z60,4.920818753952375,1.80,2012,PDB,False
3vsw,R31,6.886056647693163,3.00,2012,PDB,False
4ajw,VWN,5.855425792390384,2.80,2012,PDB,False
3uzp,0CK,7.886056647693163,1.94,2012,PDB,False
3v04,V04,7.886056647693163,2.70,2012,PDB,False
4eg4,0OT,7.886056647693163,3.15,2012,PDB,False
4ehr,0Q5,7.886056647693163,2.09,2012,PDB,False
3twj,07R,7.838631997765025,2.90,2012,PDB,False
4d9p,Z17,3.838631997765025,2.26,2012,PDB,False
4edy,9PQ,5.8297382846050425,1.72,2012,PDB,False
3vw6,IM6,7.853871964321762,2.40,2012,PDB,False
4avu,LDR,7.853871964321762,2.40,2012,PDB,False
4fs3,0WE,7.853871964321762,1.80,2012,PDB,False
4e5f,0N7,4.823908740944319,2.39,2012,PDB,False
3vf8,0JE,6.823908740944319,2.08,2012,PDB,False
3sgt,P09,3.8239087409443187,1.85,2012,PDB,False
3vv6,B00,3.8041003475907664,2.05,2012,PDB,False
3uph,0C1,7.823908740944319,2.00,2012,PDB,False
3qqk,X02,4.823908740944319,1.86,2012,PDB,False
3unk,0BY,4.823908740944319,2.10,2012,PDB,False
4hup,19M,4.823908740944319,1.70,2012,PDB,False
4dh6,0KN,7.774690718274137,2.50,2012,PDB,False
3sdk,P3N,6.795880017344075,2.70,2012,PDB,False
4aa5,NQB,7.795880017344075,2.38,2012,PDB,False
3vv8,B02,4.767003889607846,2.50,2012,PDB,False
3vi2,HMZ,3.769551078621726,2.10,2012,PDB,False
4hlc,T05,6.7594507517174005,1.55,2012,PDB,False
3s1h,56Z,4.769551078621726,1.75,2012,PDB,False
3vbx,0FO,4.769551078621726,2.03,2012,PDB,False
3ztx,ZTX,7.735182176990463,1.95,2012,PDB,False
4anx,534,7.7447274948966935,2.73,2012,PDB,False
4anw,O92,7.7447274948966935,2.31,2012,PDB,False
4azy,7F3,6.703334809738469,1.79,2012,PDB,False
3tkm,GW0,9.0,1.95,2012,PDB,False
4dei,0JL,9.0,2.05,2012,PDB,False
3s9i,XI7,5.698970004336019,1.90,2012,PDB,False
3udy,09G,5.698970004336019,2.00,2012,PDB,False
4b13,X25,5.698970004336019,1.58,2012,PDB,False
3s68,TCW,8.657577319177793,1.85,2012,PDB,False
4bbf,O19,8.657577319177793,2.00,2012,PDB,False
3sh0,SAX,5.657577319177793,1.84,2012,PDB,False
4ee0,0O4,8.630784142589857,1.75,2012,PDB,False
4g9c,0WP,8.638272163982407,3.50,2012,PDB,False
4b11,7I1,5.638272163982407,1.59,2012,PDB,False
4b00,I6X,8.61261017366127,1.83,2012,PDB,False
4f65,0S9,8.602059991327963,2.26,2012,PDB,False
3vrt,YS2,8.568636235841012,2.40,2012,PDB,False
4fcb,0T7,8.537602002101044,2.10,2012,PDB,False
3r8v,Z62,5.537602002101044,1.90,2012,PDB,False
4hkk,AGI,5.537602002101044,1.95,2012,PDB,False
4huo,RS8,4.698970004336019,1.52,2012,PDB,False
4e5g,XI7,4.671620396561262,2.65,2012,PDB,False
3sz1,LU2,4.661543506395395,2.30,2012,PDB,False
4anu,EM7,7.6777807052660805,2.81,2012,PDB,False
3qi1,C6A,7.657577319177793,2.30,2012,PDB,False
4hbv,15E,4.638272163982407,1.63,2012,PDB,False
4hej,14D,4.619788758288394,2.00,2012,PDB,False
3udj,092,3.616184634019569,1.80,2012,PDB,False
3vc4,0FS,7.619788758288394,2.23,2012,PDB,False
4avw,G18,7.619788758288394,2.15,2012,PDB,False
4awo,99B,7.619788758288394,1.70,2012,PDB,False
3v01,3V0,7.6020599913279625,2.71,2012,PDB,False
4anm,WUL,7.552841968657781,1.70,2012,PDB,False
4dem,YS4,7.552841968657781,1.85,2012,PDB,False
4dhf,0K6,7.552841968657781,2.80,2012,PDB,False
4h5d,YS4,7.552841968657781,2.02,2012,PDB,False
4h5c,YS4,7.552841968657781,2.02,2012,PDB,False
3vby,0FR,4.552841968657781,2.27,2012,PDB,False
4d8c,BXD,8.698970004336019,2.07,2012,PDB,False
4aa7,R82,5.698970004336019,2.00,2012,PDB,False
4h4m,494,8.522878745280337,2.85,2012,PDB,False
4h2o,0YW,5.522878745280337,2.14,2012,PDB,False
3uol,0C7,8.508638306165727,2.40,2012,PDB,False
3qtq,X35,5.508638306165727,1.80,2012,PDB,False
3qts,X46,5.508638306165727,1.90,2012,PDB,False
3sgx,0FW,5.494850021680094,2.45,2012,PDB,False
3vp1,04A,5.481486060122113,2.30,2012,PDB,False
3t3y,MD6,5.468521082957745,2.00,2012,PDB,False
4fli,Y16,5.444905551421681,1.55,2012,PDB,False
4bbe,3O4,8.443697499232712,1.90,2012,PDB,False
4hv7,19J,3.5228787452803374,1.87,2012,PDB,False
3t0l,1CT,4.522878745280337,1.60,2012,PDB,False
4af3,VX6,7.508638306165727,2.75,2012,PDB,False
4hni,16W,7.494850021680094,2.74,2012,PDB,False
3udk,095,4.494850021680094,2.51,2012,PDB,False
3vbg,03M,7.481486060122112,2.80,2012,PDB,False
3s0o,50Z,4.481486060122113,2.00,2012,PDB,False
3udm,09A,4.481486060122113,1.94,2012,PDB,False
4h71,PXE,4.44891613481422,1.93,2012,PDB,False
4aa0,AA0,7.455931955649724,1.80,2012,PDB,False
4fhh,0U3,7.455931955649724,2.33,2012,PDB,False
3sgv,2BJ,4.455931955649724,1.61,2012,PDB,False
4deb,NHJ,6.430626090384954,3.05,2012,PDB,False
4d8a,0HY,3.424812155072339,2.18,2012,PDB,False
3vqu,O22,7.431798275933005,2.40,2012,PDB,False
4aq3,398,7.431798275933005,2.40,2012,PDB,False
3vbt,0F9,4.431798275933005,2.23,2012,PDB,False
4afj,SJJ,6.400116927926312,1.98,2012,PDB,False
3umw,596,8.522878745280337,2.08,2012,PDB,False
3rk5,07Z,5.3979400086720375,2.00,2012,PDB,False
3vjt,10R,5.3872161432802645,2.00,2012,PDB,False
4el9,AFE,5.359518563029578,1.55,2012,PDB,False
4hby,13F,5.356547323513812,1.59,2012,PDB,False
3v3v,MYU,5.337242168318426,2.70,2012,PDB,False
3vv7,0B1,5.337242168318426,2.10,2012,PDB,False
3sdi,3SD,8.327902142064282,2.65,2012,PDB,False
3rpy,27Z,5.318758762624412,1.90,2012,PDB,False
3sqq,99Z,5.318758762624412,1.85,2012,PDB,False
4h2j,0YU,5.318758762624412,1.81,2012,PDB,False
4ahs,AKH,2.193820026016113,1.75,2012,PDB,False
4ahr,I2E,2.1870866433571443,1.90,2012,PDB,False
4g0l,GSH,5.187086643357144,2.62,2012,PDB,False
4g8n,G8M,7.200659450546418,2.30,2012,PDB,False
3tsk,QEG,7.173925197299173,2.00,2012,PDB,False
4aci,CIT,2.221848749616356,1.65,2012,PDB,False
2yi0,YI0,8.1249387366083,1.60,2012,PDB,False
4f1l,0RY,5.119186407719209,1.90,2012,PDB,False
4aze,3RA,8.10790539730952,3.15,2012,PDB,False
4abh,7Z3,4.1487416512809245,1.25,2012,PDB,False
3ttp,017,9.1249387366083,2.23,2012,PDB,False
4ajk,88S,3.113509274827518,2.03,2012,PDB,False
4aj1,AJ1,3.113509274827518,1.87,2012,PDB,False
3v4t,UD1,4.113509274827518,2.50,2012,PDB,False
3udd,34M,7.102372908709558,1.95,2012,PDB,False
4eo8,0S3,8.154901959985743,1.80,2012,PDB,False
2yfa,LMR,5.070581074285707,1.80,2012,PDB,False
4f8j,HC4,5.0655015487564325,1.60,2012,PDB,False
4emf,M7G,7.0762380391713,1.77,2012,PDB,False
4agq,P96,5.013228265733755,1.42,2012,PDB,False
4a7i,A7I,8.698970004336019,2.40,2012,PDB,False
4djr,0KJ,11.522878745280337,1.55,2012,PDB,False
4aoi,4K0,8.397940008672037,1.90,2012,PDB,False
4ap7,F47,7.958607314841775,1.80,2012,PDB,False
3utu,1TS,10.920818753952375,1.55,2012,PDB,False
4gid,0GH,10.769551078621726,2.00,2012,PDB,False
4ase,AV9,11.0,1.83,2012,PDB,False
4tju,CNQ,5.443697499232713,1.57,2014,PDB,False
4cqe,CQE,8.431798275933005,2.30,2014,PDB,False
4lwt,20Q,5.4089353929735005,1.60,2014,PDB,False
4m3d,2H2,5.4089353929735005,1.90,2014,PDB,False
4mw4,2EB,6.5003129173815966,2.50,2014,PDB,False
4d2w,NF5,4.508638306165727,1.92,2014,PDB,False
4ok5,2T2,4.508638306165727,2.15,2014,PDB,False
4mwb,2EK,6.489454989793388,2.31,2014,PDB,False
4myq,19T,7.494850021680094,1.90,2014,PDB,False
4tk5,UHB,7.494850021680094,2.02,2014,PDB,False
4w7p,3J7,7.494850021680094,2.80,2014,PDB,False
4mra,QUE,4.474955192963154,2.34,2014,PDB,False
4n7e,2JQ,6.481486060122113,2.70,2014,PDB,False
4nat,2W5,6.481486060122113,1.72,2014,PDB,False
3wf6,FZ9,7.481486060122112,2.03,2014,PDB,False
4bhf,MZT,3.4647058799572297,2.05,2014,PDB,False
4nrq,PD2,3.459420283495546,2.50,2014,PDB,False
4npv,0NK,7.455931955649724,2.40,2014,PDB,False
4ohp,2TJ,7.455931955649724,2.40,2014,PDB,False
4urn,NOV,4.455931955649724,2.30,2014,PDB,False
4qtc,38Z,6.400116927926312,1.40,2014,PDB,False
4l2x,YL2,7.4089353929735005,2.55,2014,PDB,False
4mw0,392,7.4089353929735005,2.20,2014,PDB,False
4tlr,33H,8.522878745280337,1.86,2014,PDB,False
4uwh,JXM,8.522878745280337,1.93,2014,PDB,False
4wcu,3KQ,8.522878745280337,2.35,2014,PDB,False
4qyg,3DW,8.387216143280265,1.75,2014,PDB,False
4umq,B5S,5.376750709602099,2.60,2014,PDB,False
4c1d,X8Z,5.356547323513812,1.20,2014,PDB,False
4pyq,2X1,5.356547323513812,1.39,2014,PDB,False
4wgi,3M6,5.346787486224656,1.85,2014,PDB,False
4o78,SAV,5.337242168318426,1.34,2014,PDB,False
4m7y,2GH,5.318758762624412,1.80,2014,PDB,False
4csj,NN7,8.309803919971486,2.30,2014,PDB,False
4m3f,2D1,5.309803919971486,2.00,2014,PDB,False
4rfz,3OV,7.3979400086720375,1.17,2014,PDB,False
4clz,4DS,4.366531544420414,1.90,2014,PDB,False
4qrc,0LI,6.3448615651886175,1.90,2014,PDB,False
4mw5,415,7.346787486224656,2.35,2014,PDB,False
4pm0,32V,7.346787486224656,2.10,2014,PDB,False
4j8m,CJ5,7.318758762624412,1.85,2014,PDB,False
4rrn,3UW,7.318758762624412,1.80,2014,PDB,False
4nah,2VJ,6.309803919971486,2.38,2014,PDB,False
3wk8,S0E,4.309803919971486,2.20,2014,PDB,False
4nw6,2NS,8.397940008672037,1.74,2014,PDB,False
4px6,2X6,8.397940008672037,1.60,2014,PDB,False
4ra5,3L0,8.397940008672037,2.61,2014,PDB,False
4uyn,Y3M,8.397940008672037,1.90,2014,PDB,False
4n1u,2GE,8.301029995663981,1.60,2014,PDB,False
4wn1,3SJ,8.292429823902063,3.13,2014,PDB,False
4l1a,AB1,8.26841123481326,1.90,2014,PDB,False
4o7e,2RN,5.2441251443275085,1.85,2014,PDB,False
4mh7,MH7,5.229147988357856,2.51,2014,PDB,False
4url,XAM,6.301029995663981,2.29,2014,PDB,False
4ojq,2SX,3.3010299956639813,2.25,2014,PDB,False
4rg0,3P0,7.301029995663981,2.50,2014,PDB,False
4cqf,9Z8,4.301029995663981,2.30,2014,PDB,False
4pf3,HFN,7.292429823902063,1.10,2014,PDB,False
4bgk,RTK,6.2839966563652006,2.18,2014,PDB,False
4lmu,QUE,7.259637310505756,2.38,2014,PDB,False
4q9z,PZW,7.259637310505756,2.60,2014,PDB,False
3wf9,FS7,6.246416941107094,2.04,2014,PDB,False
4mvx,C13,7.2441251443275085,2.55,2014,PDB,False
4od9,2RZ,7.236572006437063,1.90,2014,PDB,False
4kcg,1QC,8.301029995663981,2.09,2014,PDB,False
4nus,2NK,8.301029995663981,2.39,2014,PDB,False
4ohk,2TE,8.301029995663981,2.80,2014,PDB,False
4olh,2TO,8.301029995663981,2.40,2014,PDB,False
4qo4,35S,8.301029995663981,1.70,2014,PDB,False
4wki,3PW,8.301029995663981,1.60,2014,PDB,False
3wk6,S0B,5.200659450546418,2.10,2014,PDB,False
4mk0,29X,5.200659450546418,2.40,2014,PDB,False
4mxc,DWF,8.173925197299173,1.63,2014,PDB,False
3wkb,S0I,4.214670164989233,2.20,2014,PDB,False
4nrm,FLC,3.2021095169416514,2.17,2014,PDB,False
4wz8,3W7,7.2076083105017466,2.23,2014,PDB,False
4wbo,ANW,4.199970640755866,2.81,2014,PDB,False
4p90,2K0,7.1938200260161125,2.49,2014,PDB,False
4py1,2YK,7.1938200260161125,2.16,2014,PDB,False
4obq,2QT,7.187086643357144,2.19,2014,PDB,False
4fc0,0T2,7.161150909262744,2.95,2014,PDB,False
4qgf,32B,7.161150909262744,1.83,2014,PDB,False
3whw,RUX,8.221848749616356,2.70,2014,PDB,False
4lwv,20W,8.221848749616356,2.32,2014,PDB,False
4u0i,0LI,8.221848749616356,2.00,2014,PDB,False
4pce,2N0,5.154901959985743,1.29,2014,PDB,False
4c1g,MCO,5.142667503568732,1.71,2014,PDB,False
3wk4,S0A,5.130768280269024,2.11,2014,PDB,False
4l7c,1VW,5.130768280269024,2.40,2014,PDB,False
4pci,2NJ,5.1249387366083,1.25,2014,PDB,False
4puz,CG9,8.113509274827518,2.08,2014,PDB,False
3wk9,S0F,4.154901959985743,2.20,2014,PDB,False
4ok3,2SY,4.1487416512809245,2.30,2014,PDB,False
4jlj,1NM,6.127435856909348,2.00,2014,PDB,False
4wk7,3PQ,7.130768280269024,1.24,2014,PDB,False
4r5n,3J9,7.119186407719209,1.80,2014,PDB,False
4rj6,3R0,7.119186407719209,2.70,2014,PDB,False
4ia0,5BB,7.113509274827518,2.17,2014,PDB,False
4obo,2QV,7.113509274827518,2.10,2014,PDB,False
4uyd,V1T,4.100015437450609,1.37,2014,PDB,False
4lxb,7R9,8.154901959985743,1.61,2014,PDB,False
4ona,UW1,8.154901959985743,2.40,2014,PDB,False
4uwf,EUT,8.154901959985743,2.99,2014,PDB,False
4uwg,RBQ,8.154901959985743,2.70,2014,PDB,False
4twd,377,5.080921907623926,3.20,2014,PDB,False
4cfx,G6T,5.060480747381382,3.50,2014,PDB,False
4c1h,X8Z,4.094743951251549,1.10,2014,PDB,False
4p75,2NM,4.096910013008056,2.96,2014,PDB,False
3wf5,FZ8,7.0915149811213505,2.10,2014,PDB,False
4p72,2NL,4.086186147616283,2.62,2014,PDB,False
4v25,SZ6,7.075720713938118,2.60,2014,PDB,False
4oc6,2S1,7.070581074285707,2.64,2014,PDB,False
4nwm,2P5,8.096910013008056,2.03,2014,PDB,False
4oq3,2V8,8.096910013008056,2.30,2014,PDB,False
4p10,2B8,8.096910013008056,2.00,2014,PDB,False
4u44,3D9,8.096910013008056,2.43,2014,PDB,False
4ogv,2U7,8.045757490560675,2.20,2014,PDB,False
4n00,2EX,8.022276394711152,1.80,2014,PDB,False
4rlk,E91,5.022276394711152,1.24,2014,PDB,False
4rll,E91,5.022276394711152,1.85,2014,PDB,False
4l7r,M00,5.017728766960431,2.20,2014,PDB,False
4bhi,RUJ,7.045757490560675,2.15,2014,PDB,False
3ws9,X4D,7.036212172654444,2.99,2014,PDB,False
4tpt,35H,7.036212172654444,2.60,2014,PDB,False
4rj3,3QS,7.031517051446065,1.63,2014,PDB,False
4mw9,2EJ,7.017728766960431,2.65,2014,PDB,False
4uzh,JVE,5.008773924307505,2.00,2014,PDB,False
4pmt,31Y,6.001304841688344,2.10,2014,PDB,False
4urm,XAM,8.045757490560675,2.94,2014,PDB,False
4qyy,3G7,7.301029995663981,1.65,2014,PDB,False
4mo4,ACP,4.221848749616356,1.67,2014,PDB,False
4ncm,704,7.0,2.82,2014,PDB,False
4cg8,G8S,6.958607314841775,1.75,2014,PDB,False
4u0e,1B0,6.920818753952375,2.04,2014,PDB,False
4nzo,2OV,6.769551078621726,1.90,2014,PDB,False
4o0a,2P9,6.721246399047171,1.20,2014,PDB,False
4m13,1E0,6.698970004336019,1.85,2014,PDB,False
4m14,QWS,6.698970004336019,1.55,2014,PDB,False
4mg8,27J,6.481486060122113,1.85,2014,PDB,False
4m0y,M0Y,6.455931955649724,1.70,2014,PDB,False
4d3h,2BA,6.431798275933005,2.00,2014,PDB,False
4qnu,GEK,6.3979400086720375,2.60,2014,PDB,False
4mg7,27H,6.356547323513813,2.15,2014,PDB,False
4nbl,2J6,6.327902142064283,1.76,2014,PDB,False
3wha,WHA,9.318758762624412,1.30,2014,PDB,False
4mgc,27M,6.318758762624412,2.15,2014,PDB,False
4cga,QLW,6.3979400086720375,1.74,2014,PDB,False
4lj5,ADP,6.292429823902063,2.40,2014,PDB,False
4n7u,2JA,6.292429823902063,1.46,2014,PDB,False
4np3,2L2,3.3010299956639813,1.61,2014,PDB,False
4cg9,GQG,6.2076083105017466,1.83,2014,PDB,False
4q6e,KR5,6.175874166083451,1.12,2014,PDB,False
3w9r,A8S,6.180456064458132,1.90,2014,PDB,False
4kxl,6C6,6.221848749616356,1.69,2014,PDB,False
4msl,2ET,6.154901959985743,2.70,2014,PDB,False
4kxn,6K6,6.096910013008056,1.90,2014,PDB,False
4qxr,1YE,6.00436480540245,2.37,2014,PDB,False
4m12,1YZ,6.045757490560675,2.15,2014,PDB,False
4mrg,24W,2.958607314841775,1.69,2014,PDB,False
4cki,ADN,5.958607314841775,2.12,2014,PDB,False
4csd,MFU,5.910094888560602,1.35,2014,PDB,False
4u0f,3A8,5.920818753952375,2.22,2014,PDB,False
4cfl,8DQ,5.876148359032914,1.32,2014,PDB,False
4mga,27L,5.863279432843593,1.80,2014,PDB,False
4rww,2BA,5.853871964321762,1.60,2014,PDB,False
4lj8,ADP,5.823908740944319,2.10,2014,PDB,False
4rqk,R1S,5.823908740944319,1.55,2014,PDB,False
4ndu,AMG,2.744727494896694,1.30,2014,PDB,False
4qxq,1YE,5.701146923590294,2.42,2014,PDB,False
4c3k,ADP,4.97469413473523,3.10,2014,PDB,False
4ozl,AMP,4.97469413473523,1.49,2014,PDB,False
4ibc,12G,2.979224511806442,1.75,2014,PDB,False
4ibg,1D6,3.96657624451305,1.41,2014,PDB,False
4nj9,2M9,6.966576244513051,1.95,2014,PDB,False
4qsu,TDR,2.0,1.90,2014,PDB,False
4qsv,THM,2.0,1.90,2014,PDB,False
4oi6,CIT,5.0,2.04,2014,PDB,False
4mrf,2CK,1.9507819773298183,1.55,2014,PDB,False
4p4s,GCP,4.939302159646388,3.30,2014,PDB,False
4qht,ANP,4.939302159646388,2.56,2014,PDB,False
4rpn,PCI,6.958607314841775,2.27,2014,PDB,False
4ce3,L4V,3.958607314841775,2.31,2014,PDB,False
4k10,NI9,6.922632094715843,2.30,2014,PDB,False
4r7m,3MW,7.958607314841775,2.85,2014,PDB,False
4mrh,2CQ,1.899629454882437,1.12,2014,PDB,False
4n9c,2ZM,3.899629454882437,1.75,2014,PDB,False
4wvl,3US,6.882728704344236,2.41,2014,PDB,False
4k43,1PO,6.87942606879415,2.90,2014,PDB,False
4rvr,3WQ,6.866461091629782,1.98,2014,PDB,False
4nbk,2J5,3.8664610916297826,1.94,2014,PDB,False
4m8e,29V,7.886056647693163,2.40,2014,PDB,False
4l9i,8PR,4.886056647693163,2.32,2014,PDB,False
4pnu,2VD,4.886056647693163,1.90,2014,PDB,False
4ckj,ADN,4.844663962534939,1.65,2014,PDB,False
4m5j,YH5,4.838631997765025,1.70,2014,PDB,False
4kif,PPY,4.835647144215563,2.50,2014,PDB,False
4uof,DAT,4.835647144215563,2.10,2014,PDB,False
4ce2,BO5,3.8416375079047502,2.38,2014,PDB,False
4ovh,2VE,4.853871964321762,2.25,2014,PDB,False
4k7i,CAQ,2.8239087409443187,2.25,2014,PDB,False
4mmm,BP7,3.8239087409443187,1.47,2014,PDB,False
4ci3,Y70,6.805208242278075,3.50,2014,PDB,False
4qem,HC4,7.795880017344075,1.20,2014,PDB,False
4lzs,L46,4.795880017344075,2.20,2014,PDB,False
4lov,KGM,7.767003889607846,1.50,2014,PDB,False
4k8o,ATP,3.769551078621726,2.65,2014,PDB,False
4muv,PCG,5.7617029321246065,1.25,2014,PDB,False
4ci2,LVY,6.7500682433658055,2.95,2014,PDB,False
4uoh,ADP,4.769551078621726,2.01,2014,PDB,False
4m5l,YH4,4.723538195826756,1.09,2014,PDB,False
4mp7,PFT,5.738261452647462,1.80,2014,PDB,False
4qsx,38S,1.7447274948966938,1.93,2014,PDB,False
4m5m,DX4,4.7447274948966935,1.12,2014,PDB,False
4cu1,71S,4.7121982700697735,1.89,2014,PDB,False
4mmp,SLB,7.705533773838407,1.57,2014,PDB,False
4d1a,I5H,4.721246399047171,3.40,2014,PDB,False
4mg9,27K,5.675717544702307,2.00,2014,PDB,False
4ncn,GTP,5.673664139071248,1.87,2014,PDB,False
4c52,X0D,5.6777807052660805,2.05,2014,PDB,False
3wig,CHU,8.638272163982407,2.70,2014,PDB,False
4mg6,27G,5.616184634019569,2.10,2014,PDB,False
4my6,3VH,5.619788758288394,1.70,2014,PDB,False
4up5,94W,2.6020599913279625,1.65,2014,PDB,False
4qf7,C0R,8.602059991327963,1.48,2014,PDB,False
4kxm,6IA,5.585026652029182,2.24,2014,PDB,False
4ll3,017,11.568636235841012,1.95,2014,PDB,False
4mgd,27N,4.69486368105636,1.90,2014,PDB,False
4mue,2DH,6.698970004336019,2.06,2014,PDB,False
4lzr,LOC,4.698970004336019,1.85,2014,PDB,False
4oru,PEU,3.677780705266081,1.55,2014,PDB,False
4ibd,1DL,3.6683702823700677,1.84,2014,PDB,False
4cig,X0P,3.669586226650809,1.70,2014,PDB,False
4qsw,38T,1.6777807052660807,1.80,2014,PDB,False
4rpo,T6C,7.642065152999546,1.95,2014,PDB,False
4qev,31O,7.657577319177793,1.80,2014,PDB,False
4lyw,21Q,6.6252516539898965,1.95,2014,PDB,False
4mpn,PV0,6.621602099051862,1.75,2014,PDB,False
4myh,GSH,4.638272163982407,3.38,2014,PDB,False
4ci1,EF2,6.603451962012868,2.98,2014,PDB,False
4c1y,MFB,3.600326278518962,2.23,2014,PDB,False
4cjq,VXO,3.5917600346881504,1.70,2014,PDB,False
4m8h,R4M,7.6020599913279625,2.20,2014,PDB,False
4ck3,K1T,3.571865205971211,1.79,2014,PDB,False
4cu7,GIF,7.585026652029182,2.20,2014,PDB,False
4ibb,1DK,3.5675117442294937,1.75,2014,PDB,False
4lbu,1WJ,6.559090917934782,1.17,2014,PDB,False
4nym,RND,3.5543957967264026,3.55,2014,PDB,False
4pmm,31V,7.568636235841013,2.00,2014,PDB,False
4k42,NWM,6.54515513999149,2.90,2014,PDB,False
4og3,2S6,6.54515513999149,2.01,2014,PDB,False
4leq,1WK,6.540607512240769,1.41,2014,PDB,False
4myd,164,4.552841968657781,1.37,2014,PDB,False
4orx,PEU,3.5272435506827877,1.60,2014,PDB,False
4ory,PEU,3.5272435506827877,1.80,2014,PDB,False
4qer,STL,7.5376020021010435,1.20,2014,PDB,False
4m5h,YH2,4.5376020021010435,1.11,2014,PDB,False
4d1c,B5H,5.698970004336019,3.70,2014,PDB,False
4qxo,1YE,5.505845405981558,1.88,2014,PDB,False
4nni,VGL,5.504455662453552,2.64,2014,PDB,False
4pf5,M3N,5.481486060122113,2.04,2014,PDB,False
4n6g,2GQ,5.468521082957745,2.14,2014,PDB,False
4mgb,XDH,5.435333935747911,1.85,2014,PDB,False
4tun,MVH,5.412289034981089,1.93,2014,PDB,False
4trc,ADE,4.522878745280337,2.40,2014,PDB,False
4qf8,SPD,7.508638306165727,1.65,2014,PDB,False
4nyj,2PZ,3.492144128304169,2.85,2014,PDB,False
4w9w,YDJ,7.480172006224281,1.72,2014,PDB,False
4k7n,MCT,3.4814860601221125,2.30,2014,PDB,False
4oks,2T9,4.481486060122113,2.25,2014,PDB,False
4mq6,29W,6.468521082957745,1.70,2014,PDB,False
4jzb,P2H,6.465339424171556,1.90,2014,PDB,False
4g2r,H1L,4.446116973356125,2.28,2014,PDB,False
4tz2,39R,3.4559319556497243,1.70,2014,PDB,False
4mp2,PV1,5.447331783887806,1.75,2014,PDB,False
4or0,NPS,7.455931955649724,2.58,2014,PDB,False
4ibf,1D5,4.434152181326483,2.29,2014,PDB,False
4d1b,5FH,4.443697499232712,3.80,2014,PDB,False
4qgd,PZZ,7.431798275933005,1.80,2014,PDB,False
4usi,AKG,4.410050398674293,1.45,2014,PDB,False
4wt2,3UD,10.42021640338319,1.42,2014,PDB,False
4cc5,L5V,4.42021640338319,1.88,2014,PDB,False
4p5z,Q7M,7.405607449624573,2.00,2014,PDB,False
4w9x,3JW,7.400116927926312,2.14,2014,PDB,False
3wgg,8NA,4.399027104313252,2.10,2014,PDB,False
4je7,BB2,6.403402904373539,2.10,2014,PDB,False
4c5d,X0R,5.3979400086720375,2.30,2014,PDB,False
4p4t,GDP,4.3872161432802645,2.30,2014,PDB,False
4mpe,PV8,6.370590400897281,1.95,2014,PDB,False
4q6d,WW3,7.361510743045363,1.12,2014,PDB,False
4r91,3KT,6.366531544420414,1.58,2014,PDB,False
4p4i,2G5,7.455931955649724,1.87,2015,PDB,False
4rx8,3YX,7.455931955649724,1.59,2015,PDB,False
4zsr,4RY,4.442492798094342,1.65,2015,PDB,False
5al2,O53,6.443697499232712,1.90,2015,PDB,False
4x2l,3WP,4.443697499232712,2.55,2015,PDB,False
4rse,A6V,6.402304814074488,2.39,2015,PDB,False
5afl,FHV,3.4001169279263124,2.35,2015,PDB,False
5bot,4UM,4.4089353929735005,1.85,2015,PDB,False
4rpv,3UR,8.522878745280337,3.05,2015,PDB,False
4rx5,3YO,8.522878745280337,1.36,2015,PDB,False
4yzc,STU,8.522878745280337,2.49,2015,PDB,False
4zom,4Q3,8.522878745280337,2.27,2015,PDB,False
3wyx,O38,8.366531544420413,2.90,2015,PDB,False
4y2b,EPK,8.356547323513812,2.20,2015,PDB,False
5dls,5CV,8.356547323513812,2.15,2015,PDB,False
5es1,5RC,8.337242168318426,2.80,2015,PDB,False
4x6k,3XR,5.3124710387853655,1.94,2015,PDB,False
5a3u,R8J,8.318758762624412,3.30,2015,PDB,False
5ai6,4XH,4.395881993807965,2.30,2015,PDB,False
4r1y,3EH,6.3979400086720375,2.00,2015,PDB,False
5cf4,50Y,7.3979400086720375,2.38,2015,PDB,False
4zh3,4OD,4.3979400086720375,4.08,2015,PDB,False
4rvl,3XL,7.379863945026242,1.85,2015,PDB,False
5akw,NKI,6.3872161432802645,2.07,2015,PDB,False
4x7j,3Z1,7.3872161432802645,2.30,2015,PDB,False
4x7h,3Z2,7.376750709602099,2.00,2015,PDB,False
5afj,42R,4.376750709602099,2.22,2015,PDB,False
5alv,6TZ,4.361710464585743,1.80,2015,PDB,False
4ucu,8HC,3.3496924768680634,2.10,2015,PDB,False
5clm,52K,7.356547323513812,2.61,2015,PDB,False
3wpn,B4S,4.356547323513813,2.80,2015,PDB,False
4yuy,1SQ,3.337242168318426,1.58,2015,PDB,False
4v0i,J82,6.329754146925876,2.54,2015,PDB,False
4tn4,33G,6.327902142064283,2.20,2015,PDB,False
5d1j,56H,7.318758762624412,1.80,2015,PDB,False
5aic,TGX,4.304518323509803,1.89,2015,PDB,False
4zla,BES,7.30189945437661,1.90,2015,PDB,False
5c7a,4YE,3.305394801066431,2.36,2015,PDB,False
4x7k,3Z3,8.397940008672037,1.80,2015,PDB,False
4z3v,4L6,8.397940008672037,1.60,2015,PDB,False
5ccm,4ZX,8.397940008672037,2.30,2015,PDB,False
5a85,78J,5.300162274132754,1.72,2015,PDB,False
4wy1,3VO,5.292429823902063,1.98,2015,PDB,False
4yzm,4K4,5.269217724333611,3.00,2015,PDB,False
5akz,6NX,5.260427655549908,2.18,2015,PDB,False
4uvy,SGW,8.259637310505756,1.95,2015,PDB,False
5ap0,AU5,8.259637310505756,2.15,2015,PDB,False
5c7c,4YC,5.259637310505756,2.32,2015,PDB,False
5d6q,57V,5.236572006437063,1.50,2015,PDB,False
4ptg,2WG,8.229147988357855,2.36,2015,PDB,False
4qp7,363,5.229147988357856,2.25,2015,PDB,False
4uix,TVU,7.300162274132754,1.58,2015,PDB,False
4yfi,4CW,6.301029995663981,2.70,2015,PDB,False
5ar5,IQ7,6.301029995663981,2.66,2015,PDB,False
4uiw,H1B,7.301029995663981,1.73,2015,PDB,False
5ap7,SVE,6.292429823902063,2.45,2015,PDB,False
4xxs,SI5,7.2839966563652006,1.86,2015,PDB,False
4y2s,49P,4.2839966563652006,2.30,2015,PDB,False
5a6n,U7E,4.2839966563652006,1.70,2015,PDB,False
4yv0,4JW,3.275724130399211,1.95,2015,PDB,False
5al1,GN5,4.275724130399211,1.75,2015,PDB,False
5cxz,55U,6.258060922270801,1.70,2015,PDB,False
4y29,CTI,6.247183568811728,1.98,2015,PDB,False
4s3f,43W,6.236572006437063,1.70,2015,PDB,False
4y2u,49R,3.2365720064370627,2.75,2015,PDB,False
3wzk,O23,7.236572006437063,2.30,2015,PDB,False
4y87,49E,7.236572006437063,3.10,2015,PDB,False
5ak4,GVG,4.22767829327708,1.79,2015,PDB,False
4rx7,3YV,8.301029995663981,1.80,2015,PDB,False
4xhk,3YR,8.301029995663981,1.90,2015,PDB,False
5a0b,JJX,8.301029995663981,2.23,2015,PDB,False
5cxh,55M,8.301029995663981,1.90,2015,PDB,False
5c4o,4F1,8.214670164989233,2.24,2015,PDB,False
5aia,KWB,5.202871012203447,2.26,2015,PDB,False
4zs3,A4F,5.183758700008217,2.45,2015,PDB,False
3wzj,O43,8.18045606445813,2.75,2015,PDB,False
4xct,N73,8.173925197299173,1.30,2015,PDB,False
5diq,5B9,5.167491087293763,2.10,2015,PDB,False
4tmr,99S,7.221848749616356,2.70,2015,PDB,False
4zh4,4OE,4.221848749616356,3.99,2015,PDB,False
4ucs,9MJ,4.214670164989233,1.90,2015,PDB,False
5fdd,4P8,4.198596289982645,2.51,2015,PDB,False
4tww,3A7,4.200659450546418,2.42,2015,PDB,False
5dde,5A0,7.187086643357144,1.78,2015,PDB,False
5ddf,5A1,6.17134010346468,1.66,2015,PDB,False
4x7n,3Z5,8.221848749616356,2.35,2015,PDB,False
5alw,JQN,5.151810883008602,2.20,2015,PDB,False
5djp,5BJ,5.1487416512809245,2.40,2015,PDB,False
4rlp,72B,8.136677139879543,2.79,2015,PDB,False
4qms,1N1,5.130768280269024,1.88,2015,PDB,False
5c7d,4YF,5.113509274827518,2.25,2015,PDB,False
5ar8,XYW,8.102372908709558,2.79,2015,PDB,False
4p4j,2H9,6.154901959985743,1.66,2015,PDB,False
5afm,9Z0,4.154901959985743,2.85,2015,PDB,False
5al5,JL9,7.1487416512809245,2.05,2015,PDB,False
4xjt,41Z,5.142667503568732,2.60,2015,PDB,False
4r5w,XAV,7.130181792020672,2.84,2015,PDB,False
4pte,2WF,7.130768280269024,2.03,2015,PDB,False
4uct,5U1,3.115204636051019,2.10,2015,PDB,False
4xjs,733,7.119186407719209,2.80,2015,PDB,False
4s3e,0CG,6.113509274827518,1.35,2015,PDB,False
5dd9,59K,6.108462542327436,1.62,2015,PDB,False
4qt1,3C9,8.154901959985743,2.40,2015,PDB,False
4x3u,SVR,5.0915149811213505,1.63,2015,PDB,False
5cf6,50O,8.086186147616283,2.50,2015,PDB,False
4z2h,M6A,5.080921907623926,2.35,2015,PDB,False
5ak3,XM0,5.071092309756048,2.28,2015,PDB,False
4yab,4CN,5.070581074285707,1.90,2015,PDB,False
5auw,QUE,5.050609993355088,1.50,2015,PDB,False
4y2j,49G,3.0969100130080562,2.15,2015,PDB,False
4ryc,3ZK,7.096910013008056,2.45,2015,PDB,False
5ddb,59Q,7.086186147616283,1.54,2015,PDB,False
4yv1,4K2,3.0809219076239263,1.85,2015,PDB,False
4xdo,OGA,4.075720713938118,1.97,2015,PDB,False
5a5z,WJZ,4.075720713938118,2.60,2015,PDB,False
4wnp,3RJ,8.096910013008056,1.88,2015,PDB,False
4xy2,490,8.096910013008056,2.03,2015,PDB,False
4yuz,4JV,5.040958607678906,1.97,2015,PDB,False
4y6s,48S,5.031517051446065,2.10,2015,PDB,False
4yat,4A8,5.031517051446065,2.18,2015,PDB,False
4w4s,B29,5.022276394711152,2.00,2015,PDB,False
5am2,KUF,5.01390037494487,1.70,2015,PDB,False
5d1s,56Q,5.017728766960431,2.10,2015,PDB,False
4xg6,X6G,8.013228265733755,2.40,2015,PDB,False
4yyl,4KN,5.013228265733755,1.91,2015,PDB,False
4xm6,41R,4.045757490560675,2.35,2015,PDB,False
4y2v,4A5,4.040958607678906,2.40,2015,PDB,False
5ap3,AU5,7.031517051446065,2.70,2015,PDB,False
4xm8,41T,3.0222763947111524,2.70,2015,PDB,False
4ux4,E9L,7.013228265733755,1.80,2015,PDB,False
5auz,GEN,4.008773924307505,1.60,2015,PDB,False
5akk,1P8,4.0030507515046185,1.90,2015,PDB,False
4x7l,3Z4,8.045757490560675,1.90,2015,PDB,False
5ece,5N2,8.045757490560675,2.20,2015,PDB,False
4y2y,49Z,5.045757490560675,2.30,2015,PDB,False
4wr7,3TV,11.698970004336019,1.50,2015,PDB,False
4y8d,49J,8.050609993355087,2.10,2015,PDB,False
5bs4,4UX,11.00436480540245,1.29,2015,PDB,False
5aix,KRX,7.920818753952375,2.10,2015,PDB,False
4xtx,590,10.568636235841012,2.30,2015,PDB,False
4ww6,3TV,10.207608310501746,1.06,2015,PDB,False
4ww8,VD9,10.173925197299173,1.42,2015,PDB,False
4zzz,FSU,7.060480747381382,1.90,2015,PDB,False
3wtn,N2Y,7.040958607678906,2.09,2015,PDB,False
3wtl,N1Y,7.036212172654444,2.30,2015,PDB,False
3wtm,N1Y,7.0,2.48,2015,PDB,False
3wzn,BTN,7.0,1.30,2015,PDB,False
3wto,N2Y,6.924453038607469,2.25,2015,PDB,False
4zzx,FSU,6.903089986991944,1.65,2015,PDB,False
4xtz,594,9.8153085691824,1.90,2015,PDB,False
4wup,3UF,9.823908740944319,1.75,2015,PDB,False
3wzp,ZOF,6.823908740944319,1.20,2015,PDB,False
4wmu,19H,6.7447274948966935,1.55,2015,PDB,False
4xrq,1B0,6.634512015109101,1.95,2015,PDB,False
4rd0,GDP,6.619788758288394,1.71,2015,PDB,False
4xii,40V,6.6020599913279625,2.70,2015,PDB,False
4zzd,RBF,6.6020599913279625,2.35,2015,PDB,False
5e0a,NAG,6.585026652029182,2.60,2015,PDB,False
5c7n,BMF,6.568636235841013,1.75,2015,PDB,False
3wtk,TH4,6.531652669587843,2.69,2015,PDB,False
3wtj,TH4,6.527243550682788,2.24,2015,PDB,False
4xu3,44R,9.5016894462104,2.24,2015,PDB,False
4xu1,44O,9.489454989793387,1.70,2015,PDB,False
4rd3,GDP,6.468521082957745,1.69,2015,PDB,False
5ai1,EQU,6.468521082957745,2.10,2015,PDB,False
4ymh,SAH,6.455931955649724,1.88,2015,PDB,False
4zvi,4S4,6.327902142064283,2.20,2015,PDB,False
3wth,IM4,6.289036881004725,2.54,2015,PDB,False
4rd6,GDP,6.2839966563652006,1.94,2015,PDB,False
4zb6,GDS,6.275724130399211,1.80,2015,PDB,False
4xtv,44K,9.267606240177031,1.45,2015,PDB,False
5ais,CWC,6.2441251443275085,1.85,2015,PDB,False
4xu2,44Q,9.22767829327708,1.85,2015,PDB,False
3wzq,ZOF,6.229147988357856,1.70,2015,PDB,False
4xty,44L,9.211831628858832,1.80,2015,PDB,False
5aiv,M1W,6.187086643357144,2.04,2015,PDB,False
4yv5,SVR,6.221848749616356,1.90,2015,PDB,False
4rt1,C2E,6.136677139879544,1.70,2015,PDB,False
4xu0,44N,9.114073660198569,1.60,2015,PDB,False
4tqn,UL4,6.113509274827519,1.70,2015,PDB,False
5agj,ANZ,6.154901959985743,2.00,2015,PDB,False
4cwb,X6L,6.0915149811213505,1.56,2015,PDB,False
3x00,ZOF,9.080921907623926,1.30,2015,PDB,False
4xk9,41J,9.065501548756432,2.20,2015,PDB,False
4xkb,DE9,6.096910013008056,1.50,2015,PDB,False
4tkj,PLM,6.039529222465701,.87,2015,PDB,False
4xtw,44M,9.0301183562535,2.30,2015,PDB,False
4zb8,GDS,6.026872146400302,2.00,2015,PDB,False
4wri,OKA,9.013228265733755,1.40,2015,PDB,False
4u5v,RH2,3.0457574905606752,1.97,2015,PDB,False
4txs,3AQ,2.9956786262173574,2.78,2015,PDB,False
4tjz,DKA,5.97061622231479,.87,2015,PDB,False
4rr6,A3S,6.0,1.88,2015,PDB,False
4und,2YQ,8.958607314841775,2.20,2015,PDB,False
4crj,YH5,5.958607314841775,2.00,2015,PDB,False
3wti,CT4,5.896196279044043,2.68,2015,PDB,False
5ct2,CXS,2.9208187539523753,2.00,2015,PDB,False
4y5d,MT6,5.920818753952375,1.20,2015,PDB,False
4zei,LAO,5.876148359032914,2.30,2015,PDB,False
4xkc,MD9,5.866461091629782,2.00,2015,PDB,False
4u5u,3D2,2.886056647693163,1.96,2015,PDB,False
4urx,HXY,2.886056647693163,2.49,2015,PDB,False
4cst,CWK,8.886056647693163,1.10,2015,PDB,False
4pxm,EST,8.886056647693163,1.90,2015,PDB,False
4yc9,4C1,8.886056647693163,1.82,2015,PDB,False
4oex,5EO,5.838631997765025,2.14,2015,PDB,False
4z46,1PT,2.8210230527068307,1.85,2015,PDB,False
4zec,C84,5.823908740944319,2.15,2015,PDB,False
4ycv,KRS,5.823908740944319,3.41,2015,PDB,False
4urw,DXO,2.795880017344075,2.76,2015,PDB,False
4ymq,ZBD,5.795880017344075,2.00,2015,PDB,False
4ysl,GSH,5.795880017344075,1.46,2015,PDB,False
4urv,UMK,2.769551078621726,2.58,2015,PDB,False
5ea3,5NK,8.769551078621726,2.75,2015,PDB,False
5cbr,4ZK,5.7447274948966935,2.00,2015,PDB,False
4tkh,MYR,5.735182176990463,.93,2015,PDB,False
3wvm,STE,5.709965388637482,.88,2015,PDB,False
4xqa,423,4.987162775294828,1.41,2015,PDB,False
4x1f,3WF,7.966576244513051,2.00,2015,PDB,False
4rlt,FSE,4.962573502059376,2.05,2015,PDB,False
5boj,4TX,7.0,1.75,2015,PDB,False
4ucd,M81,4.0,2.66,2015,PDB,False
4x0f,ROL,6.995678626217358,3.22,2015,PDB,False
4w53,MBN,3.9913998282380825,1.56,2015,PDB,False
5aba,UL7,2.9829666607012197,1.62,2015,PDB,False
5cst,CDP,6.958607314841775,1.78,2015,PDB,False
4zmf,AMP,3.958607314841775,2.39,2015,PDB,False
4rgd,CIT,3.9434762759208994,1.20,2015,PDB,False
5ea7,5NO,7.958607314841775,2.85,2015,PDB,False
5cyv,WCA,4.958607314841775,1.52,2015,PDB,False
4y2q,49N,2.9208187539523753,2.40,2015,PDB,False
4qtl,WWO,6.920818753952375,1.80,2015,PDB,False
5e2o,5JM,8.698970004336019,2.08,2015,PDB,False
4q9y,M3T,5.6777807052660805,1.55,2015,PDB,False
5c28,4XV,5.657577319177793,1.56,2015,PDB,False
4ufl,DZX,2.638272163982407,2.40,2015,PDB,False
4qd6,30T,8.638272163982407,2.45,2015,PDB,False
5egm,5NY,8.619788758288394,1.84,2015,PDB,False
4re3,GIM,8.568636235841012,2.55,2015,PDB,False
5caq,4ZJ,8.568636235841012,2.50,2015,PDB,False
4wkb,TDI,11.568636235841012,1.37,2015,PDB,False
5amd,45I,8.55284196865778,1.50,2015,PDB,False
5ek0,5P2,7.684029654543083,3.53,2015,PDB,False
5c8k,4YV,7.698970004336019,3.00,2015,PDB,False
5cav,4ZQ,6.665546248849069,2.73,2015,PDB,False
4ygf,AZM,7.6777807052660805,2.00,2015,PDB,False
4yha,MZM,6.647817481888637,2.20,2015,PDB,False
4zy4,4T3,7.657577319177793,2.60,2015,PDB,False
5cal,4Z8,7.657577319177793,2.70,2015,PDB,False
4ruz,3W8,7.636388020107856,1.63,2015,PDB,False
4q8y,HQT,2.638272163982407,1.45,2015,PDB,False
4xip,40W,6.628932137728263,1.70,2015,PDB,False
4wef,DF4,2.5888855814490954,2.50,2015,PDB,False
4xas,40H,6.585026652029182,2.35,2015,PDB,False
4zy5,4T5,7.585026652029182,2.35,2015,PDB,False
4nct,2K2,7.546681659952962,2.60,2015,PDB,False
5c8n,4YX,7.552841968657781,2.40,2015,PDB,False
4um3,09R,7.5376020021010435,2.70,2015,PDB,False
4zwz,510,8.698970004336019,1.62,2015,PDB,False
4zwx,5KZ,8.698970004336019,1.70,2015,PDB,False
5edq,5N3,8.698970004336019,2.80,2015,PDB,False
4q1w,017,11.698970004336019,1.85,2015,PDB,False
4ybj,4A9,9.275724130399212,2.61,2016,PDB,False
5wo4,B7V,10.0,1.84,2017,PDB,False
5m0s,7CW,6.694648630553377,2.10,2017,PDB,False
5v84,96V,6.698970004336019,2.70,2017,PDB,False
5o11,3NG,6.665546248849069,2.40,2017,PDB,False
5mz3,8EN,6.657577319177793,2.15,2017,PDB,False
5q0j,9KV,6.621602099051862,2.00,2017,PDB,False
5t37,758,6.617982957425132,1.76,2017,PDB,False
5yjp,8W6,6.619788758288394,1.80,2017,PDB,False
5lqf,4SP,6.6020599913279625,2.06,2017,PDB,False
5jz9,6OR,3.5686362358410126,2.68,2017,PDB,False
5l15,G39,9.568636235841012,2.40,2017,PDB,False
5b5p,WNN,9.698970004336019,1.60,2017,PDB,False
5uiu,8CG,9.698970004336019,2.02,2017,PDB,False
5kcx,6S3,6.698970004336019,2.20,2017,PDB,False
5wys,7V6,6.698970004336019,3.00,2017,PDB,False
5uyu,8QV,9.508638306165727,1.90,2017,PDB,False
5lgt,6W3,6.508638306165727,3.00,2017,PDB,False
5h19,LQF,6.494850021680094,1.90,2017,PDB,False
5nsp,97E,6.468521082957745,2.30,2017,PDB,False
5vfd,9CM,6.443697499232713,1.93,2017,PDB,False
5mm9,8SH,6.42021640338319,1.55,2017,PDB,False
5lp1,71H,9.400116927926312,1.91,2017,PDB,False
5wbz,A4J,6.4089353929735005,2.40,2017,PDB,False
5wre,7TL,6.4089353929735005,1.95,2017,PDB,False
5jzb,6OT,3.3872161432802645,2.10,2017,PDB,False
5xqx,8CC,6.3872161432802645,2.30,2017,PDB,False
5qbv,N2D,6.366531544420414,1.80,2017,PDB,False
5up0,8HP,6.337242168318426,2.04,2017,PDB,False
5ncy,8TK,9.397940008672037,1.90,2017,PDB,False
5tex,7AU,6.3979400086720375,2.15,2017,PDB,False
5nar,8RW,6.301029995663981,1.55,2017,PDB,False
5nb6,8S2,6.301029995663981,1.75,2017,PDB,False
6ayd,C2J,6.301029995663981,3.00,2017,PDB,False
5vp1,9GA,9.292429823902063,1.86,2017,PDB,False
5tyn,7NS,9.2839966563652,1.53,2017,PDB,False
5jzs,FGZ,3.2676062401770314,2.27,2017,PDB,False
5u9d,83P,9.259637310505756,1.33,2017,PDB,False
5q1i,9O1,6.2441251443275085,1.95,2017,PDB,False
6aud,BWY,6.2247537402597635,2.02,2017,PDB,False
5l17,ZMR,9.301029995663981,2.40,2017,PDB,False
5u7d,19F,9.301029995663981,1.75,2017,PDB,False
5vp0,9GJ,9.214670164989233,2.20,2017,PDB,False
5t2m,74N,9.200659450546418,2.80,2017,PDB,False
5n1v,8GQ,6.1938200260161125,2.52,2017,PDB,False
5tzh,7OP,6.168130225719499,1.60,2017,PDB,False
5usf,YSA,9.161150909262744,2.75,2017,PDB,False
5ntw,98N,9.221848749616356,1.64,2017,PDB,False
5l2o,6ZW,6.119186407719209,2.05,2017,PDB,False
5q1d,9ND,6.119186407719209,1.89,2017,PDB,False
5q0q,9LD,6.105130343254747,2.60,2017,PDB,False
5t2d,74L,9.100179497572904,2.90,2017,PDB,False
5vom,9GY,6.102372908709558,1.67,2017,PDB,False
5ntp,98E,9.154901959985743,1.70,2017,PDB,False
5lub,3Y7,6.154901959985743,2.10,2017,PDB,False
5m0d,7C8,6.089375595110798,2.40,2017,PDB,False
5yjk,8VX,6.086186147616283,2.40,2017,PDB,False
5jv1,YL6,6.0655015487564325,2.30,2017,PDB,False
5h17,LQE,6.050609993355088,2.30,2017,PDB,False
5ncz,8TN,9.096910013008056,1.94,2017,PDB,False
5tzw,7P4,6.005682847330363,1.59,2017,PDB,False
5vo6,9J4,9.045757490560675,2.65,2017,PDB,False
5tur,7LK,6.045757490560675,2.95,2017,PDB,False
5ur1,YY9,8.97469413473523,2.20,2017,PDB,False
5n4t,R59,5.97469413473523,1.16,2017,PDB,False
5jv0,YL5,5.958607314841775,2.40,2017,PDB,False
5pzm,8XS,5.958607314841775,2.54,2017,PDB,False
5v8v,90D,8.886056647693163,2.60,2017,PDB,False
5vrp,9JD,8.886056647693163,3.22,2017,PDB,False
5ngt,8WZ,5.886056647693163,1.54,2017,PDB,False
5oxg,B4B,5.886056647693163,2.13,2017,PDB,False
5u5h,7VV,5.886056647693163,1.80,2017,PDB,False
5u62,7WD,5.886056647693163,1.90,2017,PDB,False
5q0z,9M1,5.847711655616943,2.26,2017,PDB,False
5wbq,A3J,5.8326826652518236,2.40,2017,PDB,False
5ku9,6XJ,5.826813731587726,2.20,2017,PDB,False
5kv9,I57,5.853871964321762,2.00,2017,PDB,False
5h15,LQD,5.804100347590766,2.27,2017,PDB,False
5ta6,79D,8.823908740944319,2.50,2017,PDB,False
5tob,YAM,8.823908740944319,2.12,2017,PDB,False
5u3b,7TD,8.823908740944319,2.00,2017,PDB,False
5w5j,9WS,5.823908740944319,2.85,2017,PDB,False
5k32,6Q2,8.795880017344075,1.99,2017,PDB,False
5vpm,9G7,8.795880017344075,2.90,2017,PDB,False
5t23,74F,5.795880017344075,2.78,2017,PDB,False
5xaf,84F,5.769551078621726,2.55,2017,PDB,False
5q0y,9LY,5.728158393463501,2.20,2017,PDB,False
5ni0,8XW,5.7447274948966935,1.67,2017,PDB,False
5y9l,8R3,5.721246399047171,2.15,2017,PDB,False
5le1,6UW,4.97469413473523,1.40,2017,PDB,False
5usq,8LY,7.0,2.55,2017,PDB,False
5ml5,1VI,8.0,1.90,2017,PDB,False
5w85,9YS,8.0,2.25,2017,PDB,False
5h13,LQA,4.936291440608582,1.90,2017,PDB,False
5h0g,OOU,6.954677021213342,1.80,2017,PDB,False
5izc,6F4,3.9507819773298185,1.92,2017,PDB,False
5h0b,OOQ,7.958607314841775,1.65,2017,PDB,False
5wqa,J20,7.958607314841775,2.30,2017,PDB,False
5up3,8GS,7.899974269892137,2.95,2017,PDB,False
5tq6,7GV,6.907981529247203,2.06,2017,PDB,False
5lzj,7BT,3.9030899869919438,1.20,2017,PDB,False
5mxv,K3T,4.920818753952375,1.63,2017,PDB,False
5twz,45R,7.8696662315049934,2.63,2017,PDB,False
5myd,DUP,4.856985199745905,2.30,2017,PDB,False
5h09,OOO,5.878440155812499,1.95,2017,PDB,False
5kv8,6Y6,4.838631997765025,1.95,2017,PDB,False
5uis,8C1,6.835647144215563,2.50,2017,PDB,False
5tpg,7H5,7.853871964321762,1.50,2017,PDB,False
5m6h,7J6,6.823908740944319,2.50,2017,PDB,False
5tyl,7N7,7.823908740944319,1.75,2017,PDB,False
5wbr,A3Y,4.774949303861951,2.58,2017,PDB,False
5t92,77W,7.795880017344075,2.22,2017,PDB,False
5lcf,6TJ,4.749579997691106,1.86,2017,PDB,False
5t97,782,7.769551078621726,3.00,2017,PDB,False
5mw6,RC0,4.72936773948748,1.65,2017,PDB,False
5uuu,QRW,7.7447274948966935,2.70,2017,PDB,False
5lx6,78P,5.721246399047171,1.25,2017,PDB,False
5b5o,WMM,5.721246399047171,1.20,2017,PDB,False
5mwd,TJ3,5.717151397165355,1.85,2017,PDB,False
5u2f,82Y,6.714442690992226,2.53,2017,PDB,False
5nu1,8YB,9.0,1.85,2017,PDB,False
5tl9,7DN,9.0,1.20,2017,PDB,False
5t2i,74J,8.698970004336019,2.30,2017,PDB,False
5td2,7AE,8.657577319177793,2.68,2017,PDB,False
5tq3,7GZ,8.657577319177793,2.69,2017,PDB,False
5ov9,CVI,5.657577319177793,2.40,2017,PDB,False
5ubt,85S,8.619788758288394,2.83,2017,PDB,False
5toe,7GK,5.6020599913279625,2.30,2017,PDB,False
5lhg,6X3,5.6020599913279625,3.34,2017,PDB,False
5ox5,B2E,5.585026652029182,2.25,2017,PDB,False
5l2n,6ZU,5.552841968657781,1.70,2017,PDB,False
5lgn,6W0,5.537602002101044,3.20,2017,PDB,False
5lch,6TU,4.692503962086787,1.94,2017,PDB,False
5xmv,8AU,7.679853713888946,2.16,2017,PDB,False
5tq7,7GT,7.673664139071248,2.10,2017,PDB,False
5h0e,OOS,6.6777807052660805,2.10,2017,PDB,False
5u6v,7WY,7.6777807052660805,1.78,2017,PDB,False
5op6,A0W,4.6777807052660805,2.45,2017,PDB,False
5tyk,7N4,7.649751981665837,1.65,2017,PDB,False
5m6f,7HU,6.657577319177793,2.39,2017,PDB,False
5n9t,8QQ,6.657577319177793,1.73,2017,PDB,False
5lhu,HIS,4.657577319177793,2.02,2017,PDB,False
5myr,UDY,4.657577319177793,1.83,2017,PDB,False
5tq8,7GS,7.636388020107856,1.59,2017,PDB,False
5vex,97V,4.630042392653947,3.00,2017,PDB,False
5u2c,82Y,6.628932137728263,3.30,2017,PDB,False
5mw3,5JT,6.619788758288394,2.09,2017,PDB,False
5xkm,87R,7.619788758288394,2.16,2017,PDB,False
5m39,7EA,4.619788758288394,1.38,2017,PDB,False
5ngr,8WT,4.619788758288394,2.20,2017,PDB,False
5tc0,79Y,7.6020599913279625,2.24,2017,PDB,False
5typ,7NJ,7.6020599913279625,1.88,2017,PDB,False
5xmt,8B0,7.581698708680254,2.55,2017,PDB,False
5q1g,9NM,3.580044251510242,2.00,2017,PDB,False
5ual,RFP,3.580044251510242,3.89,2017,PDB,False
5u2e,837,6.557520230935552,1.99,2017,PDB,False
5q0r,9LG,4.568636235841013,1.91,2017,PDB,False
5opc,A1Z,4.5376020021010435,2.30,2017,PDB,False
5q0t,9LM,4.5376020021010435,2.14,2017,PDB,False
5w86,9YV,8.698970004336019,2.61,2017,PDB,False
5x8i,SQZ,8.698970004336019,1.90,2017,PDB,False
5k1v,6PX,5.698970004336019,2.90,2017,PDB,False
5m3a,7E7,5.698970004336019,1.65,2017,PDB,False
5xzr,8J6,5.485452247339714,2.80,2017,PDB,False
5t28,74Q,8.494850021680094,2.80,2017,PDB,False
5v8q,97A,8.443697499232712,1.44,2017,PDB,False
5ksx,7AM,5.431798275933005,2.65,2017,PDB,False
5mym,HYV,5.4089353929735005,2.28,2017,PDB,False
5u5t,7W7,5.4089353929735005,1.60,2017,PDB,False
5xmu,8A0,7.510041520575165,2.39,2017,PDB,False
5orx,A6H,3.5114492834995557,1.88,2017,PDB,False
5twx,7P7,7.522878745280337,2.55,2017,PDB,False
5myn,ZUF,4.522878745280337,1.56,2017,PDB,False
5mxx,W4A,7.508638306165727,1.75,2017,PDB,False
5myv,W4A,7.508638306165727,2.90,2017,PDB,False
5k6a,6QT,4.508638306165727,1.70,2017,PDB,False
5lca,B06,4.484126156288321,1.93,2017,PDB,False
5ntq,444,7.471083299722345,2.26,2017,PDB,False
5l01,6Z4,7.481486060122112,1.90,2017,PDB,False
5swg,CAQ,4.481486060122113,3.11,2017,PDB,False
5tyj,7ND,7.455931955649724,1.75,2017,PDB,False
5w84,9YY,6.443697499232712,2.90,2017,PDB,False
5u7j,7XV,6.409381051793422,1.90,2017,PDB,False
6ez6,C5Z,7.400007822415902,2.04,2017,PDB,False
5uah,RFP,3.4001169279263124,4.10,2017,PDB,False
5juz,YL4,5.522878745280337,2.40,2017,PDB,False
5tq4,7GY,8.3767507096021,2.30,2017,PDB,False
5q0l,9KY,5.360513510731414,2.50,2017,PDB,False
5m6u,7KA,8.366531544420413,2.85,2017,PDB,False
5k0x,K0X,8.356547323513812,2.23,2017,PDB,False
5llm,6Z6,5.346787486224656,3.25,2017,PDB,False
5q12,9MA,5.333482019445119,2.00,2017,PDB,False
5uit,8CD,8.337242168318426,1.84,2017,PDB,False
5nhz,8XZ,5.327902142064283,1.85,2017,PDB,False
5tnt,7GQ,8.309803919971486,1.40,2017,PDB,False
5v24,8V7,6.3979400086720375,2.50,2017,PDB,False
5qby,N2A,7.3979400086720375,2.25,2017,PDB,False
5mri,Q9Y,4.3979400086720375,2.00,2017,PDB,False
5mxk,ZHA,3.3872161432802645,1.93,2017,PDB,False
5u7l,7Y4,6.373659632624958,2.38,2017,PDB,False
5gvl,GI8,7.376750709602099,2.50,2017,PDB,False
5xmp,8A3,7.366531544420414,2.40,2017,PDB,False
5t36,755,7.366531544420414,1.40,2017,PDB,False
5ue4,5XQ,6.356547323513812,1.80,2017,PDB,False
5m6m,7H8,7.356547323513812,2.37,2017,PDB,False
5v9t,90V,7.346787486224656,3.05,2017,PDB,False
5n49,8LW,6.327902142064283,1.94,2017,PDB,False
5t4u,12Q,5.318758762624412,1.50,2017,PDB,False
5uox,8GY,8.300162274132754,2.50,2017,PDB,False
5t2b,74O,8.301029995663981,2.30,2017,PDB,False
5q17,9MV,5.248720896016658,2.10,2017,PDB,False
5v19,8V4,3.3010299956639813,3.10,2017,PDB,False
5mys,YP6,4.301029995663981,1.59,2017,PDB,False
5uiq,8BV,4.259195344723145,2.64,2017,PDB,False
5q0i,0X0,4.251037138743839,1.70,2017,PDB,False
5tq5,7GX,7.230622673923861,2.30,2017,PDB,False
5t1t,76P,7.236572006437063,2.34,2017,PDB,False
5tiu,7CU,8.301029995663981,1.49,2017,PDB,False
5tyo,7NM,8.214670164989233,1.57,2017,PDB,False
5uvc,8PV,8.214670164989233,2.65,2017,PDB,False
5q10,9M4,5.2020403562628035,2.20,2017,PDB,False
5uor,8GV,8.199970640755867,2.75,2017,PDB,False
5t2l,74H,8.200659450546418,2.55,2017,PDB,False
5h21,RMR,5.1938200260161125,1.59,2017,PDB,False
5lhh,6X0,8.173925197299173,3.05,2017,PDB,False
5t4v,N48,7.221848749616356,1.65,2017,PDB,False
5v3o,8W7,7.221848749616356,3.20,2017,PDB,False
5v7t,91V,6.214670164989233,2.30,2017,PDB,False
5mwo,J6W,3.214670164989233,1.96,2017,PDB,False
5n20,8GN,4.214670164989233,1.38,2017,PDB,False
5mrh,Q9Z,4.200659450546418,2.50,2017,PDB,False
5u7i,7XS,7.176525770829699,2.00,2017,PDB,False
5v7i,8Z1,7.180456064458132,2.47,2017,PDB,False
5op8,A1H,4.180456064458132,2.30,2017,PDB,False
5h0h,OOV,6.163675884293248,1.72,2017,PDB,False
5hcl,5Y9,2.221848749616356,1.50,2017,PDB,False
5h3q,7HF,8.221848749616356,2.10,2017,PDB,False
5vew,97Y,5.149966742310231,2.70,2017,PDB,False
5q11,9M7,5.1432711096171175,2.20,2017,PDB,False
5u7k,7Y1,8.148741651280925,2.06,2017,PDB,False
5xms,8B3,8.136677139879543,2.45,2017,PDB,False
5lm6,H32,5.113509274827518,1.17,2017,PDB,False
5lhi,6X5,8.10790539730952,3.40,2017,PDB,False
5q1h,9NP,5.0996328713435295,2.20,2017,PDB,False
5t2g,74K,8.102372908709558,2.55,2017,PDB,False
5mts,XKA,7.154901959985743,2.60,2017,PDB,False
5uir,8BY,7.1432711096171175,2.64,2017,PDB,False
5v9p,90S,6.138465589140962,3.00,2017,PDB,False
5v7w,91J,7.119186407719209,2.65,2017,PDB,False
5vee,981,6.108462542327436,2.50,2017,PDB,False
5t27,74F,7.102372908709558,2.60,2017,PDB,False
5h2u,1N1,8.154901959985743,2.24,2017,PDB,False
5k00,6PV,8.154901959985743,1.77,2017,PDB,False
5xg4,QUE,5.154901959985743,3.00,2017,PDB,False
5tyh,7O4,2.0757207139381184,2.10,2017,PDB,False
5h14,LQB,5.057495893831919,1.90,2017,PDB,False
5n2f,8HW,7.096910013008056,1.70,2017,PDB,False
5t1s,76Q,7.075720713938118,2.30,2017,PDB,False
5or9,JR5,4.055517327849832,2.00,2017,PDB,False
5w4w,9WG,8.096910013008056,1.99,2017,PDB,False
6bfn,DL1,8.031517051446064,2.26,2017,PDB,False
5v5n,EDH,8.022276394711152,2.01,2017,PDB,False
5ntk,99N,8.013228265733755,1.90,2017,PDB,False
5myl,Q2N,5.00436480540245,1.72,2017,PDB,False
5u5k,7VY,4.022276394711152,2.33,2017,PDB,False
5gvk,G45,7.00436480540245,2.24,2017,PDB,False
5xvk,8GC,5.045757490560675,1.88,2017,PDB,False
5xvq,8GC,5.045757490560675,2.29,2017,PDB,False
5ufr,88J,8.698970004336019,2.07,2017,PDB,False
5jur,6NS,8.522878745280337,2.93,2017,PDB,False
5n1z,8GQ,8.187086643357144,1.81,2017,PDB,False
5llg,VD9,11.130768280269024,1.12,2017,PDB,False
5uhi,8A4,8.036212172654444,3.20,2017,PDB,False
5ufo,87J,7.431798275933005,2.80,2017,PDB,False
5lle,V51,10.221848749616356,1.90,2017,PDB,False
5kly,6UR,7.214670164989233,1.30,2017,PDB,False
5llh,V49,10.173925197299173,1.90,2017,PDB,False
5ukj,3K6,7.161150909262744,2.80,2017,PDB,False
5x4q,7Z6,7.107905397309519,2.00,2017,PDB,False
5km5,TR5,6.91721462968355,2.10,2017,PDB,False
5vr8,UDX,6.8696662315049934,2.00,2017,PDB,False
5h1t,7FF,3.795880017344075,1.95,2017,PDB,False
5wa9,9ZD,6.756961951313706,1.15,2017,PDB,False
5na0,8QZ,9.769551078621726,2.90,2017,PDB,False
5h1v,7FU,4.0,2.00,2017,PDB,False
5mev,7LW,7.0,2.94,2017,PDB,False
6ayi,C3G,6.6777807052660805,2.09,2017,PDB,False
5wyx,CU8,6.657577319177793,2.40,2017,PDB,False
5nu3,99E,6.638272163982407,1.75,2017,PDB,False
5ul1,8DY,6.638272163982407,3.00,2017,PDB,False
5w10,CMP,6.619788758288394,2.15,2017,PDB,False
5g1a,7H1,6.568636235841013,1.42,2017,PDB,False
5g17,6DK,6.698970004336019,1.51,2017,PDB,False
5h1u,6KT,3.5086383061657274,1.90,2017,PDB,False
5xg5,A2G,3.4814860601221125,1.54,2017,PDB,False
5mes,7LT,6.468521082957745,2.24,2017,PDB,False
5llc,V26,9.522878745280337,1.10,2017,PDB,False
5klz,AMP,6.373659632624958,1.50,2017,PDB,False
5m04,GDP,6.337242168318426,1.85,2017,PDB,False
5nu5,99E,6.327902142064283,1.60,2017,PDB,False
5llo,5EF,9.397940008672037,1.60,2017,PDB,False
5uk8,8DV,6.3979400086720375,2.50,2017,PDB,False
5gut,SAH,6.292429823902063,2.10,2017,PDB,False
5wa8,9ZA,6.231361898752386,1.30,2017,PDB,False
5o0a,9FH,3.2365720064370627,1.81,2017,PDB,False
5llp,6Z9,9.236572006437063,1.48,2017,PDB,False
5wqk,7NC,6.301029995663981,1.70,2017,PDB,False
5km1,5GP,6.178486471595227,1.65,2017,PDB,False
5wl0,21G,9.173925197299173,2.40,2017,PDB,False
5j20,6FJ,9.142667503568731,1.76,2017,PDB,False
5nkb,8ZT,9.119186407719209,1.50,2017,PDB,False
5vad,91Y,9.119186407719209,2.36,2017,PDB,False
5nfb,8VT,6.113509274827519,1.59,2017,PDB,False
5fso,S76,6.0915149811213505,1.67,2017,PDB,False
5nai,93W,6.096910013008056,1.15,2017,PDB,False
5n58,93W,6.096910013008056,1.96,2017,PDB,False
5tvn,7LD,9.040958607678906,2.90,2017,PDB,False
5mmg,UT0,6.013228265733755,1.23,2017,PDB,False
5n55,8NN,5.987162775294828,1.99,2017,PDB,False
5tbe,78L,8.97469413473523,2.44,2017,PDB,False
5nad,8RH,8.958607314841775,2.80,2017,PDB,False
5h08,7WL,5.958607314841775,2.53,2017,PDB,False
5n21,8HN,5.958607314841775,1.58,2017,PDB,False
5h63,UD1,5.920818753952375,1.92,2017,PDB,False
5lto,GLN,5.920818753952375,3.46,2017,PDB,False
5ngz,2BG,2.886056647693163,2.40,2017,PDB,False
5mty,HB9,8.886056647693163,2.31,2017,PDB,False
5kk8,ADP,5.838631997765025,2.11,2017,PDB,False
5mme,8Q6,5.853871964321762,1.35,2017,PDB,False
5y48,URA,5.853871964321762,1.70,2017,PDB,False
5mo8,C98,5.785156151952302,1.82,2017,PDB,False
5hki,6ZJ,2.795880017344075,2.40,2017,PDB,False
5lrq,4WG,5.795880017344075,1.70,2017,PDB,False
5n7v,8PT,8.769551078621726,2.52,2017,PDB,False
5lpj,XDM,4.995678626217358,1.65,2017,PDB,False
5mgk,7MW,4.0,2.30,2017,PDB,False
5usz,SKE,6.97469413473523,2.10,2017,PDB,False
5mra,DM2,8.0,3.74,2017,PDB,False
5nkk,GDP,5.0,2.64,2017,PDB,False
5j71,P35,6.958607314841775,1.65,2017,PDB,False
5n84,8Q5,7.958607314841775,2.30,2017,PDB,False
5ta2,78X,7.958607314841775,1.48,2017,PDB,False
5ioz,6C4,4.958607314841775,2.02,2017,PDB,False
5x4m,7ZF,2.9208187539523753,1.65,2017,PDB,False
5orv,A65,2.88706002391592,1.88,2017,PDB,False
5f63,5W2,7.920818753952375,1.45,2017,PDB,False
5lpl,71X,4.920818753952375,1.65,2017,PDB,False
5ut0,35R,5.878440155812499,2.10,2017,PDB,False
5tci,79V,6.87942606879415,2.45,2017,PDB,False
5ldm,2AM,3.856985199745905,2.46,2017,PDB,False
5j6l,6GC,7.886056647693163,1.75,2017,PDB,False
5ipc,6CE,4.886056647693163,1.30,2017,PDB,False
5jsg,6P9,4.847711655616943,2.50,2017,PDB,False
5ku6,MZM,6.844663962534939,1.80,2017,PDB,False
5u5l,7VA,4.853871964321762,2.55,2017,PDB,False
5wbf,LAC,3.8096683018297086,2.19,2017,PDB,False
5nk6,90W,6.801342913045577,1.27,2017,PDB,False
5orl,A4W,4.823908740944319,1.69,2017,PDB,False
5jn9,EZL,7.790484985457369,2.10,2017,PDB,False
5j8m,6DL,6.795880017344075,1.90,2017,PDB,False
5gvp,GCF,6.782516055786093,2.26,2017,PDB,False
5os4,A8H,2.7785857621576615,1.88,2017,PDB,False
5njz,8ZH,7.795880017344075,1.77,2017,PDB,False
5j3l,6FR,4.795880017344075,1.66,2017,PDB,False
5mtx,FJI,7.752026733638194,1.80,2017,PDB,False
5orr,A5Q,3.769551078621726,2.09,2017,PDB,False
5v8o,8ZM,3.7670038896078464,3.10,2017,PDB,False
5x9h,ATP,3.7644715530924513,3.60,2017,PDB,False
5ldo,3AM,3.7520267336381936,2.75,2017,PDB,False
5j6n,6FF,7.769551078621726,1.90,2017,PDB,False
5j6a,P46,7.769551078621726,2.05,2017,PDB,False
5mg2,7M8,7.769551078621726,1.75,2017,PDB,False
5y62,5GP,1.7351821769904636,3.00,2017,PDB,False
5gmn,949,4.72584215073632,1.80,2017,PDB,False
5lla,6YQ,7.723538195826756,1.50,2017,PDB,False
5u7m,83G,6.7447274948966935,3.03,2017,PDB,False
5os2,A7K,2.73969005420508,1.92,2017,PDB,False
6chm,F1V,3.701146923590293,2.28,2018,PDB,False
6bqk,Z1E,9.0,1.97,2018,PDB,False
6bg5,DQD,6.0,1.10,2018,PDB,False
6q6y,HKQ,6.0,2.03,2018,PDB,False
6ge0,EVQ,8.67778070526608,1.82,2018,PDB,False
6bt0,E7V,5.6777807052660805,2.60,2018,PDB,False
6ds0,H8M,8.657577319177793,3.19,2018,PDB,False
6fqu,E3B,5.657577319177793,1.43,2018,PDB,False
6c7e,EOG,8.549750891680638,1.43,2018,PDB,False
6bid,DW4,5.537602002101044,1.15,2018,PDB,False
6ew7,C1W,5.537602002101044,1.60,2018,PDB,False
6gmd,A8Q,3.688246138944246,1.66,2018,PDB,False
5nat,8RT,4.698970004336019,1.17,2018,PDB,False
5o48,9K2,4.698970004336019,1.69,2018,PDB,False
5y5t,8OR,6.675717544702307,1.80,2018,PDB,False
5wvd,7UX,7.6777807052660805,3.00,2018,PDB,False
6g9a,ESQ,7.6777807052660805,1.91,2018,PDB,False
6bmv,DZS,4.6777807052660805,2.05,2018,PDB,False
6e2m,KK7,5.657577319177793,2.25,2018,PDB,False
6c5q,EKS,6.657577319177793,2.40,2018,PDB,False
5o1s,9HB,3.6478174818886373,1.90,2018,PDB,False
6g28,AR6,3.642065152999546,1.23,2018,PDB,False
5qik,J2M,7.657577319177793,1.58,2018,PDB,False
6fob,DZW,7.628932137728263,2.75,2018,PDB,False
6dxx,WTF,6.638272163982407,2.70,2018,PDB,False
6ccs,EXD,3.638272163982407,2.06,2018,PDB,False
6cjy,F4J,7.638272163982407,3.05,2018,PDB,False
5wjj,AQY,6.619788758288394,1.60,2018,PDB,False
5o9h,9P2,6.617982957425132,2.70,2018,PDB,False
6fgl,UO1,4.619788758288394,2.10,2018,PDB,False
5oae,SVF,4.600153287287077,2.70,2018,PDB,False
5yql,A2I,4.586700235918748,1.60,2018,PDB,False
5wfd,A9G,4.581698708680254,2.65,2018,PDB,False
6ela,B9Z,7.585026652029182,1.49,2018,PDB,False
6bky,K32,6.568636235841013,2.17,2018,PDB,False
6ccl,EXG,3.563837352959244,1.77,2018,PDB,False
5xst,8E6,7.568636235841013,2.30,2018,PDB,False
5wg6,A9G,4.543633966870957,3.90,2018,PDB,False
5nt0,97H,6.552841968657781,1.75,2018,PDB,False
6esm,B9Z,5.528708288941061,1.10,2018,PDB,False
5nwh,9CH,7.5376020021010435,2.60,2018,PDB,False
6cyd,FKG,8.698970004336019,1.69,2018,PDB,False
6g9n,ESN,8.522878745280337,1.76,2018,PDB,False
5yzc,95C,5.522878745280337,2.33,2018,PDB,False
6exm,QQH,5.522878745280337,1.60,2018,PDB,False
6hm6,GDK,5.5003129173815966,2.10,2018,PDB,False
5x33,7Y9,8.494850021680094,3.70,2018,PDB,False
5o4s,9KW,5.468521082957745,1.75,2018,PDB,False
6b31,CFJ,8.443697499232712,3.18,2018,PDB,False
6cjh,ET8,5.42021640338319,3.60,2018,PDB,False
6ccn,EXS,4.522878745280337,1.87,2018,PDB,False
6alc,BKD,7.508638306165727,1.39,2018,PDB,False
6g91,EQW,5.494850021680094,1.80,2018,PDB,False
6ek3,OUL,6.481486060122113,1.60,2018,PDB,False
5ye7,8U0,5.464579281943827,2.31,2018,PDB,False
5ye9,8U6,6.449771646944906,1.88,2018,PDB,False
5nve,9AQ,7.455931955649724,1.50,2018,PDB,False
5wi0,AQ1,3.4436974992327127,2.05,2018,PDB,False
6dvm,HBJ,8.522878745280337,1.47,2018,PDB,False
6fyk,EAZ,8.522878745280337,2.39,2018,PDB,False
6g9h,ERW,8.397940008672037,1.73,2018,PDB,False
6g9j,ERK,8.387216143280265,1.98,2018,PDB,False
6g97,EQZ,8.3767507096021,1.90,2018,PDB,False
6g9d,ER8,8.366531544420413,1.80,2018,PDB,False
6chq,F0V,5.356547323513812,1.79,2018,PDB,False
6bke,DVJ,8.346787486224656,1.95,2018,PDB,False
6cqf,F97,8.346787486224656,2.25,2018,PDB,False
6aam,9T6,8.318758762624412,1.98,2018,PDB,False
6enm,LPW,8.318758762624412,1.59,2018,PDB,False
5nsx,97K,6.3979400086720375,1.80,2018,PDB,False
6g9k,ESK,7.3979400086720375,1.94,2018,PDB,False
6dgt,GFJ,7.376750709602099,2.60,2018,PDB,False
6fer,D6Q,4.355561410532162,2.87,2018,PDB,False
6gih,EZN,4.356547323513813,1.96,2018,PDB,False
6ck3,F67,7.346787486224656,2.90,2018,PDB,False
6cn6,F7J,8.301029995663981,2.45,2018,PDB,False
5yji,8WO,5.301029995663981,1.99,2018,PDB,False
6ei4,B5N,5.279840696594043,2.00,2018,PDB,False
6g0w,EGW,5.2839966563652006,2.34,2018,PDB,False
6anl,T75,8.267606240177031,2.00,2018,PDB,False
6ccm,EXP,5.251811972993799,1.79,2018,PDB,False
6hdn,FZB,4.299988937677887,1.90,2018,PDB,False
6ey7,C3W,4.301029995663981,2.90,2018,PDB,False
6ekn,B9N,6.292429823902063,1.20,2018,PDB,False
6e06,CTP,4.2644011003018205,2.50,2018,PDB,False
6e05,CTP,4.2644011003018205,2.50,2018,PDB,False
6db3,G54,7.251811972993799,1.97,2018,PDB,False
6cki,FZJ,7.2441251443275085,2.95,2018,PDB,False
5yea,8U9,8.301029995663981,1.81,2018,PDB,False
5ztn,CUR,8.301029995663981,2.50,2018,PDB,False
6bkw,DXM,8.301029995663981,1.50,2018,PDB,False
6cmj,F6J,8.301029995663981,2.40,2018,PDB,False
6en4,BGZ,8.301029995663981,3.08,2018,PDB,False
5xfj,6LF,8.221848749616356,3.25,2018,PDB,False
5xff,6LF,8.207608310501746,2.70,2018,PDB,False
5mxr,JTY,5.2076083105017466,1.75,2018,PDB,False
5nuu,9A5,8.200659450546418,2.50,2018,PDB,False
6q74,HKN,8.200659450546418,2.48,2018,PDB,False
6bik,DTJ,8.193820026016112,1.90,2018,PDB,False
6cj5,F4G,5.1938200260161125,2.80,2018,PDB,False
5owt,F37,8.173925197299173,2.20,2018,PDB,False
6hf5,G1N,5.173925197299173,1.80,2018,PDB,False
5ow8,AYN,5.161150909262744,1.90,2018,PDB,False
6b30,CFG,7.221848749616356,2.69,2018,PDB,False
6dvo,HBV,7.221848749616356,1.98,2018,PDB,False
6bmr,DZV,4.221848749616356,2.21,2018,PDB,False
6euz,C8Q,4.1830961606243395,1.95,2018,PDB,False
5nvc,9AN,6.187086643357144,1.60,2018,PDB,False
5wh5,R91,7.187086643357144,1.80,2018,PDB,False
5nwg,9CB,6.180456064458132,1.40,2018,PDB,False
6ay5,C3V,7.161150909262744,1.44,2018,PDB,False
6fod,E05,8.148130399270233,2.50,2018,PDB,False
6gz9,TXC,2.1307682802690238,3.10,2018,PDB,False
6b33,CF7,8.1249387366083,2.48,2018,PDB,False
6g9m,ESW,8.102372908709558,1.86,2018,PDB,False
5nwc,9CE,6.154901959985743,1.50,2018,PDB,False
5nqr,958,7.154901959985743,2.20,2018,PDB,False
6fgy,D9W,7.154901959985743,1.54,2018,PDB,False
6mx3,K5P,5.136677139879544,1.36,2018,PDB,False
6g92,ERZ,4.119186407719209,1.99,2018,PDB,False
5vm6,9EG,7.107905397309519,1.50,2018,PDB,False
6hm7,GDH,7.100179497572904,1.64,2018,PDB,False
6b5j,CV4,7.102372908709558,2.97,2018,PDB,False
6dcg,G67,8.154901959985743,1.45,2018,PDB,False
6fyl,3NG,8.154901959985743,1.95,2018,PDB,False
6ay3,C3J,8.022276394711152,1.39,2018,PDB,False
5ygi,T93,7.045757490560675,2.18,2018,PDB,False
6i3s,H28,7.045757490560675,1.77,2018,PDB,False
5yqn,L55,4.028260409112222,1.60,2018,PDB,False
5wf7,A9G,4.006563769502388,2.50,2018,PDB,False
6axq,C2Y,4.00436480540245,1.30,2018,PDB,False
6fs0,E4W,9.769551078621726,2.25,2018,PDB,False
5mpk,0BC,8.522878745280337,1.90,2018,PDB,False
6cks,F5Y,7.823908740944319,1.72,2018,PDB,False
5nlk,92E,7.455931955649724,1.80,2018,PDB,False
6fa3,D1Z,7.42021640338319,1.82,2018,PDB,False
6fyz,EBE,7.4089353929735005,2.15,2018,PDB,False
6fa4,D1W,7.292429823902063,2.02,2018,PDB,False
6ckr,F5V,7.301029995663981,1.62,2018,PDB,False
6chp,F0Y,10.1249387366083,1.94,2018,PDB,False
6ht1,GQ5,7.113509274827518,2.10,2018,PDB,False
5mpn,YE5,7.070581074285707,1.23,2018,PDB,False
6b2c,C9Y,7.026872146400302,2.00,2018,PDB,False
5unp,8FY,10.017728766960431,2.92,2018,PDB,False
6fs1,E4Q,7.008773924307505,1.60,2018,PDB,False
6b1c,C9J,6.954677021213342,2.16,2018,PDB,False
5ya5,6TD,6.721246399047171,1.89,2018,PDB,False
6eq7,BS8,7.0,1.50,2018,PDB,False
6b1k,C9G,6.671620396561262,1.17,2018,PDB,False
6fa2,D2W,6.657577319177793,2.60,2018,PDB,False
5z7j,36J,6.6020599913279625,1.98,2018,PDB,False
5v37,8WD,9.468521082957745,1.42,2018,PDB,False
6fbv,FI8,6.522878745280337,3.50,2018,PDB,False
6ghp,EZ5,9.356547323513812,1.95,2018,PDB,False
5xo7,36J,6.356547323513813,1.88,2018,PDB,False
6gvz,CHO,6.3979400086720375,1.54,2018,PDB,False
5yf1,8V0,3.2839966563652006,2.40,2018,PDB,False
6drx,H8G,9.236572006437063,3.10,2018,PDB,False
6dkb,FKY,9.154901959985743,2.68,2018,PDB,False
6eq3,BU5,6.154901959985743,1.80,2018,PDB,False
6ckw,F6D,9.080921907623926,2.06,2018,PDB,False
5muc,AH2,6.039529222465701,2.60,2018,PDB,False
5ugm,8A7,5.8996294548824375,2.10,2018,PDB,False
6f7c,CVT,5.8996294548824375,2.00,2018,PDB,False
6gw4,CHO,5.920818753952375,2.30,2018,PDB,False
6eq2,BU8,5.886056647693163,1.80,2018,PDB,False
6mj7,ARG,2.8239087409443187,1.41,2018,PDB,False
6ftp,DM2,5.823908740944319,1.80,2018,PDB,False
6ced,EYA,5.823908740944319,1.70,2018,PDB,False
5vm0,9EG,8.795880017344075,1.79,2018,PDB,False
5y80,IRE,8.790484985457368,2.50,2018,PDB,False
6czf,G4P,5.795880017344075,1.95,2018,PDB,False
6dxl,HG4,5.795880017344075,2.45,2018,PDB,False
5mwh,UWX,5.7447274948966935,1.65,2018,PDB,False
5om7,DM2,5.7447274948966935,1.73,2018,PDB,False
6avi,KNA,5.7121982700697735,2.29,2018,PDB,False
6gnw,F52,4.991399828238082,1.75,2018,PDB,False
6ftz,E7E,3.0,1.67,2018,PDB,False
5qap,AV7,4.0,1.79,2018,PDB,False
5qam,GA6,4.0,1.87,2018,PDB,False
6bef,3YI,3.9829666607012197,3.21,2018,PDB,False
5os8,J27,3.978810700930062,1.55,2018,PDB,False
5yvt,NAI,3.962573502059376,2.40,2018,PDB,False
5o22,C3R,8.0,2.10,2018,PDB,False
5yft,RI2,5.0,2.21,2018,PDB,False
5yz2,AMP,4.94692155651658,1.75,2018,PDB,False
6b5a,CQS,7.943095148663527,1.62,2018,PDB,False
6hai,FWW,7.935542010773082,2.20,2018,PDB,False
5yqx,E0K,6.958607314841775,1.82,2018,PDB,False
5qa7,IQQ,3.958607314841775,1.82,2018,PDB,False
5qan,M8Q,3.958607314841775,2.30,2018,PDB,False
6fgf,EN2,3.958607314841775,2.80,2018,PDB,False
5o1c,9GZ,3.9469215565165805,1.32,2018,PDB,False
5o1g,9GK,3.9355420107730814,1.35,2018,PDB,False
6chn,F1D,7.958607314841775,2.03,2018,PDB,False
5qaa,EAJ,3.910094888560602,1.95,2018,PDB,False
5otr,AU8,4.920818753952375,1.52,2018,PDB,False
5yfs,RI2,4.860120913598763,2.30,2018,PDB,False
6cfd,EZA,7.856985199745905,2.57,2018,PDB,False
6gji,F1E,3.869666231504994,1.60,2018,PDB,False
6fnf,DXH,7.886056647693163,1.56,2018,PDB,False
5qat,T7O,3.853871964321762,1.90,2018,PDB,False
6fnj,DWT,6.847711655616943,1.24,2018,PDB,False
6csr,BHO,6.841637507904751,1.62,2018,PDB,False
5qah,EFX,3.8416375079047502,1.95,2018,PDB,False
5o1h,9GN,4.853871964321762,1.32,2018,PDB,False
5y7z,IRE,7.8124792791635365,2.80,2018,PDB,False
5qai,VM7,3.8239087409443187,1.90,2018,PDB,False
5qb0,AVA,3.7986028756795487,1.95,2018,PDB,False
6eq6,EV2,4.823908740944319,2.00,2018,PDB,False
6g36,EKH,7.787812395596042,1.46,2018,PDB,False
5qax,Q92,3.7958800173440754,2.31,2018,PDB,False
5y94,8QC,6.785156151952302,2.00,2018,PDB,False
6g0v,EGZ,3.779891911959945,1.09,2018,PDB,False
5yh8,8UX,6.775208043507319,2.12,2018,PDB,False
5qa8,JSX,3.769551078621726,2.50,2018,PDB,False
5qar,QIU,3.769551078621726,2.10,2018,PDB,False
5qa4,TI7,3.769551078621726,1.95,2018,PDB,False
5qad,WVV,3.769551078621726,1.75,2018,PDB,False
6fuh,E88,3.769551078621726,1.37,2018,PDB,False
5qa6,AUV,3.7569619513137056,1.95,2018,PDB,False
6faa,ADP,6.747146969020107,1.97,2018,PDB,False
6fa5,ADP,6.747146969020107,2.30,2018,PDB,False
6fac,ADP,6.747146969020107,2.05,2018,PDB,False
5o5a,9LN,4.769551078621726,1.60,2018,PDB,False
5orj,A4Q,4.769551078621726,1.99,2018,PDB,False
6fgg,D9B,4.769551078621726,1.10,2018,PDB,False
6i8y,2OD,6.7447274948966935,1.52,2018,PDB,False
5ov8,AXN,4.7447274948966935,1.80,2018,PDB,False
6eq5,AX7,4.7447274948966935,1.80,2018,PDB,False
6fse,E5K,4.7447274948966935,2.70,2018,PDB,False
5qas,CVF,3.721246399047171,1.90,2018,PDB,False
6gon,8PF,5.665546248849069,1.65,2018,PDB,False
6goo,8PF,5.665546248849069,1.80,2018,PDB,False
6h96,FWE,8.67778070526608,1.55,2018,PDB,False
6dki,GOD,8.638272163982407,2.11,2018,PDB,False
6gl8,F3Q,8.607303046740334,1.40,2018,PDB,False
6c99,EQY,5.619788758288394,2.00,2018,PDB,False
6eq4,BSW,5.619788758288394,1.40,2018,PDB,False
6dkg,GO7,8.585026652029182,2.53,2018,PDB,False
6d28,NEC,6.698970004336019,1.75,2018,PDB,False
5qag,Q2R,3.6989700043360187,2.30,2018,PDB,False
5yhe,8UX,6.691862621361961,2.47,2018,PDB,False
5os7,A8Q,3.688246138944246,1.66,2018,PDB,False
5o55,9L5,4.698970004336019,1.45,2018,PDB,False
5o1b,9H2,4.698970004336019,1.43,2018,PDB,False
5qb1,F1C,4.698970004336019,1.80,2018,PDB,False
6fut,E82,4.698970004336019,1.50,2018,PDB,False
5qak,AV4,3.657577319177794,1.90,2018,PDB,False
6cwn,6LA,6.645891560852599,1.53,2018,PDB,False
5qab,XEV,3.6458915608525992,2.15,2018,PDB,False
5o1d,9GW,4.657577319177793,1.36,2018,PDB,False
6bee,RXM,4.657577319177793,3.11,2018,PDB,False
5qa9,QKU,3.638272163982407,1.90,2018,PDB,False
5ork,A4T,3.630784142589857,2.14,2018,PDB,False
5qae,Q4G,3.619788758288394,2.10,2018,PDB,False
5qao,Z8R,3.619788758288394,2.00,2018,PDB,False
5oqu,A4B,3.612610173661271,2.32,2018,PDB,False
6beb,RFV,3.6090648928966207,2.55,2018,PDB,False
5qac,U4J,3.6020599913279625,2.00,2018,PDB,False
6css,FBJ,7.6020599913279625,1.70,2018,PDB,False
5n1p,8GK,4.6020599913279625,1.45,2018,PDB,False
6gnp,F4Z,4.546528766277064,2.02,2018,PDB,False
5qaq,S1C,3.537602002101044,2.40,2018,PDB,False
6cwi,6LA,7.5376020021010435,2.16,2018,PDB,False
6cwh,6LA,7.5376020021010435,2.00,2018,PDB,False
6cwf,6LA,7.5376020021010435,2.25,2018,PDB,False
6ggv,ARG,7.5376020021010435,2.69,2018,PDB,False
6hd6,FYH,5.698970004336019,2.30,2018,PDB,False
6gr7,F52,5.496209316942819,1.40,2018,PDB,False
6g14,G4P,5.486782399932061,1.80,2018,PDB,False
6grp,F4Z,5.476253533188435,1.60,2018,PDB,False
6h7n,FVK,8.455931955649724,2.50,2018,PDB,False
6ekq,B0H,5.455931955649724,1.65,2018,PDB,False
5owa,B0H,5.455931955649724,1.95,2018,PDB,False
6gnr,6J3,5.442492798094342,1.40,2018,PDB,False
5vl2,9EG,8.423658649794207,1.90,2018,PDB,False
5qa5,L5D,3.5228787452803374,1.95,2018,PDB,False
5o1f,9GQ,4.522878745280337,1.38,2018,PDB,False
5o1a,9H5,4.522878745280337,1.44,2018,PDB,False
6fhk,ADP,7.506541949004812,1.66,2018,PDB,False
5qaf,S1D,3.505845405981557,2.15,2018,PDB,False
5qaj,VBC,3.4814860601221125,2.00,2018,PDB,False
5o1e,9GT,4.481486060122113,1.30,2018,PDB,False
5qal,TVZ,3.4559319556497243,1.95,2018,PDB,False
5msb,V13,7.455931955649724,1.30,2018,PDB,False
6fui,E7W,4.455931955649724,1.38,2018,PDB,False
6mdq,TES,3.4353339357479107,2.15,2018,PDB,False
6h8s,FSZ,4.423658649794207,1.77,2018,PDB,False
5w8j,9Y7,6.431798275933005,1.55,2018,PDB,False
5osl,A9K,3.425968732272281,1.95,2018,PDB,False
5yij,NAI,3.4190750243243806,3.18,2018,PDB,False
6hk6,G8H,6.405607449624573,2.35,2018,PDB,False
6csp,FBM,8.522878745280337,1.24,2018,PDB,False
6g0z,GDP,5.315154638355588,2.15,2018,PDB,False
5qaz,Q2S,3.3979400086720375,2.20,2018,PDB,False
5qaw,TVC,3.3979400086720375,2.20,2018,PDB,False
6csq,F9P,6.3872161432802645,2.03,2018,PDB,False
5orh,A4N,4.3872161432802645,1.75,2018,PDB,False
6e4a,HRY,7.356547323513812,1.26,2018,PDB,False
6h77,ATP,7.334419008982047,2.10,2018,PDB,False
6h78,ATP,7.334419008982047,2.70,2018,PDB,False
6f20,C9E,4.305394801066432,2.00,2018,PDB,False
5qb3,AVM,4.309803919971486,2.00,2018,PDB,False
5o1i,9GH,5.3979400086720375,1.40,2018,PDB,False
6gzh,LCI,8.267606240177031,3.17,2018,PDB,False
6gzm,LCI,8.259637310505756,1.59,2018,PDB,False
6cpw,F8V,8.2518119729938,1.85,2018,PDB,False
6fug,E85,4.301029995663981,2.21,2018,PDB,False
6fuj,E8B,4.301029995663981,2.25,2018,PDB,False
6gnm,27M,4.2627278234644566,2.24,2018,PDB,False
6fsd,E5H,4.2441251443275085,2.70,2018,PDB,False
5qay,X6P,3.2291479883578558,1.70,2018,PDB,False
5v3h,8WG,8.301029995663981,2.69,2018,PDB,False
5wmg,6JF,8.214670164989233,1.19,2018,PDB,False
5otz,AUT,5.187086643357144,1.46,2018,PDB,False
6fni,DXH,8.221848749616356,1.47,2018,PDB,False
5y2f,8L9,5.154901959985743,2.53,2018,PDB,False
5mwz,KGU,5.1487416512809245,1.25,2018,PDB,False
6gw1,CHO,5.142667503568732,1.90,2018,PDB,False
6gwr,FEW,8.102372908709558,2.07,2018,PDB,False
5qav,L43,4.154901959985743,1.72,2018,PDB,False
5qb2,U3M,4.154901959985743,1.75,2018,PDB,False
5qau,V7V,4.154901959985743,1.75,2018,PDB,False
6fng,DWT,7.136677139879544,1.04,2018,PDB,False
6h7f,FV8,6.117475462045119,2.26,2018,PDB,False
5om3,DXT,4.101274818410507,2.00,2018,PDB,False
6hpw,GKT,6.09312646527793,1.90,2018,PDB,False
5y8y,8PX,7.086186147616283,1.87,2018,PDB,False
6beh,RPT,4.086186147616283,3.00,2018,PDB,False
5om2,DXT,4.06198090252379,1.47,2018,PDB,False
6ce6,EYP,5.096910013008056,1.60,2018,PDB,False
6chl,EXJ,8.045757490560675,2.20,2018,PDB,False
6gzd,LCI,8.008773924307505,2.28,2018,PDB,False
6i8b,H7T,8.00436480540245,1.76,2018,PDB,False
5yhg,8UX,6.021226215669878,2.03,2018,PDB,False
6bec,RBT,4.008773924307505,2.91,2018,PDB,False
5y6g,C2E,7.00436480540245,2.30,2018,PDB,False
6bxy,EEV,8.045757490560675,1.82,2018,PDB,False
6exi,ADN,5.045757490560675,1.92,2018,PDB,False
6e9a,J0S,11.920818753952375,1.22,2018,PDB,False
6cdj,GR8,11.698970004336019,1.13,2018,PDB,False
6cdl,GR5,10.920818753952375,1.25,2018,PDB,False
3v6r,CQQ,6.149353764816934,2.60,2012,PDB,True
3v4j,PQR,5.040958607678906,2.04,2012,PDB,True
4f3h,C2E,6.376750709602099,2.50,2012,PDB,True
4z7f,FOL,7.525783735923745,3.19,2015,PDB,True
4xcu,40M,8.221848749616356,1.71,2015,PDB,True
4x0u,3W9,7.3979400086720375,1.95,2015,PDB,True
4x6j,3Y2,7.795880017344075,1.59,2015,PDB,True
5ngf,8WN,5.107905397309519,2.33,2017,PDB,True
5mqy,GH4,7.113509274827518,1.13,2017,PDB,True
5waf,A0Y,9.346787486224656,2.03,2017,PDB,True
5kyk,6ZD,5.795880017344075,2.70,2017,PDB,True
5ugc,8BS,7.886056647693163,1.58,2017,PDB,True
5mae,7KN,6.835647144215563,1.00,2017,PDB,True
5wae,A1J,6.795880017344075,1.80,2017,PDB,True
5tg6,J4W,4.548213564475709,1.78,2017,PDB,True
5tg7,JW3,4.525783735923745,2.28,2017,PDB,True
5ug8,8BP,8.698970004336019,1.46,2017,PDB,True
5maj,7KH,7.455931955649724,1.00,2017,PDB,True
5wac,A1M,7.42021640338319,2.06,2017,PDB,True
5tg4,JW1,3.3233063903751336,1.44,2017,PDB,True
5w12,9TG,7.275724130399211,1.88,2017,PDB,True
5wag,A0V,5.213958789757446,1.93,2017,PDB,True
5wad,QQZ,8.10790539730952,2.09,2017,PDB,True
5xhr,PXH,5.102372908709558,1.80,2017,PDB,True
5j87,N42,8.050609993355087,1.59,2017,PDB,True
5ug9,8AM,8.096910013008056,1.33,2017,PDB,True
5tg5,JW8,4.011887159731648,1.75,2017,PDB,True
6ffn,D8K,8.221848749616356,1.75,2018,PDB,True
5x02,F6M,9.853871964321762,2.40,2018,PDB,True
6bib,DW7,5.795880017344075,1.95,2018,PDB,True
6g7f,EPW,4.995678626217358,2.70,2018,PDB,True
6bl1,DWG,6.958607314841775,2.02,2018,PDB,True
6fdq,2UQ,3.9469215565165805,2.30,2018,PDB,True
4hbw,14Z,5.318758762624412,1.69,2012,PDB,False
4ddl,0JQ,8.309803919971486,2.07,2012,PDB,False
4acu,QN7,7.39040559077478,1.75,2012,PDB,False
4dpf,0LG,6.3979400086720375,1.80,2012,PDB,False
3vyd,VYD,6.391473966422806,2.81,2012,PDB,False
3v4v,0DU,7.376750709602099,3.10,2012,PDB,False
4eg6,0P5,7.366531544420414,2.90,2012,PDB,False
4anv,751,6.355561410532162,2.13,2012,PDB,False
4an9,2P7,7.356547323513812,2.80,2012,PDB,False
4ewo,996,7.356547323513812,1.80,2012,PDB,False
4eeh,HH6,4.346787486224656,1.60,2012,PDB,False
4eg7,0P4,7.337242168318426,2.75,2012,PDB,False
4hco,IMW,4.324404943613254,2.75,2012,PDB,False
3vbq,0F5,9.327902142064282,1.85,2012,PDB,False
4awq,592,6.319664486585436,1.60,2012,PDB,False
3tkh,07S,7.327902142064283,1.79,2012,PDB,False
3r8z,Z63,4.309803919971486,1.85,2012,PDB,False
3s4q,NK0,8.397940008672037,2.27,2012,PDB,False
4fll,YZ6,5.289036881004725,1.50,2012,PDB,False
3t4h,MD5,5.2839966563652006,1.65,2012,PDB,False
4flk,Y10,5.253365801062421,1.47,2012,PDB,False
4di2,0K9,8.259637310505756,2.00,2012,PDB,False
3sb0,I93,5.259637310505756,2.20,2012,PDB,False
3vjl,W94,8.2518119729938,2.39,2012,PDB,False
3rjc,06Z,5.2441251443275085,1.85,2012,PDB,False
4gb9,0WR,6.267606240177032,2.44,2012,PDB,False
3veu,0GO,7.259637310505756,1.52,2012,PDB,False
3th8,TH9,6.251811972993799,2.11,2012,PDB,False
3ua9,IWR,7.251811972993799,2.15,2012,PDB,False
4f8h,RKE,4.236572006437063,2.99,2012,PDB,False
2ydj,YDJ,8.301029995663981,1.85,2012,PDB,False
3rvg,17P,8.301029995663981,2.50,2012,PDB,False
3tyq,HI4,8.301029995663981,1.60,2012,PDB,False
4ejn,0R4,8.301029995663981,2.19,2012,PDB,False
4hgs,15G,8.301029995663981,2.40,2012,PDB,False
3r8u,Z31,5.301029995663981,2.00,2012,PDB,False
3udp,09D,5.221848749616356,1.95,2012,PDB,False
4h2m,0YV,5.214670164989233,1.78,2012,PDB,False
3u6j,03X,8.207608310501746,2.15,2012,PDB,False
4anb,YQY,8.18045606445813,2.20,2012,PDB,False
4aac,AAV,8.173925197299173,2.50,2012,PDB,False
3rni,21Z,5.173925197299173,1.95,2012,PDB,False
4ask,K0I,7.221848749616356,1.86,2012,PDB,False
4deh,0JK,6.213248577854439,2.00,2012,PDB,False
3vid,4TT,6.2076083105017466,2.30,2012,PDB,False
4eyj,N61,6.2076083105017466,2.10,2012,PDB,False
4f64,0S8,7.199970640755866,2.05,2012,PDB,False
4ega,0P8,7.187086643357144,2.70,2012,PDB,False
4azt,LY2,4.167491087293763,2.34,2012,PDB,False
3upi,0C2,8.221848749616356,2.00,2012,PDB,False
4deg,0JJ,8.221848749616356,2.00,2012,PDB,False
3vbw,0FN,5.221848749616356,2.48,2012,PDB,False
3v5l,0G1,8.154901959985743,1.86,2012,PDB,False
3udn,09B,5.154901959985743,2.19,2012,PDB,False
4flj,Y08,5.127843727251707,1.74,2012,PDB,False
3vye,VYE,8.113509274827518,2.70,2012,PDB,False
4em7,0RA,5.113509274827518,1.90,2012,PDB,False
4hai,I23,8.102372908709558,2.55,2012,PDB,False
4esi,0RB,4.154901959985743,1.87,2012,PDB,False
4hnf,16W,6.148130399270234,2.07,2012,PDB,False
3r9d,X6B,4.1487416512809245,1.95,2012,PDB,False
4aw5,30K,6.116338564846382,2.33,2012,PDB,False
4acx,S8Z,7.110138278741812,2.00,2012,PDB,False
4dpi,0N1,7.107905397309519,1.90,2012,PDB,False
4h1m,0YJ,7.107905397309519,1.99,2012,PDB,False
2ydk,YDK,8.154901959985743,1.90,2012,PDB,False
4erw,STU,8.154901959985743,2.00,2012,PDB,False
4e4x,T1Q,8.154901959985743,3.60,2012,PDB,False
4edz,0O5,8.083019952679617,2.00,2012,PDB,False
4f6x,ZYL,5.086186147616283,1.98,2012,PDB,False
4exg,916,8.070581074285707,1.80,2012,PDB,False
3v8w,0G2,8.065501548756432,2.27,2012,PDB,False
4awp,99A,7.0915149811213505,1.82,2012,PDB,False
3rmf,20Z,4.086186147616283,1.75,2012,PDB,False
4ec0,7PQ,6.073143291050307,1.85,2012,PDB,False
4gdy,0X1,7.075720713938118,2.89,2012,PDB,False
4eft,EFT,4.070581074285707,2.12,2012,PDB,False
4eg5,0OU,8.096910013008056,3.10,2012,PDB,False
4hgl,0YO,8.096910013008056,2.40,2012,PDB,False
4aa4,QC0,8.045757490560675,2.30,2012,PDB,False
3t0t,I30,7.040958607678906,3.10,2012,PDB,False
4eym,0RX,4.00547608965833,2.35,2012,PDB,False
4d8e,E64,7.008773924307505,1.50,2012,PDB,False
4b74,1LH,7.657577319177793,2.18,2012,PDB,False
3uug,BDP,4.508638306165727,1.75,2012,PDB,False
4dy6,A22,4.3979400086720375,2.20,2012,PDB,False
3s8x,E59,7.301029995663981,1.30,2012,PDB,False
4b73,4VA,7.2076083105017466,2.50,2012,PDB,False
4ajn,88V,7.161150909262744,2.10,2012,PDB,False
4daf,0J4,7.119186407719209,2.50,2012,PDB,False
3u15,03M,7.107905397309519,1.80,2012,PDB,False
4ajo,88N,7.031517051446065,1.96,2012,PDB,False
4fcq,2N6,6.995678626217358,2.15,2012,PDB,False
4i47,MY6,6.920818753952375,2.65,2012,PDB,False
4al4,W7E,6.886056647693163,1.78,2012,PDB,False
3s9t,E49,6.823908740944319,1.30,2012,PDB,False
4b2d,SER,3.6989700043360187,2.30,2012,PDB,False
3uzc,T4E,9.605548319173783,3.34,2012,PDB,False
3v3q,TMY,6.6020599913279625,2.22,2012,PDB,False
4dkq,0LK,6.6020599913279625,1.89,2012,PDB,False
4db7,Z25,6.5638373529592435,2.50,2012,PDB,False
3sax,E50,6.568636235841013,1.10,2012,PDB,False
4a4v,YFD,6.542118103266008,2.00,2012,PDB,False
4ewn,0VR,6.698970004336019,1.90,2012,PDB,False
4dkr,0LJ,6.522878745280337,1.80,2012,PDB,False
4dve,BTN,9.522878745280337,2.09,2012,PDB,False
4dko,0LM,6.522878745280337,1.98,2012,PDB,False
4fcr,0TM,9.397940008672037,1.70,2012,PDB,False
4eu0,C2E,6.3979400086720375,1.70,2012,PDB,False
4d8z,0J2,6.292429823902063,2.20,2012,PDB,False
3vhd,VHE,9.2839966563652,1.52,2012,PDB,False
4euv,C2E,6.301029995663981,2.00,2012,PDB,False
4etz,C2E,6.301029995663981,2.05,2012,PDB,False
4e8y,IHA,6.0915149811213505,2.60,2012,PDB,False
4euc,0RQ,6.096910013008056,2.64,2012,PDB,False
4glw,0XT,6.096910013008056,2.00,2012,PDB,False
4ara,C56,6.045757490560675,2.50,2012,PDB,False
4fm8,0UQ,5.97469413473523,1.90,2012,PDB,False
3uza,T4G,8.935542010773082,3.27,2012,PDB,False
4ai5,ADK,2.9208187539523753,2.22,2012,PDB,False
3vhc,VHC,8.886056647693163,1.41,2012,PDB,False
4arb,C57,5.886056647693163,2.25,2012,PDB,False
3udh,091,2.853871964321762,1.70,2012,PDB,False
3que,3FF,8.823908740944319,2.70,2012,PDB,False
3r5n,MLO,5.777283528852417,2.00,2012,PDB,False
4dkp,0LL,5.721246399047171,1.80,2012,PDB,False
3t0x,DIW,8.0,1.96,2012,PDB,False
4g8l,25A,8.0,2.80,2012,PDB,False
4f1q,0RZ,4.950781977329818,2.80,2012,PDB,False
4g8m,G8M,7.892790030352131,2.05,2012,PDB,False
2yim,MC4,3.9208187539523753,1.41,2012,PDB,False
3sbi,E90,7.920818753952375,1.40,2012,PDB,False
4aj4,VAB,3.886056647693163,1.90,2012,PDB,False
4ab8,VXU,3.8664610916297826,1.60,2012,PDB,False
3ttn,SPD,7.844663962534938,2.00,2012,PDB,False
4ago,P74,4.809668301829708,1.45,2012,PDB,False
4aba,SW1,3.815308569182401,1.25,2012,PDB,False
4ahv,Z5P,1.8239087409443189,1.80,2012,PDB,False
4ajl,88W,3.7958800173440754,1.77,2012,PDB,False
4glx,0XS,7.795880017344075,1.90,2012,PDB,False
3uvq,FS8,7.769551078621726,2.20,2012,PDB,False
4a4w,YFB,7.721246399047171,2.00,2012,PDB,False
4egk,RDC,7.721246399047171,1.69,2012,PDB,False
4fvq,ATP,6.0,1.75,2012,PDB,False
4fvr,ATP,6.0,2.00,2012,PDB,False
4dru,0LN,8.619788758288394,2.10,2012,PDB,False
2yhw,BM3,5.6020599913279625,1.64,2012,PDB,False
2yhy,BM3,5.6020599913279625,1.82,2012,PDB,False
3ubd,SL0,5.537602002101044,1.53,2012,PDB,False
4agp,P51,4.686132779630847,1.50,2012,PDB,False
4aje,2B4,3.677780705266081,2.35,2012,PDB,False
4aia,ADK,3.657577319177794,1.80,2012,PDB,False
2yme,CWB,7.657577319177793,2.40,2012,PDB,False
4gq4,0RT,7.657577319177793,1.27,2012,PDB,False
4abf,513,4.619788758288394,1.30,2012,PDB,False
3sap,E2I,7.585026652029182,1.75,2012,PDB,False
4abg,91B,3.567030709125594,1.52,2012,PDB,False
4aji,88R,3.552841968657781,1.93,2012,PDB,False
4b76,PW1,4.5376020021010435,2.14,2012,PDB,False
3rqw,ACH,2.6989700043360187,2.91,2012,PDB,False
4eo6,0S2,8.698970004336019,1.79,2012,PDB,False
3ttm,PUT,8.522878745280337,2.00,2012,PDB,False
4ah9,0MB,2.4559319556497243,1.70,2012,PDB,False
4f5y,C2E,5.431798275933005,2.40,2012,PDB,False
4abb,K9S,4.508638306165727,1.25,2012,PDB,False
4emr,MGP,7.493494967595128,1.75,2012,PDB,False
4epy,0QY,3.468521082957745,1.80,2012,PDB,False
4aft,QMR,6.465973893943865,3.20,2012,PDB,False
3t2w,BTN,7.455931955649724,1.50,2012,PDB,False
4ffs,BIG,10.443697499232712,1.90,2012,PDB,False
2yi5,YI5,7.4089353929735005,2.50,2012,PDB,False
3tct,3MI,8.522878745280337,1.30,2012,PDB,False
3tgs,03G,5.3872161432802645,2.70,2012,PDB,False
4g0k,0VS,5.366531544420414,2.56,2012,PDB,False
3r7o,M61,8.356547323513812,2.30,2012,PDB,False
3r8i,XCX,5.346787486224656,2.30,2012,PDB,False
2yi7,BZ8,8.318758762624412,1.40,2012,PDB,False
4abe,913,3.3979400086720375,1.30,2012,PDB,False
3re4,TO1,7.3979400086720375,2.00,2012,PDB,False
3vha,VHA,7.3979400086720375,1.39,2012,PDB,False
4abd,SW2,4.3979400086720375,1.25,2012,PDB,False
4aj2,52C,2.3767507096020997,1.75,2012,PDB,False
3rsr,N5P,4.356547323513813,2.30,2012,PDB,False
3r5m,MLO,4.34008379993015,2.80,2012,PDB,False
4azf,3RA,6.346787486224656,2.55,2012,PDB,False
4ab9,VXQ,3.33161408331,1.20,2012,PDB,False
4ahu,ICO,2.2676062401770314,1.90,2012,PDB,False
3ug2,IRE,8.2518119729938,2.50,2012,PDB,False
3t0w,DIW,7.301029995663981,1.50,2012,PDB,False
3upk,UD1,4.301029995663981,2.00,2012,PDB,False
3sbh,E65,7.2839966563652006,1.65,2012,PDB,False
4aoc,A1Q,4.269217724333611,2.70,2012,PDB,False
4fm7,0UP,7.2441251443275085,1.56,2012,PDB,False
5aom,FY8,2.896196279044043,1.74,2015,PDB,False
5e1s,5JA,7.920818753952375,2.26,2015,PDB,False
4rlw,BUN,4.872895201635193,2.20,2015,PDB,False
4rra,A3T,4.872895201635193,1.70,2015,PDB,False
4zl4,4PK,7.860120913598763,2.37,2015,PDB,False
4yw7,4J0,6.886056647693163,1.82,2015,PDB,False
4xya,43S,5.863279432843593,2.05,2015,PDB,False
4wmx,3R7,4.85078088734462,2.00,2015,PDB,False
5efc,GTP,4.85078088734462,1.90,2015,PDB,False
5d1r,56S,4.841637507904751,2.00,2015,PDB,False
5efa,MGT,4.8326826652518236,1.90,2015,PDB,False
5acw,RHU,3.838631997765025,1.80,2015,PDB,False
4res,BUF,7.853871964321762,3.41,2015,PDB,False
4x5r,3XO,7.853871964321762,1.65,2015,PDB,False
4w57,N4B,4.853871964321762,1.68,2015,PDB,False
4rlu,HCC,4.818156412055227,2.20,2015,PDB,False
4oew,5IO,6.818156412055227,2.44,2015,PDB,False
4rrg,A3T,2.8129024994165226,1.93,2015,PDB,False
4qpd,THG,7.823908740944319,2.10,2015,PDB,False
4xqb,425,3.7867479478036032,1.60,2015,PDB,False
5ahu,G76,6.777283528852417,2.69,2015,PDB,False
4q46,GDP,3.7721132953863266,1.80,2015,PDB,False
4qjw,WWO,7.795880017344075,1.55,2015,PDB,False
4wop,CTP,4.764471553092451,2.39,2015,PDB,False
4cjn,QNZ,4.7559704109699785,1.95,2015,PDB,False
4x50,3X8,7.752026733638194,2.00,2015,PDB,False
4x63,3XV,6.767003889607846,3.05,2015,PDB,False
4pvx,YS1,6.764471553092451,2.18,2015,PDB,False
4w52,BNZ,3.7569619513137056,1.50,2015,PDB,False
5am6,38O,6.732828271596986,1.96,2015,PDB,False
4w55,3H0,4.7447274948966935,1.64,2015,PDB,False
5alb,TIQ,10.707743928643524,2.16,2015,PDB,False
4tyb,3B1,1.699187205881883,2.93,2015,PDB,False
4crl,C1I,9.709965388637482,2.40,2015,PDB,False
4pvy,JD1,6.705533773838407,2.05,2015,PDB,False
4u0w,16G,3.0,2.00,2015,PDB,False
4x5q,3XN,9.0,1.12,2015,PDB,False
4ycw,KRS,5.6777807052660805,2.90,2015,PDB,False
4zek,LAH,5.657577319177793,2.09,2015,PDB,False
4ydn,2WN,8.638272163982407,1.35,2015,PDB,False
4zyf,4T4,8.638272163982407,1.80,2015,PDB,False
4tkb,DAO,5.59176003468815,.86,2015,PDB,False
4qjp,V1F,8.602059991327963,1.62,2015,PDB,False
4wz6,ATP,5.6020599913279625,2.05,2015,PDB,False
4zzy,D7N,5.6020599913279625,2.20,2015,PDB,False
5afv,JH5,5.585026652029182,2.25,2015,PDB,False
5a81,78J,5.537602002101044,2.03,2015,PDB,False
4q0l,V14,7.698970004336019,2.00,2015,PDB,False
4ymg,SAM,4.6777807052660805,1.90,2015,PDB,False
5a5q,6XC,4.6777807052660805,1.97,2015,PDB,False
5aoj,Y0V,4.6777807052660805,1.47,2015,PDB,False
4y4v,DAL,3.6497519816658373,2.04,2015,PDB,False
4q06,V90,7.657577319177793,1.15,2015,PDB,False
5a46,38O,7.657577319177793,2.63,2015,PDB,False
4x5z,3XY,7.627087997029894,1.86,2015,PDB,False
5dqe,5E4,3.630784142589857,2.18,2015,PDB,False
4y94,IHP,6.623423042943488,2.40,2015,PDB,False
4rrf,A3S,3.6212388246836267,1.70,2015,PDB,False
4r73,G6P,7.638272163982407,1.60,2015,PDB,False
5e73,UO1,4.638272163982407,1.71,2015,PDB,False
4qp1,EMU,3.607303046740334,2.70,2015,PDB,False
4uin,QI9,7.619788758288394,2.50,2015,PDB,False
4x8o,AP5,6.6020599913279625,2.10,2015,PDB,False
5dqf,CZE,3.596879478824182,2.15,2015,PDB,False
3x1k,ANP,3.5917600346881504,2.55,2015,PDB,False
5cs5,PIN,1.575118363368933,1.90,2015,PDB,False
4or4,M7G,4.5718652059712115,2.21,2015,PDB,False
4xbo,SAH,4.585026652029182,2.60,2015,PDB,False
5a7b,KMN,3.567030709125594,1.40,2015,PDB,False
4yrd,3IT,4.568636235841013,2.44,2015,PDB,False
4x3t,45E,4.539102157243452,2.14,2015,PDB,False
5btx,CMP,3.552841968657781,2.10,2015,PDB,False
4x2s,ASP,6.54515513999149,4.21,2015,PDB,False
4ywa,4J9,7.552841968657781,1.19,2015,PDB,False
5cqu,JRJ,6.5376020021010435,2.35,2015,PDB,False
4rwj,66T,8.698970004336019,2.49,2015,PDB,False
5bnj,4TV,8.698970004336019,2.64,2015,PDB,False
5e8r,5L6,8.698970004336019,2.55,2015,PDB,False
4zba,GDS,5.510041520575165,1.50,2015,PDB,False
4urz,VJP,2.5228787452803374,2.24,2015,PDB,False
4rt0,C2E,5.504455662453552,1.80,2015,PDB,False
4u5n,3D4,2.4814860601221125,2.31,2015,PDB,False
4uc5,PHE,5.481486060122113,2.19,2015,PDB,False
4ycu,KRS,5.481486060122113,2.10,2015,PDB,False
4qb3,30M,5.468521082957745,.94,2015,PDB,False
4rrq,A3S,5.468521082957745,1.79,2015,PDB,False
4xcb,HY0,5.468521082957745,1.60,2015,PDB,False
4css,CWX,8.455931955649724,1.07,2015,PDB,False
4d62,SIA,2.438898616350944,2.50,2015,PDB,False
4u5o,3D5,2.42021640338319,2.00,2015,PDB,False
5cbs,E42,5.4089353929735005,1.80,2015,PDB,False
4u5s,3D0,2.408935392973501,2.12,2015,PDB,False
5ct1,NHE,1.5199930570428493,2.00,2015,PDB,False
4wey,EG6,3.4975728800155674,1.55,2015,PDB,False
4zph,PRL,7.508638306165727,2.80,2015,PDB,False
5c3p,AKG,4.46344155742847,2.10,2015,PDB,False
4zji,4OQ,6.468521082957745,1.99,2015,PDB,False
4qp6,36N,3.4647058799572297,3.10,2015,PDB,False
5dtj,5G8,4.468521082957745,2.71,2015,PDB,False
4rrr,A3T,4.441291429466834,1.86,2015,PDB,False
4x21,3WH,7.443697499232712,1.95,2015,PDB,False
4y16,48G,7.430626090384954,2.60,2015,PDB,False
4qn9,DXC,4.414539270491499,2.65,2015,PDB,False
5ael,QAF,7.406713932979542,2.60,2015,PDB,False
5c5h,4YB,6.404503778174426,2.40,2015,PDB,False
4xy8,43U,6.401209493236885,1.70,2015,PDB,False
5ea6,5NP,7.4089353929735005,2.75,2015,PDB,False
5e74,5KH,4.4089353929735005,1.78,2015,PDB,False
4tya,3AE,2.393618634889395,2.94,2015,PDB,False
4cl6,7SB,5.392544976785332,2.41,2015,PDB,False
4u5l,3D6,2.3979400086720375,2.53,2015,PDB,False
5d21,56N,8.3767507096021,1.90,2015,PDB,False
4r07,UCG,5.318758762624412,2.00,2015,PDB,False
4or6,GDP,5.309803919971486,2.29,2015,PDB,False
4omk,SQL,4.396855627379818,1.75,2015,PDB,False
4qjo,V1F,7.3979400086720375,1.80,2015,PDB,False
4zt8,CYT,4.3872161432802645,1.98,2015,PDB,False
4xtt,2BA,7.3655227298392685,2.71,2015,PDB,False
4z93,4LD,7.350665141287858,1.27,2015,PDB,False
4wyp,AMP,3.3565473235138126,1.50,2015,PDB,False
4wet,WEF,3.3526170298853804,1.63,2015,PDB,False
4xmb,41P,7.356547323513812,2.43,2015,PDB,False
4u7o,AN2,3.3467874862246565,2.40,2015,PDB,False
4cp5,EOI,3.344861565188618,2.32,2015,PDB,False
4xy9,43U,5.332453660488484,1.83,2015,PDB,False
5agi,ANZ,4.337242168318426,1.47,2015,PDB,False
5ab9,92O,6.327902142064283,1.36,2015,PDB,False
5aol,UFV,2.318758762624413,1.50,2015,PDB,False
4qj0,WWX,7.318758762624412,1.55,2015,PDB,False
4ucc,ZKW,4.318758762624412,2.05,2015,PDB,False
4z6i,4L3,6.30715308072277,1.95,2015,PDB,False
4omj,2TX,5.26440110030182,1.60,2015,PDB,False
5a4c,XOJ,8.244125144327509,2.09,2015,PDB,False
4y59,T21,5.236572006437063,1.22,2015,PDB,False
4q08,V90,6.301029995663981,1.07,2015,PDB,False
4qiy,WWX,7.301029995663981,1.30,2015,PDB,False
5a14,LQ5,7.301029995663981,2.00,2015,PDB,False
4wyz,U3P,4.301029995663981,1.45,2015,PDB,False
4zme,ADN,4.301029995663981,1.98,2015,PDB,False
4qjx,WWO,7.2839966563652006,1.95,2015,PDB,False
5cfb,SY9,7.2839966563652006,3.04,2015,PDB,False
4ryl,3ZG,7.275724130399211,2.10,2015,PDB,False
4r0a,URI,4.259637310505756,1.90,2015,PDB,False
4r75,S7P,7.2441251443275085,1.28,2015,PDB,False
4uil,QI9,7.236572006437063,2.85,2015,PDB,False
4unp,TXW,3.2291479883578558,2.30,2015,PDB,False
4pyy,V14,7.229147988357855,1.75,2015,PDB,False
4uru,6W2,2.221848749616356,2.83,2015,PDB,False
4ury,RV1,2.221848749616356,2.47,2015,PDB,False
4x5p,3XJ,8.207608310501746,1.00,2015,PDB,False
5acy,9S3,8.193820026016112,2.01,2015,PDB,False
4q09,V14,8.173925197299173,1.20,2015,PDB,False
4qjm,V1F,8.173925197299173,1.75,2015,PDB,False
5aut,2AN,5.173925197299173,1.70,2015,PDB,False
5ahw,CMP,5.166215625343521,2.15,2015,PDB,False
4zud,OLM,8.161150909262744,2.80,2015,PDB,False
4z6h,4L2,6.213248577854439,1.80,2015,PDB,False
5am7,38O,7.1904402853647325,1.96,2015,PDB,False
4rwk,66T,7.1938200260161125,2.98,2015,PDB,False
4uce,MZS,3.167491087293764,2.95,2015,PDB,False
5bv3,M7G,7.167491087293763,2.25,2015,PDB,False
4w54,PYJ,4.167491087293763,1.79,2015,PDB,False
5f2k,SAH,6.15676722190199,1.60,2015,PDB,False
4x11,SIA,2.221848749616356,2.30,2015,PDB,False
4pdk,3VV,8.221848749616356,2.80,2015,PDB,False
5cgj,51M,5.221848749616356,3.36,2015,PDB,False
5cs3,EP1,2.154901959985743,2.50,2015,PDB,False
4qiz,WWX,8.148741651280925,1.55,2015,PDB,False
4q07,V14,8.136677139879543,1.15,2015,PDB,False
5alc,TIQ,8.130768280269024,1.70,2015,PDB,False
4zed,AGW,5.1249387366083,1.75,2015,PDB,False
5d1w,PLM,5.1249387366083,3.59,2015,PDB,False
5ea4,5NM,8.10790539730952,2.30,2015,PDB,False
4xt2,43L,7.154901959985743,1.70,2015,PDB,False
4pyx,V90,6.136677139879544,1.80,2015,PDB,False
5dq8,FLF,4.136677139879544,2.31,2015,PDB,False
5c5t,AKG,3.1272611725273314,1.60,2015,PDB,False
4zow,CLM,4.1249387366083,2.45,2015,PDB,False
4d52,GIV,3.11069829749369,1.76,2015,PDB,False
4wf4,WF4,3.109578981199086,1.70,2015,PDB,False
4ymx,ARG,7.102372908709558,1.48,2015,PDB,False
4ycl,CZA,8.154901959985743,3.25,2015,PDB,False
4qip,SDS,5.154901959985743,2.00,2015,PDB,False
4oiv,XX9,5.081445469449727,1.70,2015,PDB,False
4xx9,RF4,5.075720713938118,1.40,2015,PDB,False
4u54,3C5,2.0604807473813813,2.41,2015,PDB,False
5ea5,TM3,8.060480747381382,3.05,2015,PDB,False
4ty9,3B0,2.0476919903378747,2.78,2015,PDB,False
4x8t,3Z8,2.050609993355087,2.20,2015,PDB,False
5cc2,CKA,4.096910013008056,2.50,2015,PDB,False
4yw6,G0P,7.080921907623926,1.40,2015,PDB,False
4wmy,3S6,7.070581074285707,1.60,2015,PDB,False
4xmr,ILE,4.0655015487564325,1.30,2015,PDB,False
4r74,F6P,8.096910013008056,1.93,2015,PDB,False
4rwl,3ZC,8.096910013008056,2.19,2015,PDB,False
4yp1,2BA,5.040958607678906,2.65,2015,PDB,False
4ty8,3AV,2.0310503190186573,2.78,2015,PDB,False
4x5y,3XW,8.031517051446064,1.59,2015,PDB,False
4rcg,GDP,5.031517051446065,2.60,2015,PDB,False
4zjj,4OR,8.00436480540245,2.20,2015,PDB,False
4wmv,3R4,4.031517051446065,2.40,2015,PDB,False
5cso,CTN,6.026872146400302,1.78,2015,PDB,False
4qp2,36R,3.0268721464003012,2.23,2015,PDB,False
5aoi,RZH,3.0268721464003012,1.78,2015,PDB,False
5acx,WL3,5.045757490560675,1.80,2015,PDB,False
5bry,4UY,11.823908740944319,1.34,2015,PDB,False
4crc,OTM,8.721246399047171,1.60,2015,PDB,False
4yth,467,8.698970004336019,2.04,2015,PDB,False
5dgu,5B7,11.346787486224656,1.22,2015,PDB,False
5em6,5Q3,8.397940008672037,2.78,2015,PDB,False
4ytf,4HZ,8.154901959985743,1.78,2015,PDB,False
5dgw,5B5,11.045757490560675,1.62,2015,PDB,False
4ytc,4HW,7.886056647693163,2.16,2015,PDB,False
5em7,5Q4,7.721246399047171,2.81,2015,PDB,False
4crb,7P0,7.568636235841013,1.85,2015,PDB,False
4yo8,4EZ,10.522878745280337,2.10,2015,PDB,False
5dia,5E6,10.455931955649724,1.96,2015,PDB,False
4rac,3L4,7.522878745280337,2.05,2015,PDB,False
5ceq,50F,7.376750709602099,1.91,2015,PDB,False
4ynb,4EH,10.366531544420413,2.00,2015,PDB,False
4xuz,4D6,7.356547323513813,1.50,2015,PDB,False
4y8z,4CE,10.397940008672037,2.20,2015,PDB,False
4rab,3L3,7.3979400086720375,2.26,2015,PDB,False
5bwc,HBP,7.214670164989233,2.45,2015,PDB,False
4cra,XJ8,7.221848749616356,1.80,2015,PDB,False
4zbf,4M7,7.130768280269024,2.20,2015,PDB,False
4ran,3L6,7.154901959985743,2.55,2015,PDB,False
4crd,OTJ,7.096910013008056,2.10,2015,PDB,False
4rad,3L5,7.096910013008056,2.00,2015,PDB,False
5cep,50E,6.838631997765025,1.99,2015,PDB,False
4zo5,4Q0,9.823908740944319,2.50,2015,PDB,False
4yur,4J7,9.795880017344075,2.65,2015,PDB,False
4wkn,TDI,9.721246399047171,2.00,2015,PDB,False
4raq,3L8,6.721246399047171,2.53,2015,PDB,False
4o2p,11V,6.698970004336019,2.10,2015,PDB,False
4zip,G64,9.67778070526608,1.11,2015,PDB,False
4wkc,BIG,12.67778070526608,1.64,2015,PDB,False
5em5,5Q2,6.581698708680254,2.65,2015,PDB,False
5cjf,520,9.585026652029182,1.83,2015,PDB,False
4wkp,3QA,9.55284196865778,1.58,2015,PDB,False
4pv5,CBW,6.537602002101044,2.30,2015,PDB,False
4qhc,33V,6.698970004336019,1.90,2015,PDB,False
5dhj,5E5,6.698970004336019,2.46,2015,PDB,False
4zbi,4M6,6.508638306165727,2.50,2015,PDB,False
4xj0,41B,9.522878745280337,2.58,2015,PDB,False
4r0i,3KM,6.522878745280337,1.90,2015,PDB,False
4z0k,4LN,6.335358024443875,1.41,2015,PDB,False
4ty1,38W,9.259637310505756,2.70,2015,PDB,False
4wr8,3TX,6.229147988357856,2.60,2015,PDB,False
4crf,R9B,9.301029995663981,2.30,2015,PDB,False
4q1a,2XZ,9.301029995663981,1.90,2015,PDB,False
5cgc,51D,9.301029995663981,3.10,2015,PDB,False
5cgd,51E,9.301029995663981,2.60,2015,PDB,False
5brn,4X2,6.301029995663981,2.30,2015,PDB,False
4ymb,4E7,6.2076083105017466,1.93,2015,PDB,False
4wrb,3TW,6.187086643357144,1.81,2015,PDB,False
5dhh,DGW,9.18045606445813,3.00,2015,PDB,False
4s1g,43T,9.221848749616356,2.10,2015,PDB,False
5bsk,4X7,6.221848749616356,2.61,2015,PDB,False
5dhg,DGV,9.142667503568731,3.00,2015,PDB,False
4y8y,4D5,9.154901959985743,2.60,2015,PDB,False
5aml,51J,9.154901959985743,1.36,2015,PDB,False
5dit,5B8,6.154901959985743,2.25,2015,PDB,False
4zls,G61,9.086186147616283,1.53,2015,PDB,False
5avi,4KM,6.060480747381382,2.70,2015,PDB,False
5em8,5Q4,5.962573502059376,2.80,2015,PDB,False
4rhy,3QG,5.94692155651658,2.32,2015,PDB,False
3wz6,IXZ,5.958607314841775,1.40,2015,PDB,False
4yvc,4KH,5.958607314841775,3.20,2015,PDB,False
5cas,4ZQ,8.853871964321762,2.10,2015,PDB,False
4x6n,3Y5,8.823908740944319,2.10,2015,PDB,False
3wz8,IXV,5.823908740944319,1.45,2015,PDB,False
5cau,4ZR,8.795880017344075,2.25,2015,PDB,False
5e2p,7P0,8.795880017344075,2.11,2015,PDB,False
4rhx,3QF,5.795880017344075,2.03,2015,PDB,False
4ykk,DSN,2.769551078621726,1.38,2015,PDB,False
4yhq,G10,8.769551078621726,1.30,2015,PDB,False
4yt7,4K1,8.769551078621726,2.30,2015,PDB,False
5abh,YWN,8.769551078621726,1.95,2015,PDB,False
3wz7,IXY,5.7447274948966935,1.90,2015,PDB,False
4q1b,2Y0,8.721246399047171,2.15,2015,PDB,False
4x6o,3Y4,8.721246399047171,2.10,2015,PDB,False
4re2,MVL,4.982966660701219,2.00,2015,PDB,False
4zz3,4DW,6.0,2.50,2015,PDB,False
4riv,LSA,7.0,1.63,2015,PDB,False
4yve,4KK,7.0,3.40,2015,PDB,False
4twp,AXI,10.0,2.40,2015,PDB,False
4p6c,RES,4.0,1.86,2015,PDB,False
4r3c,3GF,6.995678626217358,2.06,2015,PDB,False
5fl4,9FK,6.995678626217358,1.82,2015,PDB,False
4xar,40F,6.97061622231479,2.26,2015,PDB,False
4x6i,3Y1,8.0,1.87,2015,PDB,False
5bml,4TW,8.0,2.95,2015,PDB,False
4zx0,5L2,8.0,1.60,2015,PDB,False
5a6k,NSG,5.94692155651658,2.10,2015,PDB,False
4rn4,3T7,6.943095148663527,1.53,2015,PDB,False
4xir,40X,6.939302159646388,1.70,2015,PDB,False
4y79,4O6,7.958607314841775,2.10,2015,PDB,False
4yt6,4JY,7.958607314841775,2.07,2015,PDB,False
4ruy,3W6,7.892790030352131,1.14,2015,PDB,False
5can,4ZB,6.906578314837765,2.80,2015,PDB,False
4rux,3W3,7.920818753952375,1.14,2015,PDB,False
4x8v,3Z9,6.886056647693163,2.50,2015,PDB,False
4ufk,LDU,3.886056647693163,2.40,2015,PDB,False
4re4,IFM,6.8696662315049934,2.29,2015,PDB,False
4x8s,3Z7,1.8860566476931633,2.10,2015,PDB,False
4yti,VJK,7.886056647693163,2.52,2015,PDB,False
4zz1,3YF,7.886056647693163,1.35,2015,PDB,False
5cnj,52Q,6.841637507904751,2.65,2015,PDB,False
5dgz,L20,7.853871964321762,2.50,2015,PDB,False
5abf,XRJ,4.853871964321762,2.10,2015,PDB,False
4z84,NVX,5.823908740944319,1.55,2015,PDB,False
5cnm,52Q,6.806875401645538,2.84,2015,PDB,False
4q1d,2Y1,7.779891911959945,2.00,2015,PDB,False
4xnv,BUR,6.79317412396815,2.20,2015,PDB,False
4x24,TDI,9.779891911959945,1.50,2015,PDB,False
4z2b,4LC,7.756961951313706,1.80,2015,PDB,False
4um1,09P,5.769551078621726,2.83,2015,PDB,False
4x48,XPF,6.769551078621726,1.89,2015,PDB,False
5cbm,4ZN,7.769551078621726,2.30,2015,PDB,False
4xnw,2ID,7.735182176990463,2.70,2015,PDB,False
4u7q,3EM,9.744727494896694,1.70,2015,PDB,False
4ufm,DGJ,3.721246399047171,2.40,2015,PDB,False
4rao,3L7,6.0,1.87,2015,PDB,False
5c2e,4Y1,8.698970004336019,2.10,2015,PDB,False
5dk4,5BX,8.698970004336019,1.90,2015,PDB,False
5nk2,8ZZ,6.739928612014925,1.65,2017,PDB,False
5x73,P59,6.735182176990463,2.50,2017,PDB,False
5gvm,G57,6.730487055782084,2.24,2017,PDB,False
5y61,5GP,1.7189666327522723,2.99,2017,PDB,False
5kma,777,4.707743928643524,1.55,2017,PDB,False
5nki,8ZW,7.721246399047171,1.68,2017,PDB,False
5nkc,90T,7.721246399047171,1.45,2017,PDB,False
5nk4,90E,8.698970004336019,1.45,2017,PDB,False
5lvd,79F,2.619788758288394,1.25,2017,PDB,False
5n9s,8QW,8.619788758288394,2.30,2017,PDB,False
5nbw,8SK,8.585026652029182,2.40,2017,PDB,False
5lpm,71Y,5.557520230935552,1.50,2017,PDB,False
5j6m,6FJ,8.568636235841012,1.64,2017,PDB,False
6ayh,C3G,5.568636235841013,2.05,2017,PDB,False
5tgc,ATP,6.698970004336019,3.25,2017,PDB,False
5h85,5XS,4.698970004336019,1.70,2017,PDB,False
5ipa,6C8,4.698970004336019,1.78,2017,PDB,False
5wbm,A4G,4.698970004336019,2.16,2017,PDB,False
5nkg,8ZK,7.6777807052660805,1.10,2017,PDB,False
5wyz,7VF,7.6777807052660805,2.30,2017,PDB,False
5yjm,8W3,7.6777807052660805,1.90,2017,PDB,False
5kab,OTA,4.6777807052660805,1.97,2017,PDB,False
5xvu,ATP,4.651695136951839,3.00,2017,PDB,False
5nk8,90Z,6.640164517660112,1.76,2017,PDB,False
5tcy,5LC,7.657577319177793,1.90,2017,PDB,False
5j1r,6FG,4.657577319177793,1.92,2017,PDB,False
5v13,JH3,7.632644078973981,1.84,2017,PDB,False
5jq5,I74,5.630598586303376,1.94,2017,PDB,False
5ulp,KB1,4.614393726401688,1.55,2017,PDB,False
5km3,U5P,4.603800652904264,1.20,2017,PDB,False
5lud,76X,3.6055483191737836,1.25,2017,PDB,False
5ta4,838,7.619788758288394,1.50,2017,PDB,False
5oq4,A3W,7.6020599913279625,2.70,2017,PDB,False
5t9u,7HG,7.6020599913279625,2.30,2017,PDB,False
5u0g,7QY,4.581698708680254,1.54,2017,PDB,False
5t9w,78E,5.585026652029182,2.00,2017,PDB,False
5nkh,8ZQ,7.585026652029182,1.29,2017,PDB,False
5nkd,91K,7.585026652029182,1.41,2017,PDB,False
5ka3,OTA,4.585026652029182,2.14,2017,PDB,False
5k9w,OTA,4.585026652029182,2.01,2017,PDB,False
5cpr,539,7.560667306169737,2.22,2017,PDB,False
5h5o,PCG,6.562249437179612,2.12,2017,PDB,False
5os0,A6Z,2.5540845860488766,1.74,2017,PDB,False
5u0d,7R7,4.543633966870957,1.59,2017,PDB,False
5tpx,7H7,6.552841968657781,2.10,2017,PDB,False
5gmm,949,4.536107011014093,2.00,2017,PDB,False
5lpk,XDM,5.51427857351842,2.10,2017,PDB,False
5nn6,MIG,5.522878745280337,2.00,2017,PDB,False
5jnc,6LH,5.481486060122113,2.00,2017,PDB,False
5u0f,7R1,5.468521082957745,1.21,2017,PDB,False
5nka,91H,5.455931955649724,1.38,2017,PDB,False
5txy,7Q1,5.455931955649724,1.21,2017,PDB,False
5ty8,7Q1,5.455931955649724,1.45,2017,PDB,False
5mod,86L,3.5228787452803374,2.08,2017,PDB,False
5myg,LS8,7.508638306165727,2.30,2017,PDB,False
5usy,SKE,7.508638306165727,2.00,2017,PDB,False
5tya,7QS,4.482804102050026,1.50,2017,PDB,False
5ma7,7K0,3.473660722610156,1.30,2017,PDB,False
5w4r,9WD,7.481486060122112,3.00,2017,PDB,False
5ka1,OTA,4.481486060122113,1.84,2017,PDB,False
5j8u,6DL,6.468521082957745,1.75,2017,PDB,False
5ory,AY4,3.447331783887807,1.99,2017,PDB,False
5f61,5W0,7.455931955649724,1.45,2017,PDB,False
5os3,A7N,2.4256214355869177,1.81,2017,PDB,False
5x62,SAH,6.421360790031928,2.20,2017,PDB,False
5kad,OTA,4.431798275933005,1.90,2017,PDB,False
5tw5,7LM,7.419075024324381,1.85,2017,PDB,False
5nk3,92Q,7.42021640338319,1.59,2017,PDB,False
5km2,C5P,4.407823242604133,1.25,2017,PDB,False
5ne5,KIF,7.4089353929735005,1.05,2017,PDB,False
5ka9,OTA,4.4089353929735005,2.07,2017,PDB,False
5wqj,7N3,5.522878745280337,1.20,2017,PDB,False
5wrs,ATP,5.522878745280337,2.75,2017,PDB,False
5mi9,GDP,8.346787486224656,3.30,2017,PDB,False
5l26,URI,5.346787486224656,3.40,2017,PDB,False
5wp5,SAH,5.337242168318426,1.50,2017,PDB,False
5nf9,8VW,5.327902142064283,1.87,2017,PDB,False
5km0,IMP,5.309803919971486,1.53,2017,PDB,False
5os5,A8K,3.3872161432802645,1.74,2017,PDB,False
5ufp,86D,7.371611069949688,1.90,2017,PDB,False
5tcj,79V,7.376750709602099,2.40,2017,PDB,False
5orz,A6W,3.364516253185088,1.92,2017,PDB,False
5f60,5VZ,7.366531544420414,1.35,2017,PDB,False
5wbp,A2J,4.356547323513813,2.74,2017,PDB,False
5goe,GDP,4.34008379993015,1.80,2017,PDB,False
5jna,TOR,7.346787486224656,2.00,2017,PDB,False
5ka7,OTA,4.346787486224656,2.06,2017,PDB,False
5nk7,8ZZ,6.329754146925876,1.89,2017,PDB,False
5ogl,9UB,4.314258261397736,2.70,2017,PDB,False
5gmu,7LH,3.318758762624413,1.80,2017,PDB,False
5tw2,7LP,7.303643611266668,1.75,2017,PDB,False
5os1,A7H,3.306273051076353,1.90,2017,PDB,False
5ll4,6YH,8.397940008672037,1.12,2017,PDB,False
5jsj,6PD,5.3979400086720375,2.35,2017,PDB,False
5lsg,QZQ,5.3979400086720375,2.00,2017,PDB,False
5mqe,PKU,5.3979400086720375,1.65,2017,PDB,False
5g5f,GSH,5.2839966563652006,2.30,2017,PDB,False
5irr,GSP,5.267606240177032,2.04,2017,PDB,False
5b5f,6F3,5.251811972993799,1.20,2017,PDB,False
5b5g,6FX,5.251811972993799,1.50,2017,PDB,False
5m9w,7GR,2.2441251443275085,1.21,2017,PDB,False
5tzo,7V7,5.229147988357856,1.67,2017,PDB,False
5jn8,AZM,7.301029995663981,1.85,2017,PDB,False
5mgj,7MX,4.292429823902063,2.10,2017,PDB,False
5moe,OQC,3.283996656365201,1.89,2017,PDB,False
5mgf,7MW,4.267606240177032,1.90,2017,PDB,False
5km9,ADN,4.252588192113577,1.45,2017,PDB,False
5tv1,IHP,7.2441251443275085,2.40,2017,PDB,False
6au2,CGJ,2.3010299956639813,1.63,2017,PDB,False
5x9o,80R,5.301029995663981,1.58,2017,PDB,False
5ty1,7QV,5.214670164989233,1.60,2017,PDB,False
5ty9,7QV,5.214670164989233,1.53,2017,PDB,False
5x13,HC4,5.2076083105017466,1.70,2017,PDB,False
5tco,79Q,8.189767482004916,2.10,2017,PDB,False
5tbp,7A4,5.175874166083451,2.60,2017,PDB,False
5f62,5W1,8.167491087293763,1.35,2017,PDB,False
5go2,CIT,3.2218487496163566,1.91,2017,PDB,False
5osd,A9B,3.208309350979882,1.99,2017,PDB,False
5jcb,NV4,4.2073282108584324,2.30,2017,PDB,False
5wbo,A1Y,4.207608310501746,2.25,2017,PDB,False
5t9z,78R,7.1938200260161125,1.40,2017,PDB,False
5lt9,ARG,4.1938200260161125,3.00,2017,PDB,False
5vgy,9AA,4.183758700008217,1.39,2017,PDB,False
5nge,8WK,7.187086643357144,2.35,2017,PDB,False
5o0b,9FE,4.180456064458132,1.74,2017,PDB,False
5ldk,ATP,4.173925197299173,2.10,2017,PDB,False
5ldp,ATP,4.173925197299173,1.80,2017,PDB,False
5ose,A98,3.166852888087215,1.90,2017,PDB,False
5n1x,8HH,3.1617807780923743,1.72,2017,PDB,False
5x4n,7ZL,4.167491087293763,1.94,2017,PDB,False
5fyx,FD6,4.157390760389438,1.80,2017,PDB,False
5t8q,76Y,4.161150909262744,2.63,2017,PDB,False
5ioy,6C5,5.221848749616356,1.77,2017,PDB,False
5ja0,FPP,5.221848749616356,1.90,2017,PDB,False
5kww,6YA,8.130768280269024,2.50,2017,PDB,False
5u0e,7R4,5.113509274827518,1.27,2017,PDB,False
5kej,GTX,5.107905397309519,2.35,2017,PDB,False
5w4v,9WA,7.154901959985743,2.65,2017,PDB,False
5aan,XOC,4.1487416512809245,1.60,2017,PDB,False
5nk9,912,6.140261433802853,1.59,2017,PDB,False
5u7o,83J,7.136677139879544,3.03,2017,PDB,False
5mtv,AGS,4.113509274827518,2.79,2017,PDB,False
5orw,A6E,3.099086932262331,2.00,2017,PDB,False
5gsa,73K,7.086186147616283,2.49,2017,PDB,False
5ll9,6YQ,6.079354998593212,1.45,2017,PDB,False
5mpz,4I8,4.070581074285707,1.40,2017,PDB,False
5f5z,5VY,7.0655015487564325,1.76,2017,PDB,False
5jhb,6K5,6.0589857562944305,2.48,2017,PDB,False
5uxf,2BA,7.060480747381382,1.50,2017,PDB,False
5mge,7MX,4.060480747381382,1.95,2017,PDB,False
5x4o,YAM,4.055517327849832,2.05,2017,PDB,False
5ort,A5Z,3.0486624812040826,2.56,2017,PDB,False
5x4p,7ZO,5.031517051446065,2.06,2017,PDB,False
5nyz,DUP,5.026872146400302,2.50,2017,PDB,False
5nz2,DUP,5.026872146400302,2.85,2017,PDB,False
5gof,GTP,4.045275209020937,1.60,2017,PDB,False
5ll5,6YH,6.041436116778033,1.42,2017,PDB,False
5gvn,G6F,7.045757490560675,2.30,2017,PDB,False
5wal,9ZS,8.769551078621726,2.45,2017,PDB,False
5mw4,5JU,11.698970004336019,2.19,2017,PDB,False
5vo1,9FS,8.154901959985743,2.45,2017,PDB,False
5ult,8FM,10.853871964321762,1.53,2017,PDB,False
5wlo,GR7,10.823908740944319,1.27,2017,PDB,False
5oq5,4K4,7.698970004336019,1.40,2017,PDB,False
5opb,A1N,7.617982957425132,1.55,2017,PDB,False
5uov,8FP,10.602059991327963,1.33,2017,PDB,False
5oq6,4K4,7.557520230935552,1.95,2017,PDB,False
5oot,4K4,7.54515513999149,2.10,2017,PDB,False
5nee,8V5,10.698970004336019,1.70,2017,PDB,False
5wb6,9ZM,10.698970004336019,2.35,2017,PDB,False
5xp7,8C6,4.42021640338319,2.01,2017,PDB,False
5opv,A3H,7.288192770958809,1.90,2017,PDB,False
5opu,A3K,7.275724130399211,1.55,2017,PDB,False
5nea,8V8,10.301029995663981,1.30,2017,PDB,False
5lpd,71U,10.154901959985743,1.50,2017,PDB,False
5v82,96Y,10.154901959985743,1.89,2017,PDB,False
5hz5,65X,7.0655015487564325,1.40,2017,PDB,False
5q0f,9FA,9.886056647693163,2.12,2017,PDB,False
5h4j,FKM,6.886056647693163,1.80,2017,PDB,False
5vo2,9FV,6.812479279163537,2.96,2017,PDB,False
5jzy,6OV,9.823908740944319,1.27,2017,PDB,False
5wev,9ZS,6.823908740944319,1.85,2017,PDB,False
5tku,7DK,9.795880017344075,2.12,2017,PDB,False
5q0g,9F7,9.744727494896694,2.60,2017,PDB,False
5op4,A0T,6.7121982700697735,2.00,2017,PDB,False
5vb7,921,6.721246399047171,2.34,2017,PDB,False
5g22,YN4,7.0,2.32,2017,PDB,False
5op5,3FE,6.665546248849069,1.90,2017,PDB,False
6b97,CZY,6.6252516539898965,1.76,2017,PDB,False
5op2,A0Q,6.619788758288394,1.90,2017,PDB,False
5tqg,7KS,9.619788758288394,1.90,2017,PDB,False
5jfd,2TS,9.537602002101044,1.46,2017,PDB,False
5oq7,A0Q,6.492144128304169,2.10,2017,PDB,False
5unf,8ES,9.468521082957745,2.80,2017,PDB,False
5ung,8ES,9.468521082957745,2.80,2017,PDB,False
6b4l,CJY,6.468521082957745,2.25,2017,PDB,False
5unh,8EM,9.455931955649724,2.90,2017,PDB,False
5ura,8KS,6.3979400086720375,1.85,2017,PDB,False
5upz,8HD,9.200659450546418,1.27,2017,PDB,False
5q0e,9FD,9.161150909262744,2.12,2017,PDB,False
5m7s,NHT,9.045757490560675,2.40,2017,PDB,False
5ur9,8KS,6.045757490560675,2.20,2017,PDB,False
5q0d,9EY,9.0,2.12,2017,PDB,False
5wqc,7MA,8.958607314841775,1.96,2017,PDB,False
5ws3,7MA,8.958607314841775,2.30,2017,PDB,False
5ljt,A6N,8.920818753952375,1.00,2017,PDB,False
5n24,8HE,8.920818753952375,1.50,2017,PDB,False
5oq8,A0Q,5.85078088734462,2.00,2017,PDB,False
5mlj,9ST,8.853871964321762,1.80,2017,PDB,False
5w3i,GY5,5.795880017344075,1.95,2017,PDB,False
5vkc,9EA,8.744727494896694,2.31,2017,PDB,False
5n1s,8GE,7.991399828238082,1.30,2017,PDB,False
5v8p,90G,4.991399828238082,2.50,2017,PDB,False
6eo8,2FN,7.0,1.94,2017,PDB,False
5g2b,LQY,7.0,1.83,2017,PDB,False
5wcm,4NZ,4.0,1.20,2017,PDB,False
5n1r,8GH,7.954677021213342,1.30,2017,PDB,False
5qcm,BVJ,6.958607314841775,2.20,2017,PDB,False
5qcl,BUY,7.958607314841775,2.11,2017,PDB,False
5u8f,82G,7.958607314841775,1.34,2017,PDB,False
5jha,6K7,5.898252926053634,2.51,2017,PDB,False
5q0h,9F1,7.920818753952375,2.50,2017,PDB,False
5hvu,65R,7.886056647693163,2.80,2017,PDB,False
5m4f,7FC,7.886056647693163,1.52,2017,PDB,False
5m4i,7FC,7.886056647693163,2.22,2017,PDB,False
5m56,7FC,7.886056647693163,2.24,2017,PDB,False
5u8a,82D,7.886056647693163,1.45,2017,PDB,False
5m4u,7FC,4.886056647693163,2.20,2017,PDB,False
5uln,8JS,7.847711655616943,1.35,2017,PDB,False
6b96,CZV,7.844663962534938,1.88,2017,PDB,False
5mhp,7NB,7.823908740944319,2.43,2017,PDB,False
5k1f,IMP,4.790484985457369,1.94,2017,PDB,False
5obj,9QK,4.782516055786093,2.90,2017,PDB,False
5n25,8HK,7.779891911959945,1.40,2017,PDB,False
5ueu,0S6,7.777283528852417,2.26,2017,PDB,False
6eo9,2OJ,6.795880017344075,1.84,2017,PDB,False
5uf0,89J,3.7958800173440754,1.35,2017,PDB,False
5uga,8BM,6.79317412396815,1.82,2017,PDB,False
5ugb,8BM,6.79317412396815,2.53,2017,PDB,False
5mkr,TI8,4.769551078621726,1.87,2017,PDB,False
5mks,TI8,4.769551078621726,1.99,2017,PDB,False
5nfh,8W2,7.7447274948966935,2.80,2017,PDB,False
5tqe,7KQ,6.721246399047171,1.90,2017,PDB,False
5tt3,EZL,6.714442690992226,2.20,2017,PDB,False
5ljq,ANV,9.0,1.05,2017,PDB,False
5m4k,7F9,5.663540266151471,2.60,2017,PDB,False
5uwk,8OM,8.638272163982407,1.60,2017,PDB,False
5opr,A3E,5.59176003468815,1.95,2017,PDB,False
5upf,8HV,8.602059991327963,1.69,2017,PDB,False
5u6d,7XG,8.585026652029182,1.64,2017,PDB,False
5mjn,7O8,8.537602002101044,1.17,2017,PDB,False
5k1d,5GP,4.681936665037238,1.94,2017,PDB,False
5un9,NHT,7.6777807052660805,2.50,2017,PDB,False
6b98,D07,4.649751981665837,1.97,2017,PDB,False
5iez,6AL,7.638272163982407,2.60,2017,PDB,False
5qck,BUV,7.638272163982407,2.64,2017,PDB,False
5u6j,82J,7.638272163982407,2.30,2017,PDB,False
5vij,5DX,7.614393726401688,2.11,2017,PDB,False
6b4n,G53,10.554395796726402,1.30,2017,PDB,False
5kks,6U1,8.698970004336019,3.30,2017,PDB,False
5ufs,1TA,8.494850021680094,2.12,2017,PDB,False
5n0d,8F2,8.481486060122112,1.70,2017,PDB,False
5nn5,NOJ,5.468521082957745,2.00,2017,PDB,False
5n0e,8F3,8.443697499232712,1.75,2017,PDB,False
5g57,6M5,8.400116927926312,1.73,2017,PDB,False
5m7t,GDV,5.4089353929735005,2.60,2017,PDB,False
5tt8,D8W,6.501689446210399,2.40,2017,PDB,False
5vih,5DZ,7.492144128304169,2.40,2017,PDB,False
5tuo,1SA,6.490797477668897,2.50,2017,PDB,False
6b16,C7Y,7.494850021680094,2.29,2017,PDB,False
5t19,73U,4.494850021680094,2.10,2017,PDB,False
5o07,1VQ,7.471083299722345,1.80,2017,PDB,False
5dpx,L3B,4.455931955649724,1.85,2017,PDB,False
5ufi,8B1,8.397940008672037,2.58,2017,PDB,False
5m2v,7E5,5.3979400086720375,3.18,2017,PDB,False
5obr,9QT,5.356547323513812,2.62,2017,PDB,False
5g1z,U53,5.324221658325915,1.50,2017,PDB,False
5m44,7EY,7.3979400086720375,2.71,2017,PDB,False
5m4c,7EY,7.3979400086720375,1.94,2017,PDB,False
6equ,BVE,6.377785977033705,1.65,2017,PDB,False
5vii,5DY,7.285670240254767,1.95,2017,PDB,False
5wzr,DJN,7.292429823902063,2.79,2017,PDB,False
5tfx,7B1,7.215382707367125,1.50,2017,PDB,False
5u69,LQD,6.221848749616356,1.28,2017,PDB,False
5ofu,AMP,4.195179321278838,2.62,2017,PDB,False
5wex,8JS,7.178486471595227,1.26,2017,PDB,False
5v0n,8W4,7.1732774798310075,2.16,2017,PDB,False
5tks,7DL,7.167491087293763,1.55,2017,PDB,False
5qcn,BVM,8.221848749616356,2.30,2017,PDB,False
5w8v,9YP,8.221848749616356,2.35,2017,PDB,False
5ula,5MJ,7.113509274827518,1.50,2017,PDB,False
5two,7MV,8.093664958194909,1.93,2017,PDB,False
5n6s,8P5,8.086186147616283,2.10,2017,PDB,False
5tv3,7L3,8.086186147616283,2.90,2017,PDB,False
5ops,A3Q,5.06398920428479,2.00,2017,PDB,False
5m7u,XHA,8.096910013008056,2.30,2017,PDB,False
5lce,6TH,8.036212172654444,1.39,2017,PDB,False
5upe,8HY,8.045757490560675,1.93,2017,PDB,False
6f22,C9B,8.698970004336019,1.55,2018,PDB,False
5qil,J2V,11.522878745280337,1.98,2018,PDB,False
6ccy,EX4,8.522878745280337,2.18,2018,PDB,False
6f3d,CJT,8.397940008672037,2.38,2018,PDB,False
6f23,C8Z,8.301029995663981,1.84,2018,PDB,False
5qim,J2Y,11.221848749616356,1.75,2018,PDB,False
5ni5,8YB,8.045757490560675,2.30,2018,PDB,False
6esn,BWE,8.045757490560675,1.84,2018,PDB,False
6df7,G9V,8.0,2.00,2018,PDB,False
5y6e,8PO,7.863279432843593,1.80,2018,PDB,False
6ckx,8M1,7.886056647693163,2.80,2018,PDB,False
6fgq,D9N,7.853871964321762,2.37,2018,PDB,False
5nib,8Y5,7.721246399047171,1.82,2018,PDB,False
6f3i,CKN,7.6777807052660805,2.14,2018,PDB,False
6df4,G9Y,7.638272163982407,1.30,2018,PDB,False
5owc,AYZ,7.585026652029182,1.75,2018,PDB,False
6hvj,GV8,7.552841968657781,2.28,2018,PDB,False
6bbu,D7D,7.5376020021010435,2.08,2018,PDB,False
6fex,D6Z,7.5376020021010435,1.29,2018,PDB,False
5ni8,8Y2,7.698970004336019,1.94,2018,PDB,False
5ni7,8Y8,7.698970004336019,2.45,2018,PDB,False
6bfp,DJY,7.698970004336019,1.29,2018,PDB,False
6f1x,C9Q,7.698970004336019,1.90,2018,PDB,False
6gin,IR2,7.494850021680094,2.20,2018,PDB,False
6cck,EXJ,7.431798275933005,1.61,2018,PDB,False
6ed6,J0P,7.431798275933005,2.86,2018,PDB,False
6frf,E3T,7.3979400086720375,2.10,2018,PDB,False
6gip,EUN,7.376750709602099,2.17,2018,PDB,False
6ft8,E6T,7.356547323513813,1.45,2018,PDB,False
6h1i,FJH,7.356547323513813,1.69,2018,PDB,False
6hvh,GV2,7.327902142064283,2.36,2018,PDB,False
5qin,J2V,10.397940008672037,1.57,2018,PDB,False
5yso,90C,7.3979400086720375,2.50,2018,PDB,False
6cco,EXV,7.292429823902063,1.82,2018,PDB,False
5y6d,8PL,7.259637310505756,2.10,2018,PDB,False
6mr5,W45,7.301029995663981,1.85,2018,PDB,False
6ffs,D8E,7.200659450546418,1.86,2018,PDB,False
6f3g,CJN,7.161150909262744,2.37,2018,PDB,False
6cje,F4A,7.221848749616356,3.36,2018,PDB,False
6f3e,CJQ,7.154901959985743,2.67,2018,PDB,False
6ggn,EYH,10.096910013008056,2.00,2018,PDB,False
5ux4,3UT,7.045757490560675,2.81,2018,PDB,False
6f5h,CQ5,7.045757490560675,2.16,2018,PDB,False
5wzu,7W3,7.0,2.20,2018,PDB,False
5lh4,6W4,6.958607314841775,1.37,2018,PDB,False
5wdj,AEY,6.958607314841775,2.40,2018,PDB,False
6ft9,E6W,6.958607314841775,1.87,2018,PDB,False
6q73,HKK,6.8996294548824375,2.21,2018,PDB,False
6bsk,MVG,6.920818753952375,2.57,2018,PDB,False
6fqo,E2T,6.853871964321762,1.35,2018,PDB,False
6ep9,BNB,6.838631997765025,2.01,2018,PDB,False
6fr0,E3H,6.835647144215563,1.50,2018,PDB,False
6c7d,EOJ,9.769551078621726,1.79,2018,PDB,False
6gi6,EZB,6.7121982700697735,1.98,2018,PDB,False
6hdq,FZE,7.0,1.70,2018,PDB,False
5wzv,7W0,6.6777807052660805,2.20,2018,PDB,False
5wzt,7W6,6.657577319177793,2.40,2018,PDB,False
6ft4,E5W,6.628932137728264,1.34,2018,PDB,False
6c7f,EOS,9.619788758288394,1.82,2018,PDB,False
6ccq,EX7,6.6020599913279625,1.92,2018,PDB,False
6hdo,FZH,6.6020599913279625,2.61,2018,PDB,False
5wzs,7W9,6.552841968657781,2.30,2018,PDB,False
6e9w,J0P,6.552841968657781,2.96,2018,PDB,False
6g6w,EO5,9.698970004336019,2.72,2018,PDB,False
6g5j,EM8,6.698970004336019,1.85,2018,PDB,False
5z9e,27K,3.4814860601221125,1.80,2018,PDB,False
6ft3,E5T,6.423658649794207,1.28,2018,PDB,False
6mx8,6GY,9.431798275933005,1.96,2018,PDB,False
6hvi,GV5,6.42021640338319,1.96,2018,PDB,False
6c7i,EP7,9.42021640338319,1.71,2018,PDB,False
6i8l,H7Q,6.4089353929735005,1.58,2018,PDB,False
6ffh,D7W,6.337242168318426,2.65,2018,PDB,False
5l9h,CVL,6.3979400086720375,2.25,2018,PDB,False
6gy1,FGQ,6.301029995663981,2.10,2018,PDB,False
6bjo,DUY,6.292429823902063,1.75,2018,PDB,False
5z4o,HX8,3.275724130399211,1.73,2018,PDB,False
6ar4,BQA,6.24184537803261,1.69,2018,PDB,False
5zun,9JX,9.193820026016112,1.35,2018,PDB,False
5zz4,9M3,9.173925197299173,2.90,2018,PDB,False
6h1h,FJE,6.173925197299173,1.54,2018,PDB,False
6bbv,D7D,6.095284454721319,1.80,2018,PDB,False
5yqo,L5C,6.088842391260023,1.48,2018,PDB,False
6e4f,HRA,9.070581074285707,1.15,2018,PDB,False
6aum,BXV,9.096910013008056,2.95,2018,PDB,False
5y86,HRM,6.096910013008056,1.90,2018,PDB,False
6e9l,J0P,6.036212172654444,2.80,2018,PDB,False
5w0e,9U4,9.0268721464003,1.41,2018,PDB,False
5z4h,A8K,3.0222763947111524,2.00,2018,PDB,False
6cyb,FKV,9.017728766960431,1.62,2018,PDB,False
6ck6,N45,9.0,3.32,2018,PDB,False
6e99,J0G,6.0,1.88,2018,PDB,False
5wzw,U8D,5.910094888560602,1.95,2018,PDB,False
5zfi,9C9,5.920818753952375,1.80,2018,PDB,False
6c7j,EPV,8.87942606879415,1.85,2018,PDB,False
6bkh,DVD,8.886056647693163,1.79,2018,PDB,False
6hmx,GEZ,8.886056647693163,2.53,2018,PDB,False
6g3y,ELB,5.886056647693163,2.51,2018,PDB,False
6few,D6W,5.85078088734462,1.44,2018,PDB,False
6fil,D6W,5.85078088734462,1.73,2018,PDB,False
5w0i,9UA,8.853871964321762,1.43,2018,PDB,False
6bqa,67C,5.853871964321762,1.03,2018,PDB,False
5zeq,9B3,8.823908740944319,1.90,2018,PDB,False
6bln,DY4,8.795880017344075,1.30,2018,PDB,False
5mwg,WGX,5.769551078621726,1.50,2018,PDB,False
5wg8,LB1,5.739928612014925,1.65,2018,PDB,False
5yjf,8WO,5.7447274948966935,2.49,2018,PDB,False
6cjw,FYV,5.7447274948966935,3.38,2018,PDB,False
6ev0,BYK,5.7447274948966935,2.30,2018,PDB,False
6br2,E3S,8.721246399047171,3.18,2018,PDB,False
5mxq,U8K,5.721246399047171,2.00,2018,PDB,False
6h7u,FVT,1.9829666607012195,2.80,2018,PDB,False
6hzp,FVT,1.9829666607012195,2.50,2018,PDB,False
6c5t,EKP,6.966576244513051,2.75,2018,PDB,False
5nwd,9C8,8.0,1.45,2018,PDB,False
5ows,KC8,8.0,1.80,2018,PDB,False
6gn1,F4N,8.0,2.60,2018,PDB,False
5wi1,AOY,5.0,1.99,2018,PDB,False
5yfz,8UO,6.958607314841775,2.16,2018,PDB,False
5xv7,EMH,7.958607314841775,2.32,2018,PDB,False
6dvl,HBG,7.958607314841775,2.10,2018,PDB,False
6fyv,3NG,7.958607314841775,2.46,2018,PDB,False
6g93,EU2,7.958607314841775,1.67,2018,PDB,False
6gl3,EMW,7.958607314841775,2.77,2018,PDB,False
6h3k,FMW,7.958607314841775,2.48,2018,PDB,False
6iik,IU1,4.911863911299449,1.97,2018,PDB,False
6e2n,KK8,7.903089986991944,2.10,2018,PDB,False
5wfc,A97,4.903089986991944,2.28,2018,PDB,False
6fnx,DYZ,4.8996294548824375,1.19,2018,PDB,False
5nzm,9ET,3.896196279044043,2.35,2018,PDB,False
5nut,9A8,7.920818753952375,1.60,2018,PDB,False
5wh6,AKJ,7.920818753952375,1.60,2018,PDB,False
6bg3,DOJ,4.920818753952375,1.05,2018,PDB,False
6ful,E7Z,4.920818753952375,1.65,2018,PDB,False
6fo7,LX3,7.866461091629782,2.59,2018,PDB,False
5yg2,N05,6.886056647693163,2.20,2018,PDB,False
6eox,BKW,6.853871964321762,1.30,2018,PDB,False
6fyp,3NG,6.844663962534939,2.29,2018,PDB,False
6cyc,FKJ,7.853871964321762,1.54,2018,PDB,False
6dvn,HB7,7.853871964321762,2.20,2018,PDB,False
5nvh,9B2,7.823908740944319,1.60,2018,PDB,False
6bsm,E7D,6.795880017344075,2.33,2018,PDB,False
6g2a,A3R,3.785156151952302,1.80,2018,PDB,False
6cho,F14,6.777283528852417,1.85,2018,PDB,False
5nvf,9AW,7.795880017344075,1.55,2018,PDB,False
5nwb,9C5,7.795880017344075,1.60,2018,PDB,False
5w0f,9U7,7.795880017344075,1.60,2018,PDB,False
6fo9,E0E,7.7544873321858505,2.70,2018,PDB,False
5y5u,8OU,7.752026733638194,2.14,2018,PDB,False
5nt4,97Z,7.769551078621726,1.90,2018,PDB,False
6c7g,EOY,7.739928612014925,1.68,2018,PDB,False
6fo8,DZT,7.735182176990463,2.30,2018,PDB,False
6bmx,DYV,4.723538195826756,2.42,2018,PDB,False
6di1,GJD,6.7447274948966935,1.10,2018,PDB,False
6ftn,E78,6.700057099977233,2.00,2018,PDB,False
2ha0,NWA,4.431798275933005,2.20,2006,PDB,True
2nqg,NQG,6.47755576649368,2.04,2007,PDB,True
2nqi,NQI,6.105683937315561,2.04,2007,PDB,True
2jbv,FAO,3.537602002101044,1.86,2007,PDB,True
2qaf,U5P,5.356547323513812,1.95,2008,PDB,True
3d04,SAK,6.045757490560675,2.40,2008,PDB,True
3bar,U5P,5.698970004336019,1.90,2008,PDB,True
3ewu,UEP,4.619788758288394,1.60,2009,PDB,True
3ex3,U5P,4.443697499232712,1.45,2009,PDB,True
3d4f,LN1,7.721246399047171,1.55,2009,PDB,True
3dkj,PRP,5.698970004336019,2.00,2009,PDB,True
2wig,TC3,3.431798275933005,2.15,2009,PDB,True
2wij,TN7,3.2006594505464183,2.10,2009,PDB,True
2wik,TC5,3.1804560644581312,2.10,2009,PDB,True
3blt,PSY,3.537602002101044,2.20,2009,PDB,True
3fnm,AVN,4.7055337738384075,1.70,2009,PDB,True
3pa8,621,5.749579997691106,2.00,2010,PDB,True
3lok,DJK,6.920818753952375,2.48,2010,PDB,True
3kqa,TR9,4.853871964321762,2.25,2010,PDB,True
2xuc,XRG,4.102372908709558,2.30,2010,PDB,True
3lxs,4MC,8.096910013008056,1.50,2010,PDB,True
3lle,SGE,4.97061622231479,1.85,2010,PDB,True
3mxr,CZ8,4.94692155651658,1.30,2010,PDB,True
3mkf,CZ7,4.769551078621726,1.33,2010,PDB,True
3mke,CB4,5.657577319177793,1.75,2010,PDB,True
2xdm,BO8,7.494850021680094,2.40,2010,PDB,True
3lpg,Z78,6.164943898279883,2.42,2010,PDB,True
3mxs,CZ9,5.008773924307505,1.24,2010,PDB,True
3uo9,04A,7.096910013008056,2.30,2011,PDB,True
2xk1,EWB,5.7447274948966935,2.80,2011,PDB,True
3b1u,YFF,5.721246399047171,2.10,2011,PDB,True
2y2j,ZA4,4.795880017344075,2.06,2011,PDB,True
3b1t,YCL,5.657577319177793,2.50,2011,PDB,True
2y2p,Z10,4.698970004336019,1.62,2011,PDB,True
2y2i,ZA3,4.585026652029182,1.78,2011,PDB,True
2y2n,E07,4.568636235841013,2.07,2011,PDB,True
2y2h,ZA2,4.568636235841013,1.96,2011,PDB,True
2y2k,ZA5,5.161150909262744,2.09,2011,PDB,True
3qsd,074,7.1944991418416,1.30,2011,PDB,True
3rsb,GTP,6.3979400086720375,2.80,2011,PDB,True
4efg,RET,7.259637310505756,1.58,2012,PDB,True
4eej,RET,7.154901959985743,1.50,2012,PDB,True
4amy,2P2,10.823908740944319,2.00,2012,PDB,True
4an1,2P8,10.259637310505756,1.90,2012,PDB,True
4amz,2P4,9.823908740944319,2.00,2012,PDB,True
3zvt,B07,5.920818753952375,3.10,2012,PDB,True
3sv8,SV6,7.913640169325252,2.50,2012,PDB,True
3zvw,FP5,3.9030899869919438,2.00,2012,PDB,True
3sv6,SV6,7.46344155742847,1.40,2012,PDB,True
3sv7,SV6,6.08460016478773,1.55,2012,PDB,True
4jg7,1LC,6.920818753952375,3.00,2013,PDB,True
4jg6,1LB,6.443697499232713,2.60,2013,PDB,True
3zeb,SV1,6.130768280269024,2.20,2013,PDB,True
3zmi,L6C,5.951946826884391,2.20,2013,PDB,True
3zot,L6C,5.951946826884391,2.40,2013,PDB,True
3zmj,L61,4.931443104927637,2.30,2013,PDB,True
4kqo,JPP,6.779891911959945,2.31,2013,PDB,True
4bcb,4I4,8.522878745280337,1.70,2013,PDB,True
3zmh,L62,5.2784366816425194,2.30,2013,PDB,True
4bcc,JKT,8.045757490560675,1.65,2013,PDB,True
4i9r,RET,6.950781977329818,2.60,2013,PDB,True
4i9s,RET,6.790484985457369,2.58,2013,PDB,True
4gd6,17K,7.376750709602099,1.53,2013,PDB,True
4gs6,1FM,7.1487416512809245,2.20,2013,PDB,True
4m1j,B0S,9.698970004336019,1.80,2013,PDB,True
4ele,31I,7.87942606879415,2.35,2013,PDB,True
4ccd,2DG,4.494850021680094,1.97,2013,PDB,True
4pl3,31J,6.537602002101044,2.90,2014,PDB,True
4r17,3K4,7.6777807052660805,2.10,2014,PDB,True
4r18,ABA,7.6777807052660805,2.40,2014,PDB,True
5tdi,7AS,9.744727494896694,1.40,2017,PDB,True
5x5g,OP0,5.826813731587726,2.00,2017,PDB,True
5gwa,NXL,5.767003889607846,1.59,2017,PDB,True
6gop,F6K,9.154901959985743,2.90,2018,PDB,True
6g8n,EQB,5.844663962534939,3.00,2018,PDB,True
6ary,BT7,7.600326278518962,2.26,2018,PDB,True
6d8e,FZP,6.468521082957745,2.54,2018,PDB,True
5yjo,8W0,7.173925197299173,2.14,2018,PDB,True
6mu1,JYP,8.102372908709558,4.10,2018,PDB,True
5nwz,9CT,9.096910013008056,2.37,2018,PDB,True
6b1h,C8Y,8.721246399047171,1.80,2018,PDB,True
6b1f,C8Y,8.721246399047171,1.44,2018,PDB,True
5mo2,D86,3.844663962534938,1.50,2018,PDB,True
5mos,D86,3.7878123955960423,0.96,2018,PDB,True
6af9,ISN,5.494850021680094,1.39,2018,PDB,True
6aff,72U,5.4089353929735005,1.60,2018,PDB,True
5nud,99K,7.494850021680094,2.50,2018,PDB,True
6afe,72T,5.356547323513812,1.50,2018,PDB,True
6b1x,C9D,7.3979400086720375,1.45,2018,PDB,True
6b1y,CD7,7.3979400086720375,1.80,2018,PDB,True
6b22,C8Y,7.376750709602099,1.93,2018,PDB,True
6b1w,C8V,7.366531544420414,1.73,2018,PDB,True
5ykp,OVA,7.045757490560675,1.68,2018,PDB,True
5yr5,OVA,6.7447274948966935,1.60,2018,PDB,True
1drv,A3D,6.537602002101044,2.20,1997,PDB,False
1amk,PGA,4.301029995663981,1.83,1997,PDB,False
1bju,GP6,4.795880017344075,1.80,1998,PDB,False
1bjv,GP8,5.537602002101044,1.80,1998,PDB,False
1qku,EST,9.585026652029182,3.20,2000,PDB,False
1g42,CP2,3.0132282657337552,1.80,2001,PDB,False
1ogz,EQU,5.853871964321762,2.30,2003,PDB,False
1s5z,SON,3.207608310501746,2.00,2005,PDB,False
2az5,307,5.27083521030723,2.10,2005,PDB,False
1y4z,PCI,7.2441251443275085,2.00,2005,PDB,False
2fq6,P3F,7.102372908709558,1.78,2006,PDB,False
2fjm,073,6.847711655616943,2.10,2006,PDB,False
2j87,TTP,4.853871964321762,3.10,2006,PDB,False
2fjn,073,7.4089353929735005,2.20,2006,PDB,False
2ddf,INN,7.3872161432802645,1.70,2006,PDB,False
2fv9,002,7.221848749616356,2.02,2006,PDB,False
2i7c,AAT,5.070581074285707,1.71,2006,PDB,False
2ha4,ACH,2.6989700043360187,2.56,2006,PDB,False
2fr3,REA,8.698970004336019,1.48,2006,PDB,False
2ha2,SCK,4.657577319177793,2.05,2006,PDB,False
2gz2,A2P,5.221848749616356,2.10,2006,PDB,False
1yon,A2R,4.214670164989233,1.95,2006,PDB,False
2doo,C4H,7.173925197299173,2.43,2006,PDB,False
2ate,NIA,7.0655015487564325,1.80,2006,PDB,False
2ha3,CHT,3.0315170514460648,2.25,2006,PDB,False
2gvd,128,7.0,2.90,2006,PDB,False
2gvz,ONA,6.886056647693163,3.27,2006,PDB,False
2nw4,8NH,8.675717544702307,3.00,2006,PDB,False
2isw,PGH,7.431798275933005,1.75,2006,PDB,False
2isv,PGH,7.431798275933005,2.30,2006,PDB,False
2j9h,GTX,3.3872161432802645,2.40,2006,PDB,False
2hzy,DHJ,7.3872161432802645,1.35,2006,PDB,False
2gmk,AMP,3.2291479883578558,1.65,2006,PDB,False
2r9s,255,6.823908740944319,2.40,2007,PDB,False
2uw6,GVO,6.552841968657781,2.23,2007,PDB,False
2gmv,UN8,6.200659450546418,2.30,2007,PDB,False
2g9r,G27,6.075720713938118,2.07,2007,PDB,False
2i6a,5I5,9.045757490560675,2.20,2007,PDB,False
2g9v,IFM,5.91721462968355,2.15,2007,PDB,False
2gh6,CF3,4.95116991347165,2.20,2007,PDB,False
2hyy,STI,6.769551078621726,2.40,2007,PDB,False
2uw7,GVP,7.7447274948966935,2.10,2007,PDB,False
2hvx,DRX,7.5376020021010435,2.60,2007,PDB,False
2nww,TB1,5.481486060122113,3.20,2007,PDB,False
2uw5,GVN,7.508638306165727,2.14,2007,PDB,False
2hz0,GIN,6.481486060122113,2.10,2007,PDB,False
2hz4,4ST,5.465339424171556,2.80,2007,PDB,False
2gqn,BLP,5.346787486224656,1.80,2007,PDB,False
2uw4,L15,5.2839966563652006,2.00,2007,PDB,False
2nv7,555,8.301029995663981,2.10,2007,PDB,False
2hzi,JIN,7.154901959985743,1.70,2007,PDB,False
2uw8,GVQ,4.113509274827518,2.00,2007,PDB,False
2uw3,GVG,4.096910013008056,2.19,2007,PDB,False
2nnv,M29,7.522878745280337,1.10,2007,PDB,False
2uxi,G50,7.301029995663981,2.50,2007,PDB,False
2jdu,MFU,6.721246399047171,1.50,2007,PDB,False
2jdp,MFU,6.6020599913279625,1.30,2007,PDB,False
2nn7,M29,6.522878745280337,1.85,2007,PDB,False
2qpq,CIT,6.366531544420414,1.92,2007,PDB,False
2nno,M28,6.3979400086720375,1.01,2007,PDB,False
2gfd,RDA,6.2839966563652006,2.30,2007,PDB,False
2j3q,TFL,6.154901959985743,2.80,2007,PDB,False
2fxs,RDA,6.060480747381382,2.00,2007,PDB,False
2nns,M25,6.045757490560675,1.03,2007,PDB,False
2nn1,M28,5.823908740944319,1.65,2007,PDB,False
2itt,AEE,8.769551078621726,2.73,2007,PDB,False
2j6m,AEE,7.962573502059376,3.10,2007,PDB,False
2itp,AEE,7.94692155651658,2.74,2007,PDB,False
2g78,REA,6.920818753952375,1.70,2007,PDB,False
2g79,RET,6.920818753952375,1.69,2007,PDB,False
2ito,IRE,6.907981529247203,3.25,2007,PDB,False
2vhq,ATP,3.853871964321762,2.15,2007,PDB,False
2j4k,U5P,4.853871964321762,2.20,2007,PDB,False
2nsj,C2R,4.787812395596042,2.31,2007,PDB,False
2uxu,NAR,4.7447274948966935,2.30,2007,PDB,False
2i4z,DRH,5.7037737127388395,2.25,2007,PDB,False
2i4p,DRH,5.7037737127388395,2.10,2007,PDB,False
2itz,IRE,8.585026652029182,2.72,2007,PDB,False
2jdn,MMA,5.555955204081924,1.30,2007,PDB,False
2nmx,M25,5.568636235841013,1.55,2007,PDB,False
2nsl,C2R,4.679853713888946,2.00,2007,PDB,False
2hzl,PYR,6.568636235841013,1.40,2007,PDB,False
2isc,223,8.42021640338319,2.70,2007,PDB,False
2jdm,MFU,5.402304814074488,1.70,2007,PDB,False
2j4q,TTP,4.455931955649724,2.60,2007,PDB,False
2hj4,PNZ,5.367542707815276,1.80,2007,PDB,False
2nng,ZYX,5.356547323513812,1.20,2007,PDB,False
2uwd,2GG,8.346787486224656,1.90,2007,PDB,False
2gj5,VD3,8.324221658325914,2.40,2007,PDB,False
2hjb,PZM,4.394694953858891,1.85,2007,PDB,False
2jdy,MMA,4.367542707815276,1.70,2007,PDB,False
2ity,IRE,7.2716462179787715,3.42,2007,PDB,False
2i4j,DRJ,6.164436248330903,2.10,2007,PDB,False
2oz5,7XY,6.481486060122113,2.00,2007,PDB,False
2j27,PGA,3.5228787452803374,1.15,2007,PDB,False
2g9q,1AB,6.3979400086720375,2.50,2007,PDB,False
2v0n,C2E,6.301029995663981,2.71,2007,PDB,False
2hw2,RFP,2.9706162223147903,1.45,2007,PDB,False
2eg7,OTD,5.886056647693163,2.00,2007,PDB,False
3b7i,PLU,5.823908740944319,1.75,2007,PDB,False
2i4x,KGQ,11.721246399047171,1.55,2007,PDB,False
3b3c,PLU,3.978810700930062,1.46,2007,PDB,False
1vso,AT1,4.721703791908726,1.85,2007,PDB,False
2i4d,QFI,11.67778070526608,1.50,2007,PDB,False
2i4w,KGQ,11.585026652029182,1.55,2007,PDB,False
2r5q,1UN,8.568636235841012,2.30,2007,PDB,False
2i4u,DJR,11.568636235841012,1.50,2007,PDB,False
2uy4,AZM,4.6777807052660805,1.75,2007,PDB,False
2uy5,H35,5.494850021680094,1.60,2007,PDB,False
2r5p,MK1,8.481486060122112,2.30,2007,PDB,False
2ima,GB4,6.522878745280337,1.94,2007,PDB,False
2eg8,FOT,4.497572880015567,2.20,2007,PDB,False
2cfd,R4A,7.494850021680094,1.60,2007,PDB,False
2cfg,R4A,7.443697499232712,1.55,2007,PDB,False
2nnk,ROC,8.366531544420413,1.25,2007,PDB,False
2nnp,ROC,8.366531544420413,1.20,2007,PDB,False
2nmy,ROC,8.366531544420413,1.10,2007,PDB,False
2nmz,ROC,8.366531544420413,0.97,2007,PDB,False
2glm,SCB,5.366531544420414,2.60,2007,PDB,False
2gkl,PD2,5.346787486224656,1.86,2007,PDB,False
2pbw,DOQ,8.254925208417943,2.50,2007,PDB,False
2jfz,003,5.236572006437063,1.86,2007,PDB,False
2i4v,DJR,11.200659450546418,1.50,2007,PDB,False
2qdt,I38,5.187086643357144,2.00,2007,PDB,False
2uy3,H33,3.2218487496163566,1.90,2007,PDB,False
2v2q,NVG,4.147520006363144,2.30,2007,PDB,False
2v2v,V12,4.066512712151295,2.40,2007,PDB,False
2glp,BDE,5.013228265733755,2.42,2007,PDB,False
2vwx,7X4,7.3979400086720375,1.65,2008,PDB,False
2vwy,7X5,7.045757490560675,1.65,2008,PDB,False
3bi1,3BI,9.920818753952375,1.50,2008,PDB,False
3f5p,741,6.853871964321762,2.90,2008,PDB,False
2vx1,7X8,6.657577319177793,1.65,2008,PDB,False
2vww,7X2,6.619788758288394,1.90,2008,PDB,False
3drp,R8E,9.698970004336019,2.60,2008,PDB,False
2vwu,7X1,6.455931955649724,2.00,2008,PDB,False
3c10,TSN,6.522878745280337,2.00,2008,PDB,False
3el7,PD3,6.318758762624412,2.80,2008,PDB,False
3drr,R8E,9.397940008672037,2.89,2008,PDB,False
2qyn,NPV,6.2441251443275085,1.57,2008,PDB,False
2vx0,7X7,6.236572006437063,2.10,2008,PDB,False
3drs,R8D,9.301029995663981,3.15,2008,PDB,False
2qyl,NPV,6.187086643357144,1.95,2008,PDB,False
2vwz,7X6,6.100179497572904,1.65,2008,PDB,False
2rib,GMH,2.8239087409443187,1.80,2008,PDB,False
2r4f,RIE,8.823908740944319,1.70,2008,PDB,False
2vcg,S17,5.772113295386326,1.90,2008,PDB,False
3ce3,1FN,8.744727494896694,2.40,2008,PDB,False
3dej,RXC,8.0,2.60,2008,PDB,False
3bpr,OLP,4.94692155651658,2.80,2008,PDB,False
3c0z,SHH,3.9469215565165805,2.10,2008,PDB,False
3ccn,LKG,6.920818753952375,1.90,2008,PDB,False
3chd,WRG,4.920818753952375,2.00,2008,PDB,False
2zas,1OH,7.856985199745905,2.00,2008,PDB,False
2onc,SY1,7.886056647693163,2.55,2008,PDB,False
2vj6,VG5,7.886056647693163,1.80,2008,PDB,False
3deh,RXA,6.826813731587726,2.50,2008,PDB,False
3bi0,BIX,7.853871964321762,1.67,2008,PDB,False
3cqu,CQU,6.82102305270683,2.20,2008,PDB,False
2vo7,M05,6.774690718274137,1.98,2008,PDB,False
2jkm,BII,7.750557038557417,2.31,2008,PDB,False
3cjo,K30,8.657577319177793,2.28,2008,PDB,False
3dt1,P40,8.619788758288394,2.80,2008,PDB,False
2qnx,UDT,5.619788758288394,2.70,2008,PDB,False
2zlg,MRT,5.585026652029182,2.52,2008,PDB,False
2qo1,VZZ,5.568636235841013,2.60,2008,PDB,False
3f07,AGE,5.537602002101044,3.30,2008,PDB,False
3c7q,XIN,7.6777807052660805,2.10,2008,PDB,False
3c72,CX1,4.6439741428068775,2.30,2008,PDB,False
3el8,PD5,7.6020599913279625,2.30,2008,PDB,False
3dek,RXD,7.568636235841013,2.40,2008,PDB,False
2qyk,NPV,5.481486060122113,2.10,2008,PDB,False
2qnz,DFD,5.42021640338319,2.30,2008,PDB,False
2vqj,TFG,6.43533393574791,2.10,2008,PDB,False
2vaq,VAW,8.522878745280337,3.01,2008,PDB,False
2v22,C35,5.3872161432802645,2.60,2008,PDB,False
3ddu,552,7.3979400086720375,1.56,2008,PDB,False
2rku,R78,8.301029995663981,1.95,2008,PDB,False
3ch9,XRG,3.3010299956639813,2.20,2008,PDB,False
2jkk,BI9,8.204815410317575,2.00,2008,PDB,False
2vvo,A6P,2.2006594505464183,1.85,2008,PDB,False
3ecn,IBM,3.156144577376839,2.10,2008,PDB,False
2jko,BIJ,8.113509274827518,1.65,2008,PDB,False
3chc,ZRG,4.0915149811213505,1.90,2008,PDB,False
2pjt,347,6.0655015487564325,2.80,2008,PDB,False
2vqm,HA3,6.009661145212399,1.80,2008,PDB,False
3cd8,L5G,8.045757490560675,2.00,2008,PDB,False
2rkn,LP3,7.221848749616356,1.60,2008,PDB,False
3c49,KU8,7.154901959985743,2.80,2008,PDB,False
3exe,TPP,6.958607314841775,1.98,2008,PDB,False
3cow,52H,6.903089986991944,1.80,2008,PDB,False
2vpn,4CS,6.721246399047171,1.55,2008,PDB,False
2jgs,BTN,6.619788758288394,1.90,2008,PDB,False
2qpu,QPU,3.6020599913279625,1.70,2008,PDB,False
3bb1,GNP,3.6020599913279625,2.80,2008,PDB,False
3exf,TPP,6.537602002101044,3.00,2008,PDB,False
3cph,GDP,6.481486060122113,2.90,2008,PDB,False
3d2e,ATP,6.42021640338319,2.35,2008,PDB,False
2q2c,HIS,6.376750709602099,2.35,2008,PDB,False
3c2o,NTM,3.3467874862246565,2.30,2008,PDB,False
2w0s,BVP,3.3010299956639813,2.92,2008,PDB,False
2q89,6CS,6.301029995663981,2.30,2008,PDB,False
2qbu,SAH,6.1904402853647325,2.10,2008,PDB,False
3dxj,NE6,6.221848749616356,3.00,2008,PDB,False
3bti,BER,6.142667503568732,2.85,2008,PDB,False
3c2r,PHT,3.1079053973095196,2.40,2008,PDB,False
3ce0,P34,6.154901959985743,2.80,2008,PDB,False
3dst,GRG,9.080921907623926,1.90,2008,PDB,False
3coy,53H,6.017728766960432,2.03,2008,PDB,False
2qhc,AB1,8.958607314841775,2.80,2008,PDB,False
3c2u,B3P,2.9030899869919438,1.30,2008,PDB,False
3b67,B67,8.853871964321762,1.90,2008,PDB,False
3d1z,017,8.795880017344075,1.30,2008,PDB,False
3b5r,B5R,8.769551078621726,1.80,2008,PDB,False
2rkd,3PP,2.721246399047171,1.90,2008,PDB,False
2qg0,A94,5.721246399047171,1.85,2008,PDB,False
2w54,HHR,6.984640244590786,3.30,2008,PDB,False
3cyx,ROC,8.0,1.20,2008,PDB,False
2vi5,Y19,3.958607314841775,2.30,2008,PDB,False
3cf8,QUE,4.896196279044043,2.40,2008,PDB,False
2qw1,3MG,3.9030899869919438,1.70,2008,PDB,False
3cf9,AGI,4.826813731587726,2.60,2008,PDB,False
3efk,MT4,7.853871964321762,2.20,2008,PDB,False
3czv,AZM,7.795880017344075,2.00,2008,PDB,False
2pyi,DL8,3.7471469690201067,1.88,2008,PDB,False
2zgx,29U,6.7447274948966935,1.80,2008,PDB,False
2qrh,M08,4.707743928643524,1.83,2008,PDB,False
2rka,PGA,3.0,1.95,2008,PDB,False
2qd6,065,8.67778070526608,1.28,2008,PDB,False
2q8z,NUP,5.6777807052660805,1.80,2008,PDB,False
3d1x,ROC,8.657577319177793,1.05,2008,PDB,False
3b66,B66,8.602059991327963,1.65,2008,PDB,False
3b7r,BIR,7.698970004336019,1.81,2008,PDB,False
2rk8,PPF,3.6382721639824074,2.00,2008,PDB,False
2v54,TYD,4.6020599913279625,2.40,2008,PDB,False
2za5,2FF,8.431798275933005,2.30,2008,PDB,False
3bft,S2P,6.490797477668897,2.27,2008,PDB,False
3cm2,X23,6.468521082957745,2.50,2008,PDB,False
3efj,MT3,7.4089353929735005,2.60,2008,PDB,False
2qg2,A91,5.3979400086720375,1.80,2008,PDB,False
2qci,065,8.337242168318426,1.20,2008,PDB,False
2vc7,HT5,3.3638131048012756,2.05,2008,PDB,False
2pnc,CLU,3.33161408331,2.40,2008,PDB,False
2qtt,FMC,4.318758762624412,1.93,2008,PDB,False
2zda,32U,8.397940008672037,1.73,2008,PDB,False
3b68,B68,8.397940008672037,1.90,2008,PDB,False
3bfu,R2P,6.274905478918531,1.95,2008,PDB,False
3d20,017,8.301029995663981,1.05,2008,PDB,False
2r59,PH0,8.187086643357144,1.89,2008,PDB,False
2qrg,M07,5.180456064458132,1.85,2008,PDB,False
2zfp,19U,5.167491087293763,2.25,2008,PDB,False
3b7j,JUG,5.167491087293763,2.40,2008,PDB,False
2epn,NGT,7.221848749616356,1.61,2008,PDB,False
3f3a,TRP,4.188424994129407,2.00,2008,PDB,False
2jk7,BI6,7.173925197299173,2.82,2008,PDB,False
3d1y,ROC,8.221848749616356,1.05,2008,PDB,False
2pq9,GG9,8.10790539730952,1.60,2008,PDB,False
2qrq,S13,5.102372908709558,1.80,2008,PDB,False
3bbt,FMM,6.154901959985743,2.80,2008,PDB,False
2rkg,AB1,8.086186147616283,1.80,2008,PDB,False
2qtg,MTH,5.080921907623926,1.84,2008,PDB,False
2rke,SAT,4.0835460514500745,1.80,2008,PDB,False
2rk7,OXL,4.050609993355088,1.90,2008,PDB,False
2qrm,M09,4.0338582672609675,1.90,2008,PDB,False
3f3c,PFF,6.022276394711152,2.10,2008,PDB,False
3dc2,TLA,3.0222763947111524,2.70,2008,PDB,False
3du8,553,6.835647144215563,2.20,2009,PDB,False
3fui,812,6.804100347590766,2.20,2009,PDB,False
3fun,798,6.723538195826756,1.58,2009,PDB,False
3g3n,TC8,6.292429823902063,2.40,2009,PDB,False
3hw1,EV2,3.0604807473813813,2.48,2009,PDB,False
3djf,BC3,6.096910013008056,2.30,2009,PDB,False
3jzb,4HY,9.013228265733755,2.01,2009,PDB,False
3fy0,DW1,5.962573502059376,2.35,2009,PDB,False
3jzk,YIN,5.910094888560602,2.10,2009,PDB,False
3e0q,JFD,5.886056647693163,1.90,2009,PDB,False
3dp0,2BC,5.847711655616943,2.50,2009,PDB,False
3k3g,MMU,2.853871964321762,2.40,2009,PDB,False
3dp2,4BE,5.823908740944319,2.40,2009,PDB,False
3doy,2BE,5.818156412055227,2.40,2009,PDB,False
3dp3,4BB,5.818156412055227,2.30,2009,PDB,False
3doz,3BE,5.703334809738469,2.50,2009,PDB,False
3fu6,80G,3.9746941347352296,2.05,2009,PDB,False
3ftv,11X,2.9329291439546297,1.70,2009,PDB,False
3hxf,BD9,4.958607314841775,1.90,2009,PDB,False
3fxz,FLL,6.886056647693163,1.64,2009,PDB,False
3h03,UBP,3.869666231504994,1.90,2009,PDB,False
3f8s,PF2,7.886056647693163,2.43,2009,PDB,False
3fu3,92G,2.840733668906506,2.00,2009,PDB,False
3fue,11S,2.8210230527068307,2.38,2009,PDB,False
3fum,80A,3.769551078621726,2.15,2009,PDB,False
3gwu,SRE,4.7055337738384075,2.14,2009,PDB,False
3iw4,LW4,8.67778070526608,2.80,2009,PDB,False
3gwv,RFX,2.595166283380062,2.35,2009,PDB,False
2wgs,1AZ,5.6020599913279625,2.55,2009,PDB,False
3g6g,G6G,8.55284196865778,2.31,2009,PDB,False
3fkt,SII,5.552841968657781,1.90,2009,PDB,False
3jzc,4HY,8.531652669587842,2.50,2009,PDB,False
3dg8,RJ6,4.698970004336019,2.58,2009,PDB,False
3fts,STL,3.6736641390712483,2.33,2009,PDB,False
3hrb,I39,7.6777807052660805,2.20,2009,PDB,False
3g76,CZ3,6.636764195516306,3.00,2009,PDB,False
3fuj,00G,3.630784142589857,1.90,2009,PDB,False
3ftu,RE2,3.607303046740334,1.90,2009,PDB,False
3dtc,VIN,7.585026652029182,2.60,2009,PDB,False
2wu6,DKI,7.534617148551582,1.92,2009,PDB,False
3dga,RJ1,4.52432881167557,2.70,2009,PDB,False
3h06,VBP,3.5346171485515816,2.80,2009,PDB,False
3hvg,EV0,2.6989700043360187,2.26,2009,PDB,False
2wei,VGG,8.468521082957745,1.65,2009,PDB,False
2w6c,BM4,8.4089353929735,2.69,2009,PDB,False
3f3w,1BU,7.468521082957745,2.60,2009,PDB,False
3gww,SFX,0.44977164694490596,2.46,2009,PDB,False
2jle,I15,6.4156687756324695,2.90,2009,PDB,False
3fq7,PXG,2.5228787452803374,2.15,2009,PDB,False
3hxb,BD5,5.3872161432802645,2.25,2009,PDB,False
3hxe,BD8,5.327902142064283,1.95,2009,PDB,False
3ess,18N,6.386158178123931,1.19,2009,PDB,False
3hxc,BD6,5.2839966563652006,1.95,2009,PDB,False
3dcq,2G0,5.2262135550188065,1.80,2009,PDB,False
2wu7,V25,6.275724130399211,2.25,2009,PDB,False
3f2a,985,7.2441251443275085,1.90,2009,PDB,False
3g6h,G6H,8.193820026016112,2.35,2009,PDB,False
3fty,3IP,3.208309350979882,2.15,2009,PDB,False
2wuu,NHW,7.16304326294045,1.42,2009,PDB,False
3fu5,492,4.123782159408358,2.30,2009,PDB,False
3ewz,CNU,4.102372908709558,1.40,2009,PDB,False
3fqk,79Z,7.0915149811213505,2.20,2009,PDB,False
3f8w,ADN,4.08460016478773,2.30,2009,PDB,False
3dp1,2RB,5.0034883278458215,2.30,2009,PDB,False
3fuk,58Z,3.0150228735845066,1.95,2009,PDB,False
3hxd,BD7,5.045757490560675,1.95,2009,PDB,False
3g15,HC6,7.0,1.70,2009,PDB,False
3fsj,D7K,3.94692155651658,1.37,2009,PDB,False
3fzy,IHP,6.7447274948966935,1.95,2009,PDB,False
3ie3,N11,6.6777807052660805,1.80,2009,PDB,False
3el1,DR7,9.638272163982407,1.70,2009,PDB,False
3eky,DR7,9.638272163982407,1.80,2009,PDB,False
3jvs,AGY,6.537602002101044,1.90,2009,PDB,False
3bwj,ARX,6.496209316942819,2.30,2009,PDB,False
3g3r,ANP,6.481486060122113,2.00,2009,PDB,False
3d7m,GDP,6.443697499232713,2.90,2009,PDB,False
3ekx,1UN,9.4089353929735,1.97,2009,PDB,False
3ekv,478,9.4089353929735,1.75,2009,PDB,False
3hjo,EAA,6.522878745280337,1.95,2009,PDB,False
3ed0,EMO,6.346787486224656,2.30,2009,PDB,False
2zx5,ZX5,12.328827157284916,2.65,2009,PDB,False
3hxi,GTG,6.327902142064283,1.80,2009,PDB,False
2v58,LZJ,9.086186147616283,2.10,2009,PDB,False
3e12,KD0,5.991399828238082,1.70,2009,PDB,False
3dxm,N24,6.0,2.85,2009,PDB,False
2w8j,PLS,2.958607314841775,1.50,2009,PDB,False
3i9g,S1P,8.958607314841775,1.90,2009,PDB,False
2weq,GDM,5.896196279044043,2.20,2009,PDB,False
3ekp,478,8.886056647693163,2.15,2009,PDB,False
3h1x,IMN,5.886056647693163,1.40,2009,PDB,False
3fxb,4CS,5.853871964321762,2.90,2009,PDB,False
3ekw,DR7,7.962573502059376,1.60,2009,PDB,False
2whp,HI6,4.0,2.20,2009,PDB,False
3g5d,1N1,7.958607314841775,2.20,2009,PDB,False
3gk4,53A,3.9208187539523753,1.90,2009,PDB,False
3evd,GTP,6.906578314837765,1.50,2009,PDB,False
3evc,GTP,6.906578314837765,1.60,2009,PDB,False
2wor,2AN,3.9030899869919438,1.70,2009,PDB,False
2wos,6AN,3.9030899869919438,1.70,2009,PDB,False
3hv7,1AU,7.920818753952375,2.40,2009,PDB,False
3iw8,HIZ,4.872895201635193,2.00,2009,PDB,False
3a1t,GDP,4.8297382846050425,1.80,2009,PDB,False
3a1s,GDP,4.8297382846050425,1.50,2009,PDB,False
2w4x,STZ,4.853871964321762,2.42,2009,PDB,False
3f70,MLZ,4.853871964321762,2.10,2009,PDB,False
2zwz,ZWZ,7.787812395596042,2.36,2009,PDB,False
3gcu,R48,6.782516055786093,2.10,2009,PDB,False
3dsz,LIZ,7.767003889607846,2.00,2009,PDB,False
3ekq,ROC,6.7544873321858505,2.20,2009,PDB,False
3ern,CAR,1.7233084711549602,2.10,2009,PDB,False
3el5,1UN,7.723538195826756,1.60,2009,PDB,False
3dgo,ATP,6.7447274948966935,2.50,2009,PDB,False
2v59,LZK,7.7447274948966935,2.40,2009,PDB,False
3dnt,ATP,4.7447274948966935,1.66,2009,PDB,False
3f3u,1AW,4.7447274948966935,2.50,2009,PDB,False
3elc,F01,2.694648630553376,2.50,2009,PDB,False
3d45,7MG,5.6777807052660805,3.00,2009,PDB,False
3jup,AKD,5.580044251510242,1.90,2009,PDB,False
3dp9,BIG,9.681936665037238,2.30,2009,PDB,False
3gf2,SAL,1.6989700043360187,1.80,2009,PDB,False
3g0e,B49,7.698970004336019,1.60,2009,PDB,False
3k5i,AIR,4.698970004336019,2.00,2009,PDB,False
3ioc,A5D,3.677780705266081,2.50,2009,PDB,False
3g0f,B49,7.657577319177793,2.60,2009,PDB,False
2zq1,11U,6.621602099051862,1.68,2009,PDB,False
3d78,NBB,7.638272163982407,1.60,2009,PDB,False
3k5k,DXQ,7.638272163982407,1.70,2009,PDB,False
3dgl,ATP,6.6020599913279625,1.80,2009,PDB,False
3ekt,017,10.585026652029182,1.97,2009,PDB,False
3f3t,1AU,4.585026652029182,2.50,2009,PDB,False
2zq2,13U,6.559090917934782,1.40,2009,PDB,False
2uzj,E64,4.568636235841013,1.55,2009,PDB,False
2zhd,12U,6.542118103266008,1.94,2009,PDB,False
2zfs,12U,6.542118103266008,1.51,2009,PDB,False
2w92,NGT,4.552841968657781,1.65,2009,PDB,False
3gk2,27A,2.6989700043360187,1.98,2009,PDB,False
2wn9,ZY5,8.522878745280337,1.75,2009,PDB,False
3iw6,PP0,5.482804102050026,2.10,2009,PDB,False
3gqo,APR,5.4089353929735005,2.60,2009,PDB,False
2zft,10U,6.522878745280337,1.76,2009,PDB,False
2wnj,ZY7,6.481486060122113,1.80,2009,PDB,False
3gx0,GDS,3.4814860601221125,2.30,2009,PDB,False
3el0,1UN,7.467245621007502,2.00,2009,PDB,False
3gcq,1BU,6.465973893943865,2.00,2009,PDB,False
3iob,A4D,3.42021640338319,1.80,2009,PDB,False
3el9,DR7,8.397940008672037,1.60,2009,PDB,False
3e85,BSU,5.376750709602099,1.95,2009,PDB,False
3g8e,IS1,5.346787486224656,3.00,2009,PDB,False
3efs,ATP,5.337242168318426,2.30,2009,PDB,False
3dxk,N23,6.327902142064283,2.70,2009,PDB,False
2wnc,TKT,6.319664486585437,2.20,2009,PDB,False
2wuf,KEM,4.292429823902063,1.90,2009,PDB,False
3ioe,A7D,3.2676062401770314,1.95,2009,PDB,False
3cz1,NBB,7.259637310505756,1.50,2009,PDB,False
3gcs,BAX,7.251811972993799,2.10,2009,PDB,False
3gpo,APR,5.301029995663981,1.90,2009,PDB,False
3g08,FEE,8.16475346000369,1.60,2009,PDB,False
3cyz,9OD,7.221848749616356,1.80,2009,PDB,False
3dzt,EAH,7.220403508742176,1.80,2009,PDB,False
3dgn,ADP,6.2076083105017466,2.70,2009,PDB,False
3cft,5NS,4.1938200260161125,1.87,2009,PDB,False
3el4,ROC,7.17134010346468,2.00,2009,PDB,False
2w8w,PLS,2.1249387366083,2.14,2009,PDB,False
3fql,79Z,7.1487416512809245,1.80,2009,PDB,False
3f3v,1BU,7.136677139879544,2.60,2009,PDB,False
3gcv,SS6,7.130768280269024,2.30,2009,PDB,False
3efr,BTN,5.080921907623926,2.55,2009,PDB,False
3juo,AJD,5.068033885271827,2.20,2009,PDB,False
3gk1,32A,4.096910013008056,2.10,2009,PDB,False
3iod,A6D,4.096910013008056,1.75,2009,PDB,False
2zsc,BTN,7.060480747381382,1.30,2009,PDB,False
3kr8,XAV,8.096910013008056,2.10,2009,PDB,False
3g0w,LGB,9.522878745280337,1.95,2009,PDB,False
3dxh,UDP,3.1870866433571443,1.40,2009,PDB,False
3hk1,B64,6.173925197299173,1.70,2009,PDB,False
3e9i,XAH,6.221848749616356,2.20,2009,PDB,False
2wb5,VGB,9.130768280269024,2.31,2009,PDB,False
2w8y,486,9.086186147616283,1.80,2009,PDB,False
3gba,DYH,9.071604147743287,1.35,2009,PDB,False
3hb4,E2B,9.045757490560675,2.21,2009,PDB,False
3dcc,D9Z,8.958607314841775,1.60,2009,PDB,False
3ehy,TBL,5.853871964321762,1.90,2009,PDB,False
3jvr,AGX,5.723538195826756,1.76,2009,PDB,False
3dux,64U,7.0,1.60,2009,PDB,False
3djq,UDP,2.9803022690198078,1.53,2009,PDB,False
3dcs,MZM,7.943095148663527,1.80,2009,PDB,False
3daz,MZM,7.928117992693875,1.60,2009,PDB,False
2w67,F34,4.958607314841775,2.25,2009,PDB,False
3gbb,MS8,6.899629454882437,2.10,2009,PDB,False
3eax,LZP,4.920818753952375,1.90,2009,PDB,False
2wks,CB6,6.886056647693163,2.95,2009,PDB,False
3hig,BRN,7.886056647693163,2.09,2009,PDB,False
3djx,C5P,2.8074604226852813,1.69,2009,PDB,False
3eb1,LZQ,4.787812395596042,2.40,2009,PDB,False
3evf,GTA,6.769551078621726,1.45,2009,PDB,False
3ggu,017,9.769551078621726,1.80,2009,PDB,False
3d6q,U3S,3.7644715530924513,1.60,2009,PDB,False
3gep,24H,3.7525177393229456,2.60,2009,PDB,False
3d6p,U2S,3.7471469690201067,1.60,2009,PDB,False
3f6h,ILE,4.721246399047171,2.70,2009,PDB,False
3ggj,25H,6.0,2.60,2009,PDB,False
3d9z,D9Z,8.698970004336019,1.65,2009,PDB,False
3fa3,OAF,5.6020599913279625,2.60,2009,PDB,False
3d7b,U4S,3.692503962086787,1.60,2009,PDB,False
3ewc,MCF,7.698970004336019,2.11,2009,PDB,False
3eig,MTX,7.6777807052660805,1.70,2009,PDB,False
3fee,QUS,6.638272163982407,1.56,2009,PDB,False
3fk1,GPF,2.616184634019569,1.70,2009,PDB,False
3ehx,BDL,7.6020599913279625,1.90,2009,PDB,False
3gc4,AAQ,7.6020599913279625,1.80,2009,PDB,False
3jwq,VIA,7.6020599913279625,2.87,2009,PDB,False
3djv,C3P,4.554395796726403,1.60,2009,PDB,False
3e9h,KAA,7.552841968657781,2.10,2009,PDB,False
3hii,PNT,6.5376020021010435,2.15,2009,PDB,False
3ge7,AFQ,8.698970004336019,1.50,2009,PDB,False
2wqp,WQP,5.508638306165727,1.75,2009,PDB,False
3ggc,H26,5.443697499232713,2.78,2009,PDB,False
3fed,BIX,7.460923901207224,1.29,2009,PDB,False
3d8y,T3S,3.402304814074488,1.72,2009,PDB,False
3dxg,U5P,2.3979400086720375,1.39,2009,PDB,False
3f82,353,8.337242168318426,2.50,2009,PDB,False
3dc3,AZM,8.309803919971486,1.70,2009,PDB,False
3djo,U2P,4.38933983691012,1.60,2009,PDB,False
3d8z,TXS,3.3736596326249577,1.98,2009,PDB,False
3dhk,23U,7.327902142064283,1.73,2009,PDB,False
3eos,PK2,8.397940008672037,1.78,2009,PDB,False
3hll,I45,8.236572006437063,1.95,2009,PDB,False
3i4a,LN5,4.2839966563652006,1.90,2009,PDB,False
3gc5,2MQ,7.259637310505756,1.40,2009,PDB,False
3hit,DYN,8.193820026016112,2.29,2009,PDB,False
3djp,UA3,4.199282921717615,1.60,2009,PDB,False
3d8w,D8W,8.154901959985743,1.70,2009,PDB,False
3hiv,TXN,8.1249387366083,2.14,2009,PDB,False
3d6o,U1S,4.113509274827518,1.58,2009,PDB,False
3jwr,IBM,8.070581074285707,2.99,2009,PDB,False
3hiw,C2X,8.060480747381382,1.80,2009,PDB,False
3f68,91U,5.060480747381382,1.75,2009,PDB,False
3dbu,D8W,8.05551732784983,1.70,2009,PDB,False
3fjz,GPF,4.045757490560675,1.70,2009,PDB,False
3eou,PK3,7.013228265733755,1.93,2009,PDB,False
3m9f,595,11.154901959985743,1.80,2010,PDB,False
3inh,569,7.698970004336019,1.80,2010,PDB,False
3in4,BX2,7.522878745280337,2.30,2010,PDB,False
3inf,X45,7.3979400086720375,1.85,2010,PDB,False
3in3,472,7.221848749616356,2.00,2010,PDB,False
2x2m,X2M,6.769551078621726,2.50,2010,PDB,False
3l38,879,7.0,2.10,2010,PDB,False
2x2k,X2K,6.522878745280337,2.60,2010,PDB,False
3ara,MKH,6.494850021680094,1.70,2010,PDB,False
3krr,DQX,9.318758762624412,1.80,2010,PDB,False
2xkf,BX1,6.060480747381382,2.35,2010,PDB,False
3nef,PYV,5.943095148663527,2.40,2010,PDB,False
3neg,PYV,5.943095148663527,2.80,2010,PDB,False
3lpu,976,5.863279432843593,1.95,2010,PDB,False
3ind,593,5.815308569182402,2.25,2010,PDB,False
2xk6,EQH,5.795880017344075,2.20,2010,PDB,False
3mks,C1C,5.721246399047171,2.60,2010,PDB,False
2xvn,KLS,3.9507819773298185,2.35,2010,PDB,False
3lpt,723,4.913640169325252,2.00,2010,PDB,False
3ljt,LA3,6.889410289700751,1.60,2010,PDB,False
2xcs,RXV,7.853871964321762,2.10,2010,PDB,False
3ncg,BK1,6.823908740944319,2.49,2010,PDB,False
3lce,LCE,3.8068754016455384,2.00,2010,PDB,False
2x6e,YM4,7.823908740944319,3.35,2010,PDB,False
3n51,BK3,7.823908740944319,2.10,2010,PDB,False
3l0n,S5P,2.774690718274137,1.74,2010,PDB,False
3mlb,LJZ,4.795880017344075,1.80,2010,PDB,False
3kfn,3TL,4.7447274948966935,1.77,2010,PDB,False
2xk3,XK3,5.6777807052660805,2.20,2010,PDB,False
2x39,X39,8.657577319177793,1.93,2010,PDB,False
2xkd,T3M,5.638272163982407,1.96,2010,PDB,False
2xk8,5R1,5.619788758288394,2.00,2010,PDB,False
3m6f,BJZ,8.602059991327963,1.85,2010,PDB,False
2xkc,4VQ,5.585026652029182,2.50,2010,PDB,False
3k3e,PDB,7.657577319177793,2.70,2010,PDB,False
3ow4,SMY,7.657577319177793,2.60,2010,PDB,False
3l0k,6AU,4.619788758288394,1.34,2010,PDB,False
2xh5,X37,7.568636235841013,2.72,2010,PDB,False
3pjc,PJC,7.568636235841013,2.20,2010,PDB,False
3khj,C64,7.552841968657781,2.80,2010,PDB,False
3arn,MSJ,5.4089353929735005,1.80,2010,PDB,False
2x2l,X2L,5.275724130399211,2.00,2010,PDB,False
3mww,BIW,7.2441251443275085,2.80,2010,PDB,False
2x52,GYT,4.2441251443275085,1.70,2010,PDB,False
3g0g,RUM,8.301029995663981,2.45,2010,PDB,False
3ocb,XM1,8.301029995663981,2.70,2010,PDB,False
2xwy,IB8,5.221848749616356,2.53,2010,PDB,False
3ow3,SMY,6.129596094720973,1.90,2010,PDB,False
3g0b,T22,8.154901959985743,2.25,2010,PDB,False
2wd3,MS4,7.0655015487564325,1.80,2010,PDB,False
3k3h,BYE,7.055517327849832,2.50,2010,PDB,False
3mwu,BK3,8.045757490560675,1.98,2010,PDB,False
3lzs,017,10.962573502059376,1.95,2010,PDB,False
3lzv,017,10.585026652029182,2.15,2010,PDB,False
3hu3,AGS,6.886056647693163,2.20,2010,PDB,False
3hu1,AGS,6.886056647693163,2.81,2010,PDB,False
3kdb,006,9.853871964321762,1.66,2010,PDB,False
3fw4,CAQ,9.397940008672037,2.30,2010,PDB,False
3kdc,JZP,9.2839966563652,2.20,2010,PDB,False
2xgs,44P,3.275724130399211,2.39,2010,PDB,False
3k5v,STJ,6.301029995663981,1.74,2010,PDB,False
3ad8,PYC,3.161150909262745,2.20,2010,PDB,False
3nex,G24,6.0,1.70,2010,PDB,False
3kgu,GEN,5.920818753952375,1.85,2010,PDB,False
3neo,G24,5.920818753952375,2.00,2010,PDB,False
3gy2,BRN,5.7447274948966935,1.57,2010,PDB,False
3kr1,VGD,5.7447274948966935,2.30,2010,PDB,False
3k02,TXT,5.0,1.55,2010,PDB,False
3huc,G97,5.987162775294828,1.80,2010,PDB,False
2wib,GDP,4.928117992693875,2.56,2010,PDB,False
3mmr,ABH,4.958607314841775,2.14,2010,PDB,False
3m8u,GDS,4.889410289700751,1.85,2010,PDB,False
3ies,M24,9.920818753952375,2.00,2010,PDB,False
3mo5,E72,6.866461091629782,2.14,2010,PDB,False
3lbz,Z89,3.8601209135987635,2.30,2010,PDB,False
3kqo,ES4,3.853871964321762,2.40,2010,PDB,False
3lzz,GDP,3.835647144215563,2.50,2010,PDB,False
3kpw,1SQ,4.853871964321762,2.40,2010,PDB,False
3mo0,E11,6.812479279163537,2.78,2010,PDB,False
3kmx,G00,4.823908740944319,1.70,2010,PDB,False
3kqy,ES0,4.823908740944319,2.20,2010,PDB,False
3lxo,T3P,4.823908740944319,1.55,2010,PDB,False
3kyf,5GP,6.782516055786093,2.10,2010,PDB,False
3kqm,ES3,3.769551078621726,2.40,2010,PDB,False
3kpv,ADE,3.744727494896694,2.40,2010,PDB,False
3okp,GDD,4.721246399047171,2.00,2010,PDB,False
3oka,GDD,4.721246399047171,2.20,2010,PDB,False
2xgm,LXN,3.0,2.55,2010,PDB,False
2xgo,ZKD,3.0,2.60,2010,PDB,False
3gy3,PNT,5.627087997029894,1.70,2010,PDB,False
3nes,B72,5.619788758288394,1.75,2010,PDB,False
3kr0,172,4.698970004336019,2.60,2010,PDB,False
3ljo,11U,6.621602099051862,1.50,2010,PDB,False
3lgs,SAH,4.605548319173784,2.20,2010,PDB,False
3mo2,E67,6.61261017366127,2.49,2010,PDB,False
2wq4,SFU,2.5686362358410126,1.42,2010,PDB,False
3p8p,LN6,4.552841968657781,2.50,2010,PDB,False
3ad7,MTG,2.521433504406157,2.20,2010,PDB,False
3kgt,GEN,5.508638306165727,1.95,2010,PDB,False
3hmp,CX4,5.489454989793388,2.30,2010,PDB,False
3kdd,JZQ,8.462180904926726,1.80,2010,PDB,False
3pd2,A3S,5.468521082957745,1.86,2010,PDB,False
3nam,OTK,8.455931955649724,3.10,2010,PDB,False
3nhi,EAH,8.431798275933005,1.43,2010,PDB,False
2wsx,NM2,2.408935392973501,3.50,2010,PDB,False
3hmo,STU,7.515700160653214,2.40,2010,PDB,False
3ljj,10U,6.522878745280337,1.55,2010,PDB,False
3l2y,OPE,4.4939010400715595,2.70,2010,PDB,False
3pd4,A3G,4.478861916295964,2.40,2010,PDB,False
3kyg,5GP,7.464705879957229,2.10,2010,PDB,False
3pd3,A3T,4.441291429466834,1.86,2010,PDB,False
3okc,GDP,4.437707135543525,2.40,2010,PDB,False
3kqp,ES5,3.42021640338319,2.40,2010,PDB,False
3hzm,KDO,5.522878745280337,1.80,2010,PDB,False
2wic,GNP,5.3872161432802645,2.05,2010,PDB,False
3mf5,HJZ,5.364516253185088,2.00,2010,PDB,False
3kqt,ES7,5.337242168318426,2.40,2010,PDB,False
3nee,B72,5.337242168318426,1.55,2010,PDB,False
2xtn,GTP,7.3979400086720375,1.90,2010,PDB,False
3ogm,OGK,7.318758762624412,3.34,2010,PDB,False
3mxf,JQ1,7.309803919971486,1.60,2010,PDB,False
3ijg,AVR,4.267606240177032,1.70,2010,PDB,False
3o84,HTJ,7.236572006437063,2.10,2010,PDB,False
3p8h,P8H,5.301029995663981,2.55,2010,PDB,False
3ilq,1O2,5.2076083105017466,2.05,2010,PDB,False
3kqs,AX7,5.200659450546418,2.00,2010,PDB,False
3if7,SPU,7.214670164989233,1.60,2010,PDB,False
2won,ZZE,6.204815410317576,2.80,2010,PDB,False
2xto,GDP,6.200659450546418,2.80,2010,PDB,False
3kpu,ES1,3.161150909262745,2.40,2010,PDB,False
3lk0,Z80,3.156829535480102,2.04,2010,PDB,False
3nan,HZ1,8.221848749616356,3.10,2010,PDB,False
3kr2,ET2,5.142667503568732,2.30,2010,PDB,False
2wvt,FHN,6.1220530483708115,1.80,2010,PDB,False
3p8e,LN7,5.154901959985743,2.49,2010,PDB,False
3hub,469,8.086186147616283,2.25,2010,PDB,False
3hky,IX6,7.096910013008056,1.90,2010,PDB,False
3nal,DBK,8.096910013008056,2.65,2010,PDB,False
2xbp,ATP,5.017728766960432,1.20,2010,PDB,False
3kqw,ES9,4.013228265733755,2.49,2010,PDB,False
3nht,U46,7.008773924307505,1.45,2010,PDB,False
3l8s,BFF,7.00436480540245,2.35,2010,PDB,False
2xcg,XCG,8.045757490560675,1.90,2010,PDB,False
2xeg,CI9,10.698970004336019,1.59,2010,PDB,False
2xei,ARK,10.619788758288394,1.69,2010,PDB,False
3hfb,ML4,7.522878745280337,1.92,2010,PDB,False
3l4u,DSK,7.522878745280337,1.90,2010,PDB,False
3l4y,NR4,7.0,1.80,2010,PDB,False
2xmy,CDK,9.958607314841775,1.90,2010,PDB,False
3l4x,NR3,6.886056647693163,1.90,2010,PDB,False
2xef,AR8,9.838631997765026,1.59,2010,PDB,False
3nu3,478,9.823908740944319,1.02,2010,PDB,False
3nuo,478,9.795880017344075,1.35,2010,PDB,False
3l4v,KTL,6.721246399047171,2.10,2010,PDB,False
3l4z,SSD,6.721246399047171,2.00,2010,PDB,False
3hf8,ML0,6.508638306165727,1.85,2010,PDB,False
3nu6,478,9.301029995663981,1.16,2010,PDB,False
2xb7,GUI,9.187086643357144,2.50,2010,PDB,False
3mn8,GEM,6.173925197299173,2.70,2010,PDB,False
3nu9,478,9.045757490560675,1.85,2010,PDB,False
3l4w,MIG,6.0,2.00,2010,PDB,False
2xej,OKD,8.872895201635192,1.78,2010,PDB,False
2wtx,VDO,2.886056647693163,2.20,2010,PDB,False
3nu4,478,8.823908740944319,1.20,2010,PDB,False
2wtv,ZZL,8.744727494896694,2.40,2010,PDB,False
3ldw,ZOL,7.97061622231479,2.47,2010,PDB,False
3lbj,WW8,4.958607314841775,1.50,2010,PDB,False
3g2i,RUG,4.863279432843593,2.00,2010,PDB,False
3g2l,LEW,3.8667805432675055,2.30,2010,PDB,False
3n2u,D3X,7.844663962534938,1.81,2010,PDB,False
3mz3,B3N,7.8297382846050425,3.20,2010,PDB,False
3moh,PGA,2.835647144215563,2.10,2010,PDB,False
2xnb,Y8L,6.826813731587726,1.85,2010,PDB,False
3g2h,KOT,3.820161071976813,2.03,2010,PDB,False
3g2k,SKY,4.79317412396815,2.00,2010,PDB,False
2x7s,WZC,5.779891911959945,1.64,2010,PDB,False
3g2j,9GP,4.747146969020107,2.14,2010,PDB,False
2x09,X09,3.7569619513137056,2.40,2010,PDB,False
3g6m,CFF,1.705533773838407,1.65,2010,PDB,False
3lpf,Z77,6.681936665037238,2.26,2010,PDB,False
2xba,571,7.6256183019491175,1.95,2010,PDB,False
2x7t,WZB,6.634512015109101,1.89,2010,PDB,False
3itc,CIT,1.6020599913279623,1.70,2010,PDB,False
2x0y,X0T,4.6020599913279625,2.25,2010,PDB,False
3hp9,CF1,4.585026652029182,1.60,2010,PDB,False
3ipq,965,7.568636235841013,2.00,2010,PDB,False
3oxc,ROC,8.4089353929735,1.16,2010,PDB,False
3mfv,Z70,2.5228787452803374,1.90,2010,PDB,False
3mfw,B3U,3.5228787452803374,1.47,2010,PDB,False
3n2v,JT5,7.508638306165727,1.55,2010,PDB,False
3hl8,BBP,4.494850021680094,1.55,2010,PDB,False
3lbl,MI6,7.443697499232712,1.60,2010,PDB,False
3nba,APC,3.4111682744057927,2.68,2010,PDB,False
3k5x,P8D,6.4089353929735005,1.40,2010,PDB,False
3kek,3EK,8.356547323513812,1.97,2010,PDB,False
3nu5,478,8.346787486224656,1.29,2010,PDB,False
3ipu,O40,7.318758762624412,2.40,2010,PDB,False
3o5x,JZG,5.2839966563652006,2.00,2010,PDB,False
3moe,SPV,4.301029995663981,1.25,2010,PDB,False
2x7u,WZA,5.272458742971444,2.12,2010,PDB,False
2wzm,NA7,5.221848749616356,1.64,2010,PDB,False
3oe9,ITD,8.18045606445813,3.10,2010,PDB,False
3mz6,B3N,7.200659450546418,2.00,2010,PDB,False
3ips,O90,7.1938200260161125,2.26,2010,PDB,False
3odu,ITD,8.136677139879543,2.50,2010,PDB,False
3oe8,ITD,8.136677139879543,3.10,2010,PDB,False
3n2c,LWY,5.1249387366083,2.81,2010,PDB,False
3kej,3EJ,7.11975822410452,2.30,2010,PDB,False
3mkn,DNB,4.119186407719209,2.00,2010,PDB,False
3k4d,EVA,5.110698297493689,2.39,2010,PDB,False
3oe6,ITD,8.086186147616283,3.20,2010,PDB,False
3kwa,SPM,4.075720713938118,2.00,2010,PDB,False
3mof,OXL,3.065501548756432,1.75,2010,PDB,False
3lbk,K23,6.03810452633215,2.30,2010,PDB,False
3mtw,M3R,7.036212172654444,1.70,2010,PDB,False
2xz5,ACH,4.007446482167865,2.80,2010,PDB,False
2y1x,845,7.568636235841013,2.40,2011,PDB,False
2xk9,XK9,10.154901959985743,2.35,2011,PDB,False
3s7l,591,7.096910013008056,2.16,2011,PDB,False
3r0i,C0K,6.920818753952375,2.10,2011,PDB,False
2ycq,UPX,9.853871964321762,2.05,2011,PDB,False
2yc3,MW5,6.853871964321762,1.40,2011,PDB,False
2y1d,34F,6.823908740944319,2.05,2011,PDB,False
2xnm,WGZ,6.795880017344075,1.85,2011,PDB,False
2yir,YIR,9.769551078621726,2.10,2011,PDB,False
2yit,YIT,9.537602002101044,2.20,2011,PDB,False
2xnp,WCX,6.443697499232713,1.98,2011,PDB,False
3sn7,540,9.154901959985743,1.82,2011,PDB,False
3snl,548,9.154901959985743,2.40,2011,PDB,False
3rhx,3RH,6.075720713938118,2.01,2011,PDB,False
2xno,ED8,5.928117992693875,1.98,2011,PDB,False
3mg8,L3T,8.920818753952375,2.59,2011,PDB,False
3qo9,QO9,5.920818753952375,2.60,2011,PDB,False
2ycs,NXP,8.866461091629782,2.35,2011,PDB,False
4a23,C56,5.886056647693163,2.40,2011,PDB,False
3qfv,NM7,5.772113295386326,2.65,2011,PDB,False
3s3q,C1P,8.767003889607846,1.80,2011,PDB,False
3rz3,U94,5.764471553092451,2.30,2011,PDB,False
3tku,M77,5.716698771296451,2.15,2011,PDB,False
3qi4,IBM,3.931072388317928,2.50,2011,PDB,False
2xel,IA2,3.8975662943186635,2.50,2011,PDB,False
3szb,I1E,4.920818753952375,1.51,2011,PDB,False
2ylo,YLO,4.882728704344236,2.50,2011,PDB,False
3sie,5BO,7.876148359032914,1.93,2011,PDB,False
3npa,Z57,3.86518562967954,1.97,2011,PDB,False
3pz3,PZ3,6.85078088734462,2.00,2011,PDB,False
2yem,WSH,7.809668301829708,2.30,2011,PDB,False
2yc0,2HG,2.8239087409443187,2.15,2011,PDB,False
3as3,I5I,3.7958800173440754,2.40,2011,PDB,False
3qi3,PDB,3.784626847216578,2.30,2011,PDB,False
2xtk,AZM,3.785156151952302,2.00,2011,PDB,False
3l9l,L9L,6.777283528852417,2.00,2011,PDB,False
3s0j,Z15,3.769806621130954,2.00,2011,PDB,False
3t07,09C,7.795880017344075,3.30,2011,PDB,False
3mrv,16F,3.744727494896694,1.94,2011,PDB,False
2yde,S2G,3.7235381958267557,2.28,2011,PDB,False
3ms2,18S,3.715794932298206,2.10,2011,PDB,False
3owb,BSM,7.721246399047171,2.05,2011,PDB,False
3s3r,0IW,8.679853713888946,2.64,2011,PDB,False
3so9,017,8.559090917934782,2.87,2011,PDB,False
3mrt,12E,3.6989700043360187,1.98,2011,PDB,False
2ybt,DW0,4.698970004336019,2.22,2011,PDB,False
3mtb,23V,4.634512015109101,1.95,2011,PDB,False
2ybp,2HG,4.619788758288394,2.02,2011,PDB,False
2ybk,2HG,4.619788758288394,2.40,2011,PDB,False
3p50,PFL,4.619788758288394,3.30,2011,PDB,False
3mt9,18O,4.590066876668706,2.05,2011,PDB,False
2y68,T04,3.596879478824182,1.49,2011,PDB,False
3nc4,26O,4.575118363368933,2.07,2011,PDB,False
2ybs,S2G,4.585026652029182,2.32,2011,PDB,False
2ycm,30A,3.562249437179612,1.80,2011,PDB,False
3p4w,DSF,4.568636235841013,3.20,2011,PDB,False
3mt8,17T,4.548213564475709,2.00,2011,PDB,False
3otx,AP5,4.531652669587843,1.55,2011,PDB,False
3pvu,QRW,6.5376020021010435,2.48,2011,PDB,False
2y67,N21,3.5346171485515816,1.85,2011,PDB,False
3thb,3TA,8.698970004336019,2.50,2011,PDB,False
3spk,TPV,8.51999305704285,1.24,2011,PDB,False
3ro0,TPT,4.496345480757041,1.50,2011,PDB,False
3mtd,25E,3.467882883751196,2.10,2011,PDB,False
3shz,5CO,7.444905551421681,2.45,2011,PDB,False
2ydm,SLC,7.438898616350944,2.44,2011,PDB,False
3as2,POY,3.4436974992327127,1.80,2011,PDB,False
3ms7,22S,3.431798275933005,1.95,2011,PDB,False
3zqt,30Z,4.411168274405793,2.29,2011,PDB,False
3rl4,5GP,5.42021640338319,1.29,2011,PDB,False
3p23,ADP,4.42021640338319,2.70,2011,PDB,False
3np9,Z2T,4.400116927926312,2.00,2011,PDB,False
2xyu,Q9G,5.346787486224656,2.12,2011,PDB,False
3mrx,17S,3.3909394500699133,1.95,2011,PDB,False
2xo8,H70,4.3260580013659125,2.40,2011,PDB,False
3msc,24S,3.314975214894286,1.95,2011,PDB,False
3sz9,I3E,5.267606240177032,2.10,2011,PDB,False
3mqf,20X,5.2441251443275085,1.95,2011,PDB,False
3mta,22O,4.297569463554475,2.23,2011,PDB,False
3l9m,L9M,7.301029995663981,1.90,2011,PDB,False
3ms4,21N,3.280420142286277,2.07,2011,PDB,False
3rhk,M97,6.261219441515631,1.94,2011,PDB,False
3pvw,QRX,7.267606240177032,2.49,2011,PDB,False
3rl3,5GP,7.173925197299173,1.42,2011,PDB,False
2ycr,HCW,7.157390760389438,2.20,2011,PDB,False
3pz4,3PZ,8.221848749616356,2.10,2011,PDB,False
3tu9,5MM,5.1249387366083,2.09,2011,PDB,False
3pz1,3PZ,6.140261433802853,1.95,2011,PDB,False
3pz2,3PZ,6.140261433802853,2.35,2011,PDB,False
3s2a,2NQ,8.09151498112135,2.55,2011,PDB,False
2y1o,T26,5.086186147616283,1.49,2011,PDB,False
3l9n,L9N,8.065501548756432,2.00,2011,PDB,False
3shy,5FO,7.041436116778033,2.65,2011,PDB,False
3mt7,16O,4.030584087646019,2.00,2011,PDB,False
3as1,CTI,4.022276394711152,2.00,2011,PDB,False
3np7,Z15,4.022276394711152,2.05,2011,PDB,False
3arp,DEQ,7.154901959985743,1.55,2011,PDB,False
3u0d,DBH,9.995678626217357,2.51,2011,PDB,False
3t2v,KKJ,6.987162775294828,2.51,2011,PDB,False
3m93,M7G,6.619788758288394,2.90,2011,PDB,False
3muf,S3P,6.494850021680094,2.30,2011,PDB,False
3tf6,DBH,6.3979400086720375,2.35,2011,PDB,False
2y1w,849,6.3325470471100465,2.10,2011,PDB,False
3arq,DM5,6.3979400086720375,1.50,2011,PDB,False
3arw,CTI,6.154901959985743,1.50,2011,PDB,False
3sjt,5AB,6.055517327849832,1.60,2011,PDB,False
3qc9,ADP,6.055517327849832,2.70,2011,PDB,False
3arz,I5I,6.0,1.82,2011,PDB,False
3ary,I5I,6.0,1.35,2011,PDB,False
2y7w,SAL,4.983802646487561,2.89,2011,PDB,False
3n2e,OSA,4.958607314841775,2.53,2011,PDB,False
3qs6,TRP,4.892790030352131,2.80,2011,PDB,False
2xxy,KAI,7.889410289700751,3.00,2011,PDB,False
3qip,P4Y,6.889410289700751,2.09,2011,PDB,False
3od0,PCG,7.920818753952375,2.90,2011,PDB,False
3pjt,C2E,4.882728704344236,2.52,2011,PDB,False
3zyf,147,4.85078088734462,1.94,2011,PDB,False
3qio,QID,6.841637507904751,1.40,2011,PDB,False
3qs5,TRP,4.707743928643524,2.60,2011,PDB,False
3q6z,APR,3.7166987712964503,2.23,2011,PDB,False
3arv,SAU,5.638272163982407,1.50,2011,PDB,False
3o75,F1X,6.679853713888946,2.30,2011,PDB,False
3qs4,TRP,4.6777807052660805,2.63,2011,PDB,False
3iny,7DG,3.6635402661514704,2.75,2011,PDB,False
3ubx,09N,7.598599459218456,3.10,2011,PDB,False
3sl1,FB6,3.5850266520291822,1.90,2011,PDB,False
3q6w,Q6W,7.568636235841013,1.75,2011,PDB,False
3skk,4U7,4.468521082957745,1.70,2011,PDB,False
3tvw,07H,4.431798275933005,2.80,2011,PDB,False
3arr,PNX,5.3979400086720375,1.65,2011,PDB,False
3q6k,SRO,8.366531544420413,2.52,2011,PDB,False
3arx,POY,5.327902142064283,1.16,2011,PDB,False
3tv5,RCP,5.318758762624412,2.80,2011,PDB,False
3ry8,FLC,3.337242168318426,1.40,2011,PDB,False
3qt7,FM0,7.309803919971486,2.20,2011,PDB,False
3tdj,3TJ,5.251811972993799,1.95,2011,PDB,False
3tkw,017,5.267606240177032,1.55,2012,PDB,False
3tz2,CLT,5.2441251443275085,2.85,2012,PDB,False
4b1j,A1R,7.301029995663981,2.08,2012,PDB,False
4i3z,ADP,4.289882634888184,2.05,2012,PDB,False
3zsx,N44,3.2848326421515424,1.95,2012,PDB,False
3uoj,0C5,7.292429823902063,2.90,2012,PDB,False
4fl1,ANP,3.283996656365201,1.79,2012,PDB,False
4avh,FK9,7.22548303427145,2.10,2012,PDB,False
3zsy,OM3,3.2254830342714507,2.20,2012,PDB,False
4g0z,5GP,2.212539525481585,1.75,2012,PDB,False
4a6s,GS9,5.200659450546418,2.15,2012,PDB,False
4duh,RLI,5.180456064458132,1.50,2012,PDB,False
4fqo,AZ3,5.161150909262744,1.65,2012,PDB,False
4av5,FYZ,7.214670164989233,1.40,2012,PDB,False
2ymd,SRO,3.1592667653881934,1.96,2012,PDB,False
4ay6,12V,5.1249387366083,3.30,2012,PDB,False
3zso,O2N,5.119186407719209,1.75,2012,PDB,False
4dcs,GDP,5.096910013008056,2.25,2012,PDB,False
3tb6,ARB,5.075720713938118,2.21,2012,PDB,False
3tz0,03H,5.036212172654444,2.50,2012,PDB,False
3usx,MYR,5.020907099361674,2.28,2012,PDB,False
3vje,ZGA,8.013228265733755,2.12,2012,PDB,False
4av4,FVQ,7.0254883072626715,1.90,2012,PDB,False
3ztd,ZTD,4.016824927962187,2.79,2012,PDB,False
4euo,ABU,5.045757490560675,1.28,2012,PDB,False
3vdc,IPT,4.920818753952375,2.55,2012,PDB,False
3vd4,IPT,4.823908740944319,2.00,2012,PDB,False
3vd7,GTZ,4.481486060122113,2.87,2012,PDB,False
4dq2,BTX,7.522878745280337,2.50,2012,PDB,False
3uz5,0CU,7.221848749616356,1.90,2012,PDB,False
3v7s,36F,7.045757490560675,3.10,2012,PDB,False
3vd9,IPT,4.0,2.05,2012,PDB,False
3sud,SUE,9.853871964321762,1.96,2012,PDB,False
4b7q,ZMR,9.744727494896694,2.73,2012,PDB,False
4b7r,G39,9.638272163982407,1.90,2012,PDB,False
4afh,L0B,9.537602002101044,1.88,2012,PDB,False
4fns,DGJ,6.698970004336019,2.60,2012,PDB,False
3s9y,FNU,6.443697499232713,1.70,2012,PDB,False
3vf5,031,9.337242168318426,1.25,2012,PDB,False
3vfa,031,9.187086643357144,1.43,2012,PDB,False
3su3,SU3,9.130768280269024,1.30,2012,PDB,False
3vf7,031,9.096910013008056,1.30,2012,PDB,False
3sue,SUE,9.075720713938118,2.20,2012,PDB,False
3vfb,031,9.036212172654444,1.55,2012,PDB,False
3t3e,GPQ,5.991399828238082,2.15,2012,PDB,False
3u6h,03X,9.0,2.00,2012,PDB,False
3zv7,NHG,5.920818753952375,2.26,2012,PDB,False
4gqq,0XR,2.886056647693163,1.35,2012,PDB,False
4do5,DGJ,5.8297382846050425,1.51,2012,PDB,False
3qqs,17C,5.823908740944319,1.97,2012,PDB,False
4dld,TZG,5.823908740944319,2.00,2012,PDB,False
4b7n,ZMR,8.782516055786093,2.84,2012,PDB,False
4g8v,0EY,5.795880017344075,1.70,2012,PDB,False
4a95,9MT,5.761953896871205,1.55,2012,PDB,False
3v7c,C77,5.73754891026957,2.70,2012,PDB,False
3t3h,GPV,5.7121982700697735,2.60,2012,PDB,False
3shc,B01,5.721246399047171,1.90,2012,PDB,False
4fai,PBD,6.994390554639719,1.65,2012,PDB,False
4fbe,PBD,6.994390554639719,1.88,2012,PDB,False
3ump,ATP,2.9888526392242025,1.85,2012,PDB,False
4b7j,G39,7.954677021213342,2.42,2012,PDB,False
3u7n,UHF,7.950781977329818,2.30,2012,PDB,False
3uxk,BHO,4.931814138253839,2.20,2012,PDB,False
4gqr,MYC,3.958607314841775,1.20,2012,PDB,False
3twp,SAL,3.9244530386074694,1.83,2012,PDB,False
3veh,0GA,4.958607314841775,2.00,2012,PDB,False
3t3d,CJB,4.906928693623937,2.50,2012,PDB,False
4b5d,SW4,7.892790030352131,2.20,2012,PDB,False
3umo,ATP,3.889410289700751,1.70,2012,PDB,False
3rv9,RVD,4.920818753952375,2.14,2012,PDB,False
3si4,B04,3.8787685448503786,1.27,2012,PDB,False
3spf,B50,3.8601209135987635,1.70,2012,PDB,False
4gzp,G39,7.844663962534938,2.30,2012,PDB,False
3sut,OAN,7.853871964321762,1.90,2012,PDB,False
3rv7,RVB,4.853871964321762,2.50,2012,PDB,False
4eu3,CIT,0.8239087409443188,1.58,2012,PDB,False
3r88,14F,4.823908740944319,1.73,2012,PDB,False
3su0,TSV,6.790484985457369,1.16,2012,PDB,False
3t3i,GPW,4.769551078621726,2.65,2012,PDB,False
4gzt,G39,7.769551078621726,2.19,2012,PDB,False
4a51,DQ8,6.730954290342377,2.75,2012,PDB,False
3qs8,17D,4.7447274948966935,2.00,2012,PDB,False
3r6c,17N,4.721246399047171,1.83,2012,PDB,False
4h4b,11H,2.6989700043360187,2.90,2012,PDB,False
4f1s,F1S,8.698970004336019,3.00,2012,PDB,False
4fcf,MA4,8.619788758288394,1.09,2012,PDB,False
3u78,E67,5.6020599913279625,2.69,2012,PDB,False
3sha,P97,5.585026652029182,1.52,2012,PDB,False
3v7x,D7A,8.568636235841012,1.03,2012,PDB,False
3uzj,0CT,5.549750891680639,1.69,2012,PDB,False
3su1,TSV,6.681936665037238,1.40,2012,PDB,False
3suw,GC2,4.698970004336019,1.90,2012,PDB,False
4gkh,0J9,4.667561540084395,1.86,2012,PDB,False
3qtv,06P,4.647817481888637,1.63,2012,PDB,False
3st6,RVE,3.619788758288394,1.75,2012,PDB,False
4g8y,0FT,4.58838029403677,1.80,2012,PDB,False
4bc5,5FX,4.6020599913279625,1.98,2012,PDB,False
3su5,SU3,5.579219380451435,1.55,2012,PDB,False
3sym,GP0,4.567030709125595,2.40,2012,PDB,False
3suf,SUE,7.555955204081924,2.19,2012,PDB,False
3rr4,HRD,4.55206713440782,1.68,2012,PDB,False
3suv,NOK,4.552841968657781,1.60,2012,PDB,False
3vdb,149,2.518557371497695,2.05,2012,PDB,False
3t3g,GPU,5.485452247339714,2.40,2012,PDB,False
3u7s,017,8.431798275933005,2.05,2012,PDB,False
4fev,PP1,5.42021640338319,1.89,2012,PDB,False
4g90,0G0,4.511449283499556,1.90,2012,PDB,False
4eky,D1J,3.518557371497695,2.45,2012,PDB,False
4el0,D1K,4.489454989793388,2.40,2012,PDB,False
4ej2,D1F,2.4943074925878,2.65,2012,PDB,False
4eke,D1I,4.476253533188435,2.60,2012,PDB,False
4dhl,0K7,4.481486060122113,2.30,2012,PDB,False
4gki,0JN,4.46344155742847,1.88,2012,PDB,False
3u7m,FHF,7.454692883534176,2.15,2012,PDB,False
3rbu,G88,9.431798275933005,1.60,2012,PDB,False
4dsy,0LO,4.431798275933005,2.30,2012,PDB,False
3s5y,DGJ,7.407823242604133,2.10,2012,PDB,False
3uxd,0CU,4.405607449624573,1.80,2012,PDB,False
3tll,62D,4.3890206200770026,1.37,2012,PDB,False
3zzf,NLG,0.3979400086720376,2.20,2012,PDB,False
4dt2,0LV,4.366531544420414,2.70,2012,PDB,False
3su2,TSV,7.348721986001856,1.50,2012,PDB,False
4eo4,SSA,6.346787486224656,2.87,2012,PDB,False
4do4,DJN,7.292429823902063,1.40,2012,PDB,False
3u7l,UDB,7.280668713016273,2.01,2012,PDB,False
4alx,IZN,7.2839966563652006,2.30,2012,PDB,False
3qwc,98P,4.2564902352715706,1.75,2012,PDB,False
3su4,SU3,6.2564902352715706,2.25,2012,PDB,False
3t3c,017,10.229147988357855,2.10,2012,PDB,False
4afg,QMR,8.301029995663981,2.00,2012,PDB,False
4few,PP2,5.2076083105017466,1.98,2012,PDB,False
3uu1,14B,5.200659450546418,1.82,2012,PDB,False
3s1g,ITE,5.187086643357144,1.82,2012,PDB,False
3sug,SUE,6.2076083105017466,1.80,2012,PDB,False
3qx5,02P,4.197226274708024,1.35,2012,PDB,False
3sv2,P05,4.1938200260161125,1.30,2012,PDB,False
3si3,B03,4.159266765388193,1.55,2012,PDB,False
3uf9,FST,2.109020403010311,2.68,2012,PDB,False
3syr,GPK,5.102372908709558,2.40,2012,PDB,False
3v4x,F24,6.154901959985743,1.95,2012,PDB,False
3sur,NGT,4.154901959985743,1.90,2012,PDB,False
3sus,GNL,4.1487416512809245,1.80,2012,PDB,False
3qto,10P,4.126098402135539,1.52,2012,PDB,False
3sm0,AEK,6.130768280269024,1.57,2012,PDB,False
3vbd,0FZ,8.065501548756432,1.05,2012,PDB,False
3u7k,MDB,7.071092309756048,1.90,2012,PDB,False
4f9u,PBD,6.025028005701931,1.80,2012,PDB,False
4f9v,PBD,6.025028005701931,2.10,2012,PDB,False
3su6,SU3,6.018634490921456,1.10,2012,PDB,False
4gjd,0N0,8.522878745280337,2.65,2013,PDB,False
4c4g,7RO,8.221848749616356,2.65,2013,PDB,False
4bty,JWF,7.698970004336019,3.10,2013,PDB,False
4c4i,X20,7.657577319177793,2.65,2013,PDB,False
4c4e,4T9,7.6020599913279625,2.60,2013,PDB,False
4hyf,1AK,7.6020599913279625,2.80,2013,PDB,False
4c4f,7CE,7.585026652029182,2.36,2013,PDB,False
4i6q,1DT,7.522878745280337,1.85,2013,PDB,False
4ivs,VSI,7.356547323513813,2.64,2013,PDB,False
4k69,1P9,7.3979400086720375,1.50,2013,PDB,False
4btw,JW7,7.1487416512809245,2.80,2013,PDB,False
4ju3,1O1,7.070581074285707,2.00,2013,PDB,False
4jve,1MQ,7.0655015487564325,2.30,2013,PDB,False
4mq2,2C4,7.013228265733755,2.80,2013,PDB,False
4gjc,0MJ,7.045757490560675,2.40,2013,PDB,False
4j51,N75,6.586700235918748,2.30,2013,PDB,False
4byj,FH5,6.568636235841013,2.75,2013,PDB,False
4brx,KGW,6.494850021680094,2.05,2013,PDB,False
4ju4,1O3,6.468521082957745,2.40,2013,PDB,False
4ez5,0RS,6.522878745280337,2.70,2013,PDB,False
4cfw,SQ9,6.292429823902063,2.45,2013,PDB,False
4c35,NU3,6.251811972993799,2.19,2013,PDB,False
4ikr,PVP,6.229147988357856,1.78,2013,PDB,False
4gw6,LF2,6.200659450546418,2.65,2013,PDB,False
4ikt,TFV,6.173925197299173,1.60,2013,PDB,False
4ju6,1O6,6.173925197299173,2.20,2013,PDB,False
4ju7,1O6,6.173925197299173,2.20,2013,PDB,False
3zc6,VFC,9.221848749616356,2.42,2013,PDB,False
4ivt,VTI,5.995678626217358,1.60,2013,PDB,False
4jv7,1MN,6.0,2.20,2013,PDB,False
4mcv,29K,8.886056647693163,2.73,2013,PDB,False
4hvd,933,8.853871964321762,1.85,2013,PDB,False
3zlo,X8U,8.823908740944319,2.60,2013,PDB,False
4iku,SHX,5.747146969020107,1.30,2013,PDB,False
4jv9,1MO,5.7447274948966935,2.50,2013,PDB,False
4bdc,ODH,4.931814138253839,3.00,2013,PDB,False
4jbs,P52,7.958607314841775,2.79,2013,PDB,False
4jx7,1N6,6.910094888560602,2.40,2013,PDB,False
4j4o,D44,6.903089986991944,1.73,2013,PDB,False
4kqq,VPP,3.899629454882437,2.10,2013,PDB,False
4kqr,VPP,3.899629454882437,2.01,2013,PDB,False
4lqy,AMP,3.889410289700751,1.54,2013,PDB,False
3ukr,CKH,4.920818753952375,2.48,2013,PDB,False
4j4n,D44,6.87942606879415,2.75,2013,PDB,False
3wax,DWX,7.886056647693163,1.90,2013,PDB,False
4bde,CWS,4.798602875679548,2.55,2013,PDB,False
4ie5,MD6,4.823908740944319,1.95,2013,PDB,False
4hvg,19Q,7.769551078621726,2.75,2013,PDB,False
4c38,VUP,7.7594507517174005,1.58,2013,PDB,False
4ipf,1F0,7.7447274948966935,1.70,2013,PDB,False
4jhq,B6F,7.7447274948966935,1.99,2013,PDB,False
4hvh,19R,7.721246399047171,2.30,2013,PDB,False
4c37,Z21,7.705533773838407,1.70,2013,PDB,False
4l8m,F46,9.0,2.10,2013,PDB,False
4hxl,1A9,5.657577319177793,1.52,2013,PDB,False
4bda,VFB,5.568636235841013,2.60,2013,PDB,False
4ie6,UN9,5.552841968657781,2.50,2013,PDB,False
4bdi,HAU,3.6426369693848573,2.32,2013,PDB,False
3way,DWY,7.657577319177793,1.75,2013,PDB,False
3zep,1NX,7.657577319177793,2.35,2013,PDB,False
4eyr,RIT,6.6252516539898965,1.80,2013,PDB,False
4fxj,PHE,3.619788758288394,2.90,2013,PDB,False
4nrc,2LY,3.6179829574251317,1.86,2013,PDB,False
4ie4,8XQ,5.481486060122113,2.50,2013,PDB,False
4bdk,RQQ,5.443697499232713,3.30,2013,PDB,False
3zlv,HI6,3.5228787452803374,2.50,2013,PDB,False
4bcd,TDV,7.481486060122112,1.50,2013,PDB,False
4bdd,Z0O,4.432973633840939,2.67,2013,PDB,False
4nrb,2LX,4.42021640338319,2.08,2013,PDB,False
4c4j,X21,8.522878745280337,2.50,2013,PDB,False
4jlh,0L9,5.3979400086720375,2.09,2013,PDB,False
4hxs,1A3,5.3872161432802645,1.43,2013,PDB,False
4hxr,1A4,5.3872161432802645,1.53,2013,PDB,False
4mvh,2F5,8.346787486224656,2.50,2013,PDB,False
3v3m,0EN,5.318758762624412,1.96,2013,PDB,False
4idz,OGA,4.356547323513813,2.46,2013,PDB,False
4k2y,ES2,3.3279021420642825,2.30,2013,PDB,False
4k60,1P8,3.2441251443275085,1.50,2013,PDB,False
3waw,DWW,6.236572006437063,1.95,2013,PDB,False
4jvi,QZN,5.301029995663981,2.90,2013,PDB,False
4ixh,Q21,8.214670164989233,2.10,2013,PDB,False
4fxf,FBP,5.187086643357144,2.55,2013,PDB,False
4klb,1RV,4.164309428507575,2.62,2013,PDB,False
4hvi,19S,7.161780778092374,2.40,2013,PDB,False
4c4h,7RO,8.221848749616356,2.80,2013,PDB,False
4kju,1RH,8.221848749616356,1.60,2013,PDB,False
4iks,TFD,5.140861702705469,1.70,2013,PDB,False
4bdj,Z2M,5.142667503568732,3.01,2013,PDB,False
4bdg,P3J,4.1180450286604,2.84,2013,PDB,False
4bdh,WVI,4.114638779968488,2.70,2013,PDB,False
4do3,0LA,4.102372908709558,2.25,2013,PDB,False
4ie0,PD2,5.080921907623926,2.53,2013,PDB,False
4jkt,04A,7.094743951251549,2.77,2013,PDB,False
4bdf,H3R,4.090979145788844,2.70,2013,PDB,False
4bdb,ODO,4.0675262353228465,2.50,2013,PDB,False
4ie7,RHN,5.045757490560675,2.60,2013,PDB,False
4muw,2F4,8.013228265733755,2.64,2013,PDB,False
4byi,FH3,8.045757490560675,2.60,2013,PDB,False
4kln,AGS,7.698970004336019,2.62,2013,PDB,False
4fil,0UE,7.468521082957745,2.40,2013,PDB,False
4ggz,BTN,10.18045606445813,1.75,2013,PDB,False
4cfe,992,7.221848749616356,3.02,2013,PDB,False
4ko8,AGS,7.154901959985743,1.98,2013,PDB,False
4i54,1C1,6.958607314841775,2.50,2013,PDB,False
4jyb,GNP,6.958607314841775,2.10,2013,PDB,False
4g4p,GLN,6.886056647693163,1.50,2013,PDB,False
4jyc,GDP,6.698970004336019,2.20,2013,PDB,False
4iuo,QIC,3.638272163982407,1.80,2013,PDB,False
4gqp,B40,9.602059991327963,2.00,2013,PDB,False
4jgv,T94,6.568636235841013,3.01,2013,PDB,False
4io2,GLU,6.698970004336019,1.37,2013,PDB,False
4n07,2J9,6.455931955649724,1.87,2013,PDB,False
4jfk,JFK,6.443697499232713,1.15,2013,PDB,False
3zll,4WF,6.403402904373539,2.00,2013,PDB,False
4cff,C1V,6.3979400086720375,3.92,2013,PDB,False
3w07,U5P,3.3767507096020997,1.03,2013,PDB,False
3v2p,STE,6.356547323513813,1.87,2013,PDB,False
3zk6,H1I,6.337242168318426,2.48,2013,PDB,False
3w9k,MYR,6.318758762624412,1.80,2013,PDB,False
3v2q,PLM,6.292429823902063,2.20,2013,PDB,False
4jbl,MET,3.2676062401770314,2.00,2013,PDB,False
4hwb,NHE,9.244125144327509,2.61,2013,PDB,False
4ddh,MS0,3.3010299956639813,2.07,2013,PDB,False
4mjo,2C1,6.221848749616356,2.40,2013,PDB,False
4fht,DHB,6.173925197299173,2.15,2013,PDB,False
4irx,INS,6.119186407719209,1.45,2013,PDB,False
4hmk,LEU,6.102372908709558,3.00,2013,PDB,False
4hod,LEU,6.102372908709558,3.30,2013,PDB,False
4de5,0JD,3.154901959985743,2.25,2013,PDB,False
4fzj,0W1,3.154901959985743,1.63,2013,PDB,False
4jnj,BTN,9.070581074285707,1.90,2013,PDB,False
4io3,ASP,6.060480747381382,1.66,2013,PDB,False
4l50,D8X,6.055517327849832,2.10,2013,PDB,False
3v2n,MYR,6.096910013008056,1.80,2013,PDB,False
4hbn,CMP,6.096910013008056,2.60,2013,PDB,False
4g5f,0JD,3.0457574905606752,2.33,2013,PDB,False
4kqp,GLN,6.045757490560675,0.95,2013,PDB,False
4az5,NGW,5.991399828238082,1.73,2013,PDB,False
4nkt,2KH,5.966576244513051,1.90,2013,PDB,False
4dlj,6RG,5.920818753952375,2.60,2013,PDB,False
4ef6,I2E,2.9208187539523753,1.94,2013,PDB,False
4azc,NGW,5.860120913598763,2.09,2013,PDB,False
4jn4,ATP,5.860120913598763,2.30,2013,PDB,False
4jne,ATP,5.860120913598763,1.96,2013,PDB,False
4jv8,1M1,5.847711655616943,1.45,2013,PDB,False
4l4v,1VY,5.782516055786094,1.90,2013,PDB,False
4g5y,0OC,2.769551078621726,1.80,2013,PDB,False
4lps,GDP,5.7447274948966935,2.00,2013,PDB,False
4jfl,1KY,4.978810700930062,1.20,2013,PDB,False
4att,HNV,6.980468315468745,1.25,2013,PDB,False
4ceb,ZSV,2.96657624451305,1.75,2013,PDB,False
4bup,SAM,4.950781977329818,2.17,2013,PDB,False
4ido,GDP,4.9344202852715515,2.09,2013,PDB,False
4bi6,PGA,3.9457700901366026,1.45,2013,PDB,False
4mr4,1K0,5.942333896090171,1.66,2013,PDB,False
4mr3,1K0,5.942333896090171,1.68,2013,PDB,False
4j2t,1HT,7.958607314841775,3.20,2013,PDB,False
4c73,TLH,4.91721462968355,1.80,2013,PDB,False
4c0r,GDS,4.913640169325252,1.55,2013,PDB,False
4lil,UTP,4.903089986991944,2.60,2013,PDB,False
4ipj,LMR,4.869666231504994,2.15,2013,PDB,False
4kn1,04J,6.841637507904751,2.30,2013,PDB,False
4cgj,NZL,2.835647144215563,2.15,2013,PDB,False
4io6,MET,4.82102305270683,1.60,2013,PDB,False
4aq6,OMD,4.801342913045577,1.98,2013,PDB,False
4bks,X6C,3.8239087409443187,2.20,2013,PDB,False
4ear,IM5,9.821023052706831,1.70,2013,PDB,False
3vx3,ADP,7.823908740944319,2.10,2013,PDB,False
3zp9,9TH,7.823908740944319,1.31,2013,PDB,False
4ad6,GSY,4.777283528852417,1.85,2013,PDB,False
4kox,CLS,4.772113295386326,1.80,2013,PDB,False
4klv,KLV,3.7817271464285525,1.30,2013,PDB,False
4j8t,DOG,6.774690718274137,2.05,2013,PDB,False
4au7,SAH,4.764471553092451,2.07,2013,PDB,False
3vw2,BER,4.747146969020107,2.34,2013,PDB,False
4kov,KOV,3.752763450493236,1.60,2013,PDB,False
4auj,HNW,7.73754891026957,1.53,2013,PDB,False
4mm5,SRE,7.7447274948966935,3.20,2013,PDB,False
4l4z,D5X,5.6777807052660805,2.30,2013,PDB,False
4dzy,WJ1,5.619788758288394,2.10,2013,PDB,False
4bqh,9VU,5.58838029403677,1.75,2013,PDB,False
4kmz,FOL,8.568636235841012,2.30,2013,PDB,False
4hj2,LZ6,2.530177984021837,2.10,2013,PDB,False
4nxu,ADP,5.537602002101044,2.30,2013,PDB,False
4del,PGH,7.675717544702307,1.58,2013,PDB,False
3vw1,CVI,4.673664139071248,2.21,2013,PDB,False
3vw0,DEQ,4.673664139071248,2.60,2013,PDB,False
4io7,PHE,3.6757175447023074,1.92,2013,PDB,False
2ypo,PHE,4.6777807052660805,2.00,2013,PDB,False
4i1r,LZU,4.645891560852599,2.70,2013,PDB,False
4io8,3FD,6.642065152999546,2.58,2013,PDB,False
4g8o,96P,7.657577319177793,2.71,2013,PDB,False
4g8r,96P,7.657577319177793,2.19,2013,PDB,False
4hso,TYR,4.657577319177793,2.10,2013,PDB,False
4io4,SER,4.610833915635467,1.94,2013,PDB,False
4bkt,QD0,3.619788758288394,2.35,2013,PDB,False
4c6v,TLG,4.591760034688151,2.70,2013,PDB,False
4c6u,TLG,4.591760034688151,2.40,2013,PDB,False
4mr5,1K0,6.600326278518962,1.63,2013,PDB,False
4mr6,1K0,6.600326278518962,1.67,2013,PDB,False
3vvz,RHQ,4.578396073130169,2.51,2013,PDB,False
4bi7,PGA,4.578396073130169,1.60,2013,PDB,False
4mmf,29Q,6.530177984021837,2.70,2013,PDB,False
4hnn,LYS,5.698970004336019,2.40,2013,PDB,False
4efk,0OC,2.494850021680094,1.70,2013,PDB,False
4jfm,1KZ,5.481486060122113,1.02,2013,PDB,False
4ddm,0HO,2.4559319556497243,1.83,2013,PDB,False
4kot,CE3,5.455931955649724,1.55,2013,PDB,False
4nxv,GDP,5.42021640338319,2.30,2013,PDB,False
4mme,29Q,6.497572880015567,2.50,2013,PDB,False
4azi,OAN,7.449038247701824,1.98,2013,PDB,False
4jpy,PHE,4.431798275933005,2.13,2013,PDB,False
4jvb,1M0,7.4089353929735005,1.75,2013,PDB,False
2ypp,TYR,4.4089353929735005,2.30,2013,PDB,False
4ej8,1F1,5.3872161432802645,2.35,2013,PDB,False
4kod,ADP,5.359518563029578,2.96,2013,PDB,False
4ipi,LMR,5.318758762624412,1.75,2013,PDB,False
4kn0,MTX,7.3979400086720375,2.10,2013,PDB,False
4hfp,15U,7.376750709602099,2.40,2013,PDB,False
4mm4,8PR,6.3655227298392685,2.89,2013,PDB,False
4kow,CFX,4.30715308072277,1.45,2013,PDB,False
4bj8,BTN,8.289882634888183,2.40,2013,PDB,False
4ddk,0HN,2.2924298239020637,1.75,2013,PDB,False
4idn,GNP,5.238824186844269,2.25,2013,PDB,False
4hmq,FCE,8.236572006437063,2.10,2013,PDB,False
4kn2,LYA,7.267606240177032,2.60,2013,PDB,False
4azb,OAN,7.238899461041858,2.10,2013,PDB,False
4jmx,IM2,7.20690839982342,2.55,2013,PDB,False
4jpx,PHE,5.154901959985743,1.55,2013,PDB,False
4h85,HRI,5.154901959985743,2.10,2013,PDB,False
4ejl,IOP,5.142667503568732,2.44,2013,PDB,False
4h81,WJ2,5.1249387366083,2.05,2013,PDB,False
4cgi,NZL,3.123782159408358,2.07,2013,PDB,False
4azg,OAN,7.102098125731772,2.40,2013,PDB,False
4h7q,COI,5.055517327849832,2.10,2013,PDB,False
4jym,KKN,5.043351420794797,1.35,2013,PDB,False
4io5,ALA,5.032920265855503,1.72,2013,PDB,False
4np9,I3P,5.026872146400302,1.92,2013,PDB,False
3w0l,F6R,7.022276394711152,2.92,2013,PDB,False
4l51,HSX,3.0021769192542744,1.90,2013,PDB,False
3zjc,GNP,5.045757490560675,3.15,2013,PDB,False
4gbd,MCF,11.318758762624412,1.98,2013,PDB,False
4fp1,BFM,4.568636235841013,1.68,2013,PDB,False
4ijq,SV2,7.522878745280337,2.00,2013,PDB,False
4hw2,19H,7.259637310505756,2.80,2013,PDB,False
4hra,EP6,10.096910013008056,3.15,2013,PDB,False
4isu,IKM,3.677780705266081,2.30,2013,PDB,False
4btx,WF8,6.537602002101044,2.78,2013,PDB,False
4hw3,19G,6.494850021680094,2.40,2013,PDB,False
4da5,0H7,6.443697499232713,2.40,2013,PDB,False
4ca5,3EF,9.387216143280265,1.85,2013,PDB,False
4bt4,QFH,3.337242168318426,1.60,2013,PDB,False
3zmm,F9J,9.142667503568731,2.51,2013,PDB,False
4bt3,WTZ,3.1191864077192086,1.10,2013,PDB,False
4eos,1RO,6.050609993355088,2.57,2013,PDB,False
4eol,1RO,6.050609993355088,2.40,2013,PDB,False
4eon,1RO,6.050609993355088,2.40,2013,PDB,False
4eoi,1RO,6.050609993355088,2.00,2013,PDB,False
4eop,1RO,6.050609993355088,1.99,2013,PDB,False
4az6,OAN,9.096910013008056,1.36,2013,PDB,False
4jh0,1MD,9.0268721464003,2.35,2013,PDB,False
4baq,M4Z,9.008773924307505,1.89,2013,PDB,False
4bps,3EB,2.9913998282380825,1.08,2013,PDB,False
4bam,MM9,8.943095148663527,1.88,2013,PDB,False
4heg,G52,8.920818753952375,1.46,2013,PDB,False
4bak,M67,8.913640169325252,1.94,2013,PDB,False
4f3c,BIG,11.823908740944319,1.93,2013,PDB,False
4bt5,23B,2.7644715530924513,1.10,2013,PDB,False
4bxk,1IU,7.9503943874050265,2.20,2013,PDB,False
4jsa,FB2,4.958607314841775,1.50,2013,PDB,False
3wjw,U6M,3.8728952016351923,1.59,2013,PDB,False
4iic,IFM,4.853871964321762,1.90,2013,PDB,False
4eb8,IM5,9.821023052706831,2.30,2013,PDB,False
4c6x,TLM,3.755970410969978,1.95,2013,PDB,False
4jfi,1KT,4.7423214251308154,1.05,2013,PDB,False
4ca6,3EF,6.7447274948966935,1.91,2013,PDB,False
4bah,MEL,8.69680394257951,1.94,2013,PDB,False
4j28,EAT,5.698970004336019,1.73,2013,PDB,False
4jfj,1KU,5.6777807052660805,1.08,2013,PDB,False
4ban,M6S,8.614393726401687,1.87,2013,PDB,False
4iid,NOJ,5.619788758288394,2.30,2013,PDB,False
4kww,PHT,5.552841968657781,2.55,2013,PDB,False
4mm6,29E,6.688246138944246,3.10,2013,PDB,False
4mm9,FVX,5.684029654543083,2.90,2013,PDB,False
4mm7,29J,3.628009088535085,2.85,2013,PDB,False
4lch,1WN,10.619788758288394,1.60,2013,PDB,False
4j03,FVS,7.585026652029182,2.92,2013,PDB,False
4amw,5DI,1.5482135644757098,1.90,2013,PDB,False
4hdf,G52,8.494850021680094,1.29,2013,PDB,False
4he9,G52,8.455931955649724,1.06,2013,PDB,False
4hdp,G52,7.510041520575165,1.22,2013,PDB,False
4c70,TLJ,3.515700160653214,1.75,2013,PDB,False
4lh3,GUA,1.5228787452803376,1.81,2013,PDB,False
4bvb,OCZ,4.476253533188435,2.00,2013,PDB,False
4c6z,TLE,3.447331783887807,1.80,2013,PDB,False
4c71,7RD,3.415668775632469,1.80,2013,PDB,False
4bao,MVF,8.367542707815275,1.87,2013,PDB,False
4iie,CGB,2.337242168318426,2.00,2013,PDB,False
4bbg,V02,8.318758762624412,2.75,2013,PDB,False
4f2w,TDI,11.301029995663981,2.00,2013,PDB,False
4jsz,FB2,2.3010299956639813,1.90,2013,PDB,False
4eor,4SP,6.301029995663981,2.20,2013,PDB,False
4jss,BEW,3.3010299956639813,1.50,2013,PDB,False
4iwz,1GO,7.292429823902063,1.60,2013,PDB,False
4lh2,SIN,1.2365720064370627,1.67,2013,PDB,False
4iif,CTS,5.180456064458132,2.45,2013,PDB,False
4bqs,K2Q,4.207608310501746,2.15,2013,PDB,False
4f3k,HCE,10.161150909262744,1.85,2013,PDB,False
4lrr,CF9,5.221848749616356,2.41,2013,PDB,False
4mm8,RFX,6.1090204030103115,3.31,2013,PDB,False
4c72,TLG,5.086186147616283,1.50,2013,PDB,False
4hdb,G52,8.050609993355087,1.49,2013,PDB,False
4eok,4SP,5.0655015487564325,2.57,2013,PDB,False
4nxs,2OZ,7.366531544420414,2.55,2014,PDB,False
4oty,LUR,7.3979400086720375,2.35,2014,PDB,False
4oas,2SW,10.0,1.70,2014,PDB,False
4pkb,MAY,6.935542010773082,2.09,2014,PDB,False
4op1,2UW,6.889410289700751,2.39,2014,PDB,False
4ow0,S88,6.823908740944319,2.10,2014,PDB,False
4ode,2U0,10.0,1.80,2014,PDB,False
4odf,2U1,10.0,2.20,2014,PDB,False
4ogn,2U5,10.0,1.38,2014,PDB,False
4ogt,2U6,10.0,1.54,2014,PDB,False
4o1l,HO4,6.698970004336019,2.50,2014,PDB,False
4q6r,30J,6.6777807052660805,2.40,2014,PDB,False
4o9s,2RY,6.552841968657781,2.30,2014,PDB,False
4o1b,DGB,6.414539270491499,1.65,2014,PDB,False
4pvt,S3C,6.522878745280337,2.00,2014,PDB,False
4psq,2WL,6.356547323513813,2.40,2014,PDB,False
4ovz,P85,6.309803919971486,2.50,2014,PDB,False
4pvo,SVB,6.309803919971486,1.48,2014,PDB,False
4oba,2TW,9.397940008672037,1.60,2014,PDB,False
4qt0,38Q,6.292429823902063,3.20,2014,PDB,False
4o4r,20V,6.055517327849832,2.40,2014,PDB,False
4op2,2UX,5.929592678259881,2.24,2014,PDB,False
4nrt,2NG,6.0,2.02,2014,PDB,False
4og7,2SE,6.943095148663527,2.08,2014,PDB,False
4p6e,2FC,5.889410289700751,1.80,2014,PDB,False
4o0j,LF8,4.886056647693163,2.05,2014,PDB,False
4njd,NJD,4.8395314688809625,2.50,2014,PDB,False
4pkt,30O,4.826813731587726,2.40,2014,PDB,False
4pkr,2ZL,4.818156412055227,2.20,2014,PDB,False
4pks,30H,4.818156412055227,2.30,2014,PDB,False
4o13,2P1,7.823908740944319,1.75,2014,PDB,False
4og6,2S9,6.705533773838407,1.49,2014,PDB,False
4tpm,35E,8.619788758288394,2.77,2014,PDB,False
4tpp,35D,8.585026652029182,2.65,2014,PDB,False
4otg,2V9,7.585026652029182,2.60,2014,PDB,False
4oz3,1Z8,4.552841968657781,1.70,2014,PDB,False
4o28,1QS,7.5376020021010435,2.00,2014,PDB,False
4o15,2P1,8.698970004336019,1.80,2014,PDB,False
4rce,3LN,8.698970004336019,2.40,2014,PDB,False
4p2t,24Q,5.431798275933005,2.15,2014,PDB,False
4pnc,7NP,5.431798275933005,1.54,2014,PDB,False
4pku,30P,4.522878745280337,2.40,2014,PDB,False
4og5,2S7,6.519993057042849,1.63,2014,PDB,False
4oar,2S0,10.42021640338319,2.41,2014,PDB,False
4pl0,ANP,4.403402904373539,2.70,2014,PDB,False
4qsm,38K,7.4089353929735005,3.00,2014,PDB,False
4p1r,2KR,8.387216143280265,2.24,2014,PDB,False
4oow,CAQ,5.366531544420414,2.57,2014,PDB,False
4oti,MI1,7.366531544420414,1.93,2014,PDB,False
4rcf,3LO,8.397940008672037,1.78,2014,PDB,False
4o5b,LF9,8.298432014944073,2.37,2014,PDB,False
4pkv,30R,5.251811972993799,2.50,2014,PDB,False
4w9n,TCL,4.262012673666569,1.84,2014,PDB,False
4to8,FLC,1.2448877336049289,2.10,2014,PDB,False
4og8,2SF,7.251811972993799,1.53,2014,PDB,False
4op3,2UY,8.154901959985743,2.82,2014,PDB,False
4oth,DRN,8.045757490560675,1.80,2014,PDB,False
4w97,UCA,7.096910013008056,1.60,2014,PDB,False
4u0s,ADP,6.801342913045578,2.49,2014,PDB,False
4w9h,3JF,6.732828271596986,2.10,2014,PDB,False
4txc,38G,6.619788758288394,1.95,2014,PDB,False
4q3s,X7A,6.585026652029182,2.11,2014,PDB,False
4qnb,1B0,6.585026652029182,2.00,2014,PDB,False
4w9k,3JO,6.536107011014093,2.10,2014,PDB,False
4qab,KK2,9.698970004336019,2.98,2014,PDB,False
4v05,66T,9.698970004336019,2.57,2014,PDB,False
4q3t,HAR,6.481486060122113,2.14,2014,PDB,False
4q3u,NNH,6.443697499232713,2.50,2014,PDB,False
4qaa,KK1,6.443697499232713,2.70,2014,PDB,False
4qac,KK3,9.397940008672037,2.10,2014,PDB,False
4p00,C2E,6.3979400086720375,3.20,2014,PDB,False
4p02,C2E,6.3979400086720375,2.65,2014,PDB,False
4q3r,XA2,6.267606240177032,2.17,2014,PDB,False
4r4i,3HV,6.267606240177032,1.40,2014,PDB,False
4r4t,3J0,6.259637310505756,1.28,2014,PDB,False
4w9j,3JH,6.230622673923862,2.20,2014,PDB,False
4oag,ADP,6.301029995663981,2.00,2014,PDB,False
4pow,OP1,6.301029995663981,1.55,2014,PDB,False
4oo9,2U8,9.065501548756432,2.60,2014,PDB,False
4ocp,ADP,6.096910013008056,1.94,2014,PDB,False
4pd8,P0C,6.026872146400302,2.75,2014,PDB,False
4qfs,32H,6.045757490560675,3.55,2014,PDB,False
4p3h,25G,6.0,1.45,2014,PDB,False
4w9i,3JS,5.958607314841775,2.40,2014,PDB,False
4rdn,6MD,5.920818753952375,2.10,2014,PDB,False
4q3q,ABH,5.886056647693163,2.00,2014,PDB,False
4wk1,2BA,5.886056647693163,1.98,2014,PDB,False
4qdk,SAH,5.853871964321762,1.70,2014,PDB,False
4oys,1TT,8.818156412055227,2.90,2014,PDB,False
5tuz,7L6,7.3979400086720375,1.95,2017,PDB,False
5lny,70K,7.376750709602099,1.88,2017,PDB,False
5ut4,DQX,4.376750709602099,2.00,2017,PDB,False
5vc4,XZN,7.359518563029578,2.10,2017,PDB,False
5vcz,XZN,6.35261702988538,1.50,2017,PDB,False
5tuy,7L6,6.351639989019068,2.60,2017,PDB,False
5ttg,7KZ,7.337242168318426,1.66,2017,PDB,False
5ltn,XI7,5.269217724333611,1.88,2017,PDB,False
5twj,SAM,5.253365801062421,2.30,2017,PDB,False
5j86,6GW,8.259637310505756,1.87,2017,PDB,False
5mi6,NHT,7.301029995663981,2.00,2017,PDB,False
5jgi,AAG,4.301029995663981,1.38,2017,PDB,False
5ut6,8MY,4.24184537803261,1.65,2017,PDB,False
5u0w,9MG,4.236572006437063,1.97,2017,PDB,False
5if6,3QZ,7.229147988357855,2.50,2017,PDB,False
5fsb,6YR,2.221848749616356,1.65,2017,PDB,False
5ijr,HRG,3.1958605676646497,1.52,2017,PDB,False
5t35,759,7.180456064458132,2.70,2017,PDB,False
5u28,82V,7.173925197299173,1.80,2017,PDB,False
6awp,FVX,7.161150909262744,3.80,2017,PDB,False
5vc3,DB8,7.110698297493689,1.97,2017,PDB,False
5vd2,34W,7.104025267640935,2.05,2017,PDB,False
5u12,5RU,5.070581074285707,1.84,2017,PDB,False
5vdp,1SY,4.050609993355088,2.30,2017,PDB,False
5vd1,P48,6.00436480540245,1.70,2017,PDB,False
5uv5,Y55,7.698970004336019,3.00,2017,PDB,False
5iu6,7HX,3.886056647693163,2.51,2017,PDB,False
5u6b,7YS,9.886056647693163,2.84,2017,PDB,False
5m4q,PRO,3.5086383061657274,1.73,2017,PDB,False
5mby,PRO,3.5086383061657274,1.55,2017,PDB,False
5t8o,76Z,6.508638306165727,2.41,2017,PDB,False
5hh6,60N,6.3979400086720375,1.80,2017,PDB,False
5hh5,60M,6.301029995663981,1.80,2017,PDB,False
5kns,3L7,6.1249387366083,2.79,2017,PDB,False
5knx,6WC,6.096910013008056,2.40,2017,PDB,False
5hh4,60M,5.958607314841775,2.00,2017,PDB,False
5t8p,774,5.892790030352131,2.32,2017,PDB,False
5uoo,8FV,8.853871964321762,1.69,2017,PDB,False
5knr,3L5,5.853871964321762,2.86,2017,PDB,False
5uex,89D,8.823908740944319,2.29,2017,PDB,False
6en5,BJ2,7.941194513324093,1.75,2017,PDB,False
5knv,6W9,4.872895201635193,2.86,2017,PDB,False
5uwn,8O7,7.8696662315049934,3.20,2017,PDB,False
5thj,0TR,2.869666231504994,1.50,2017,PDB,False
5vjp,IR9,4.826813731587726,1.98,2017,PDB,False
5th4,BEW,2.8477116556169437,1.47,2017,PDB,False
6awo,SRE,8.698970004336019,3.53,2017,PDB,False
5uv1,0FV,5.619788758288394,2.40,2017,PDB,False
5knu,6WA,5.552841968657781,2.81,2017,PDB,False
6b4u,CN7,7.6777807052660805,1.95,2017,PDB,False
5thi,0TR,3.6108339156354674,1.50,2017,PDB,False
5u8c,84J,7.529001830339126,1.60,2017,PDB,False
5tp0,BRN,5.436518914605589,1.25,2017,PDB,False
5knt,6WB,4.431798275933005,2.55,2017,PDB,False
5uv2,LA6,4.403402904373539,2.20,2017,PDB,False
5uey,88M,8.292429823902063,2.41,2017,PDB,False
5v6u,8YM,2.262012673666569,2.80,2017,PDB,False
5ti0,7CZ,4.214670164989233,1.42,2017,PDB,False
5u94,G93,7.1938200260161125,2.20,2017,PDB,False
5vjn,IR8,5.060480747381382,1.78,2017,PDB,False
5thn,7CZ,4.017728766960432,1.33,2017,PDB,False
5uez,89G,6.013228265733755,1.51,2017,PDB,False
6hd4,FYW,8.638272163982407,2.03,2018,PDB,False
5kpk,6VK,8.301029995663981,2.40,2018,PDB,False
6c4g,EQG,8.301029995663981,2.39,2018,PDB,False
5osy,AJQ,7.366531544420414,2.06,2018,PDB,False
6dzq,HJP,7.366531544420414,2.25,2018,PDB,False
6ew3,S3C,7.3979400086720375,2.14,2018,PDB,False
6cz3,FLJ,7.251811972993799,1.80,2018,PDB,False
6dcz,G5Y,7.167491087293763,2.89,2018,PDB,False
6h7z,FVW,10.1249387366083,2.00,2018,PDB,False
6cgp,F1Y,7.119186407719209,2.50,2018,PDB,False
6cz4,FKY,7.119186407719209,1.50,2018,PDB,False
5ncq,8T8,6.958607314841775,3.00,2018,PDB,False
6cis,X26,6.8696662315049934,1.51,2018,PDB,False
6hkz,GBZ,9.886056647693163,2.09,2018,PDB,False
5w8i,9YD,6.823908740944319,1.95,2018,PDB,False
5mwa,8S9,6.823908740944319,1.55,2018,PDB,False
5y8c,8P9,6.795880017344075,1.42,2018,PDB,False
6etj,BWW,6.721246399047171,2.51,2018,PDB,False
6ciy,F3J,6.696803942579511,1.68,2018,PDB,False
6giu,L69,6.657577319177793,1.39,2018,PDB,False
5y8w,8PU,6.638272163982407,1.76,2018,PDB,False
6cmr,5OD,6.609064892896621,2.21,2018,PDB,False
6c2y,EJS,6.6020599913279625,2.74,2018,PDB,False
6cw8,FGY,6.568636235841013,1.90,2018,PDB,False
5zh2,9CU,6.537602002101044,2.66,2018,PDB,False
6f2n,CF8,6.698970004336019,1.15,2018,PDB,False
5yve,AF9,6.481486060122113,3.40,2018,PDB,False
6bx6,EDJ,6.481486060122113,2.90,2018,PDB,False
6h7y,FVZ,9.455931955649724,1.81,2018,PDB,False
6acb,9T9,9.4089353929735,2.80,2018,PDB,False
6eum,BY5,6.522878745280337,1.18,2018,PDB,False
5o7n,9NK,6.522878745280337,1.50,2018,PDB,False
5ylt,C7N,6.3872161432802645,1.69,2018,PDB,False
5kpl,6VL,6.288192770958809,2.60,2018,PDB,False
5y8z,8Q3,6.2076083105017466,1.84,2018,PDB,False
6f5l,CQB,9.187086643357144,1.63,2018,PDB,False
5o7i,9N8,6.086186147616283,2.38,2018,PDB,False
6f8u,CZQ,6.096910013008056,2.10,2018,PDB,False
5nr7,YUI,6.022276394711152,2.35,2018,PDB,False
6hkj,G8W,9.00436480540245,2.09,2018,PDB,False
5xgh,84U,5.991399828238082,2.97,2018,PDB,False
5zwe,9K0,8.958607314841775,2.72,2018,PDB,False
5zz2,9M0,8.85078088734462,2.60,2018,PDB,False
6hjj,G7T,5.769551078621726,2.13,2018,PDB,False
5zwf,9KR,8.744727494896694,2.10,2018,PDB,False
5zwh,9N9,8.721246399047171,2.38,2018,PDB,False
6br3,E3V,8.721246399047171,3.00,2018,PDB,False
5xpn,8BO,6.991399828238082,1.96,2018,PDB,False
6c0u,EE4,5.987162775294828,2.65,2018,PDB,False
5nq5,952,5.0,2.85,2018,PDB,False
6hsz,GOW,6.935542010773082,2.37,2018,PDB,False
6eqm,BUH,7.958607314841775,1.35,2018,PDB,False
6fr2,E3N,7.920818753952375,2.26,2018,PDB,False
6hu0,T86,6.913640169325252,1.75,2018,PDB,False
5nra,95K,6.910094888560602,1.27,2018,PDB,False
6by8,FNV,6.910094888560602,1.90,2018,PDB,False
6hu2,T34,5.8996294548824375,1.99,2018,PDB,False
5mzg,2GE,6.860120913598763,1.85,2018,PDB,False
5olb,6ZO,7.886056647693163,1.82,2018,PDB,False
5xyx,FTZ,4.840282453819785,2.61,2018,PDB,False
6cq4,F8P,4.853871964321762,3.20,2018,PDB,False
6dxg,HGJ,4.853871964321762,1.91,2018,PDB,False
5ocj,9SW,4.823908740944319,1.80,2018,PDB,False
6f6u,CV8,4.795880017344075,1.83,2018,PDB,False
6f8v,D0B,4.795880017344075,1.85,2018,PDB,False
5nr8,95N,6.756961951313706,1.35,2018,PDB,False
6f8x,D08,4.769551078621726,1.95,2018,PDB,False
6cef,EYJ,3.744727494896694,1.80,2018,PDB,False
6gxu,FG8,3.744727494896694,1.92,2018,PDB,False
6htz,GRK,6.73754891026957,1.84,2018,PDB,False
6buv,E9A,4.7447274948966935,1.86,2018,PDB,False
6ht8,GQE,6.721246399047171,2.50,2018,PDB,False
6hu1,GT2,6.718966632752273,2.00,2018,PDB,False
6h9b,FWH,5.698970004336019,2.75,2018,PDB,False
6es0,BW8,5.645891560852599,2.38,2018,PDB,False
5y93,8Q9,5.6439741428068775,1.62,2018,PDB,False
5of0,9TB,8.6345120151091,1.48,2018,PDB,False
5zwi,9KX,8.638272163982407,2.40,2018,PDB,False
5yov,8XR,7.679853713888946,1.45,2018,PDB,False
6fyi,EAE,6.698970004336019,2.60,2018,PDB,False
5xpl,8C9,7.698970004336019,2.05,2018,PDB,False
6f8r,CZK,4.698970004336019,1.83,2018,PDB,False
5zh3,9CF,4.671620396561262,2.86,2018,PDB,False
6fzu,EE8,3.6655462488490693,1.80,2018,PDB,False
6htt,GQZ,6.657577319177793,1.75,2018,PDB,False
5w8h,9Y1,4.6307841425898575,1.80,2018,PDB,False
6f8w,D0E,4.638272163982407,1.60,2018,PDB,False
6gx3,FF2,3.6020599913279625,2.10,2018,PDB,False
6hjk,G7W,7.6020599913279625,2.40,2018,PDB,False
6g07,EEZ,4.568636235841013,1.66,2018,PDB,False
6fn9,DW8,3.5466816599529625,2.27,2018,PDB,False
6ewe,C0W,5.508638306165727,1.46,2018,PDB,False
5ohi,9V8,8.468521082957745,1.66,2018,PDB,False
5xag,93X,5.455931955649724,2.56,2018,PDB,False
6dcy,G5V,5.455931955649724,2.08,2018,PDB,False
6eji,UD2,3.518557371497695,2.30,2018,PDB,False
6fu5,E7N,7.5003129173815966,3.26,2018,PDB,False
6c0r,K5C,7.508638306165727,2.05,2018,PDB,False
6ehh,2GE,7.494850021680094,2.40,2018,PDB,False
6gh9,MIX,4.481486060122113,2.09,2018,PDB,False
6cq0,F8M,4.455931955649724,3.19,2018,PDB,False
6ekd,B9K,6.440093374963888,2.10,2018,PDB,False
6duh,K5C,7.42021640338319,2.00,2018,PDB,False
6ce8,EYV,3.408935392973501,1.55,2018,PDB,False
6c0n,K5C,8.366531544420413,2.00,2018,PDB,False
6cd4,EX1,5.338187314462739,1.23,2018,PDB,False
5zh5,9CX,5.333482019445119,3.08,2018,PDB,False
5xig,87F,6.376750709602099,2.41,2018,PDB,False
6c0t,EE4,7.3655227298392685,1.98,2018,PDB,False
6gxw,FGN,3.3565473235138126,2.07,2018,PDB,False
6cec,EY7,4.346787486224656,1.55,2018,PDB,False
6arv,BW7,7.337242168318426,2.00,2018,PDB,False
5x28,7XU,8.397940008672037,2.95,2018,PDB,False
6cj1,F2S,5.266000713461613,1.53,2018,PDB,False
6dug,K5C,8.267606240177031,2.23,2018,PDB,False
6hu3,GRZ,6.297569463554475,1.66,2018,PDB,False
5xij,873,7.301029995663981,2.50,2018,PDB,False
5w6o,9X1,6.2839966563652006,2.35,2018,PDB,False
6cq5,F8S,4.2441251443275085,3.35,2018,PDB,False
5w5k,K70,8.301029995663981,2.70,2018,PDB,False
5x26,7XO,8.301029995663981,2.95,2018,PDB,False
6c42,85M,8.212539525481585,2.00,2018,PDB,False
6f8b,CXH,5.2076083105017466,1.30,2018,PDB,False
6gxa,TB8,4.221848749616356,2.10,2018,PDB,False
6cee,EYM,4.187086643357144,1.55,2018,PDB,False
6f4n,AKG,5.221848749616356,2.54,2018,PDB,False
6fzx,EEK,8.154901959985743,2.10,2018,PDB,False
5zh4,9CC,5.139661993429006,2.60,2018,PDB,False
6mvx,K4D,5.142667503568732,3.46,2018,PDB,False
6duf,K5C,8.136677139879543,1.96,2018,PDB,False
6bh8,RDF,5.119186407719209,3.85,2018,PDB,False
5xih,86U,7.154901959985743,2.20,2018,PDB,False
6afr,9E3,7.154901959985743,2.00,2018,PDB,False
5xii,86X,7.1249387366083,2.17,2018,PDB,False
6hth,GQN,7.1249387366083,1.95,2018,PDB,False
6f8t,CZT,5.154901959985743,1.80,2018,PDB,False
6e0q,HKD,8.096910013008056,2.35,2018,PDB,False
6ety,BXK,8.050609993355087,1.68,2018,PDB,False
6bo6,E0V,7.096910013008056,2.80,2018,PDB,False
6emh,BGE,6.079354998593212,1.76,2018,PDB,False
5xpo,8BL,7.075720713938118,2.28,2018,PDB,False
6ffi,D8B,8.096910013008056,2.20,2018,PDB,False
5w6e,0NY,8.040958607678906,1.90,2018,PDB,False
5xyy,P0F,5.035221977977624,1.70,2018,PDB,False
6hsk,GOK,7.031517051446065,2.10,2018,PDB,False
6hti,GQW,7.013228265733755,1.69,2018,PDB,False
6ma3,JAJ,8.301029995663981,2.00,2018,PDB,False
6ma5,J9V,8.096910013008056,2.00,2018,PDB,False
6ma1,JA4,8.096910013008056,2.75,2018,PDB,False
6d56,FVM,8.045757490560675,1.68,2018,PDB,False
6eq8,BQZ,8.0,2.19,2018,PDB,False
6eol,BKH,7.431798275933005,1.50,2018,PDB,False
6d55,FWA,7.356547323513813,1.68,2018,PDB,False
6ma4,JA7,7.346787486224656,2.00,2018,PDB,False
5yj8,8W9,3.9829666607012197,1.76,2018,PDB,False
6afl,73H,7.0,1.60,2018,PDB,False
5ymx,GDP,6.920818753952375,1.35,2018,PDB,False
6d5h,FV7,6.920818753952375,1.80,2018,PDB,False
5ywx,93C,9.853871964321762,1.74,2018,PDB,False
6d5e,FVG,6.853871964321762,1.75,2018,PDB,False
6cve,CTP,6.795880017344075,2.20,2018,PDB,False
6ghh,TDA,6.714442690992226,1.90,2018,PDB,False
6fo5,DZH,6.721246399047171,.95,2018,PDB,False
6d5g,FVD,6.6020599913279625,1.92,2018,PDB,False
6gfs,F15,6.536107011014093,2.00,2018,PDB,False
5uc4,83S,6.455931955649724,2.05,2018,PDB,False
6gf9,X90,6.386158178123931,2.10,2018,PDB,False
6cvf,CDP,6.346787486224656,2.30,2018,PDB,False
6d5j,FV4,6.337242168318426,1.75,2018,PDB,False
6bny,E0M,6.3979400086720375,3.34,2018,PDB,False
6afj,73G,6.2839966563652006,1.48,2018,PDB,False
6bgu,DKP,6.275724130399211,1.68,2018,PDB,False
6czi,38E,6.251811972993799,2.30,2018,PDB,False
6ce2,SVR,6.301029995663981,2.15,2018,PDB,False
5vyy,9QY,6.2076083105017466,1.79,2018,PDB,False
6mwe,919,9.200659450546418,2.05,2018,PDB,False
6afi,73D,6.200659450546418,1.65,2018,PDB,False
6f6i,8PR,3.1870866433571443,2.40,2018,PDB,False
6c91,EQD,6.187086643357144,2.90,2018,PDB,False
6gjn,F0Q,6.221848749616356,1.70,2018,PDB,False
6afh,73F,6.1249387366083,1.65,2018,PDB,False
6fmj,DV5,6.119186407719209,2.45,2018,PDB,False
6ge7,EW8,6.06198090252379,2.30,2018,PDB,False
5y6k,8R6,6.0655015487564325,2.86,2018,PDB,False
5w5v,ANW,6.096910013008056,3.65,2018,PDB,False
6afc,72R,6.031517051446065,1.45,2018,PDB,False
6f6n,SRE,3.0222763947111524,2.15,2018,PDB,False
5oht,9VH,6.017728766960432,1.87,2018,PDB,False
5uch,871,6.013228265733755,2.65,2018,PDB,False
6epa,BNQ,5.94692155651658,1.82,2018,PDB,False
5umx,RBF,5.958607314841775,1.59,2018,PDB,False
6b5i,CU4,5.958607314841775,2.60,2018,PDB,False
6bu0,IHP,5.958607314841775,2.43,2018,PDB,False
6ey9,C4N,5.906578314837765,2.00,2018,PDB,False
6fv4,16G,2.9208187539523753,1.97,2018,PDB,False
6f6s,CXQ,2.886056647693163,2.29,2018,PDB,False
6fmc,DUE,5.87942606879415,.90,2018,PDB,False
6fmf,DUE,5.87942606879415,2.81,2018,PDB,False
5z68,ATP,5.886056647693163,3.00,2018,PDB,False
6bm5,SAM,5.844663962534939,1.50,2018,PDB,False
6ey8,C4T,5.809668301829708,2.16,2018,PDB,False
5owf,GLN,5.798602875679548,1.91,2018,PDB,False
6cms,5OD,5.823908740944319,2.68,2018,PDB,False
6eog,BKK,5.795880017344075,1.20,2018,PDB,False
5un1,BMK,5.795880017344075,3.60,2018,PDB,False
5zk3,QNB,8.744727494896694,2.60,2018,PDB,False
6eyt,UDP,5.721246399047171,2.21,2018,PDB,False
5o3r,AMP,4.995678626217358,1.90,2018,PDB,False
6aoy,145,4.97469413473523,1.80,2018,PDB,False
6arm,145,4.97469413473523,1.50,2018,PDB,False
6bnk,AGH,6.991399828238082,3.20,2018,PDB,False
5umy,TNN,6.966576244513051,1.78,2018,PDB,False
5xiw,LOC,4.957424487559809,2.90,2018,PDB,False
5nap,DZ7,7.953895212753961,2.17,2018,PDB,False
6bnl,QWV,6.958607314841775,2.60,2018,PDB,False
6g9i,CXX,3.9281179926938745,2.19,2018,PDB,False
5nn0,92H,10.958607314841775,2.10,2018,PDB,False
6glb,F48,6.889410289700751,2.00,2018,PDB,False
6dq4,K0I,4.920818753952375,1.39,2018,PDB,False
5o9o,9PB,4.886056647693163,1.90,2018,PDB,False
6e4u,HU7,7.866461091629782,3.27,2018,PDB,False
6afg,72V,4.863279432843593,1.50,2018,PDB,False
5nwe,G39,4.87942606879415,2.00,2018,PDB,False
5z99,SLB,6.876148359032914,1.49,2018,PDB,False
6el5,PU1,6.876148359032914,1.67,2018,PDB,False
6gl9,F3W,6.8696662315049934,1.70,2018,PDB,False
5ylj,8X0,3.8560488835760367,2.70,2018,PDB,False
6gjl,F1Q,3.856985199745905,1.16,2018,PDB,False
5oha,9UW,4.886056647693163,1.55,2018,PDB,False
6am8,TRP,4.886056647693163,1.83,2018,PDB,False
5z7b,VNL,4.886056647693163,2.10,2018,PDB,False
5y6f,C2E,6.85078088734462,2.30,2018,PDB,False
5mnn,MRZ,3.844663962534938,.86,2018,PDB,False
5mno,MRZ,3.844663962534938,.96,2018,PDB,False
6f5w,KG1,3.826813731587726,1.91,2018,PDB,False
6h2t,GLU,4.818156412055227,1.67,2018,PDB,False
6czc,TTP,4.782516055786094,2.30,2018,PDB,False
5o0j,8BR,4.773400094792643,1.81,2018,PDB,False
6g35,EKK,7.756961951313706,1.55,2018,PDB,False
5od5,95B,7.73754891026957,1.90,2018,PDB,False
5nyh,9EK,7.728158393463501,1.65,2018,PDB,False
5xsu,8E3,6.7447274948966935,2.40,2018,PDB,False
6gjr,F0W,3.7351821769904636,1.69,2018,PDB,False
6fba,D48,4.701146923590294,2.00,2018,PDB,False
5odx,9RZ,6.709965388637482,1.82,2018,PDB,False
6e4w,HUG,6.7037737127388395,3.35,2018,PDB,False
6bed,RFP,4.721246399047171,2.75,2018,PDB,False
5olk,DTP,6.0,2.45,2018,PDB,False
6bdy,SFG,5.690369832574102,1.51,2018,PDB,False
6aqf,ZMA,8.669586226650809,2.51,2018,PDB,False
6e59,L76,8.667561540084394,3.40,2018,PDB,False
5o3q,CMP,5.6777807052660805,1.75,2018,PDB,False
6f4w,FMC,5.530177984021837,2.29,2018,PDB,False
6e2o,S0L,8.537602002101044,2.39,2018,PDB,False
6boe,E0S,5.537602002101044,3.60,2018,PDB,False
5xsr,8EC,7.692503962086787,2.30,2018,PDB,False
6bm6,SAH,4.681936665037238,1.50,2018,PDB,False
6gjj,L36,3.6989700043360187,1.38,2018,PDB,False
6b3v,7DQ,9.692503962086787,1.60,2018,PDB,False
5zt1,AGS,4.673050005834002,3.11,2018,PDB,False
6fmk,DV8,4.665546248849069,2.75,2018,PDB,False
6cfc,BLG,3.677780705266081,2.04,2018,PDB,False
6bbx,D77,6.667561540084395,2.20,2018,PDB,False
6dk1,GM4,7.647817481888637,3.12,2018,PDB,False
6guf,23D,6.649751981665837,2.65,2018,PDB,False
6elp,BA8,6.627087997029894,1.85,2018,PDB,False
6gub,F9Z,7.638272163982407,2.52,2018,PDB,False
5uxn,TYR,4.638272163982407,2.20,2018,PDB,False
6gfy,EXH,6.61261017366127,2.70,2018,PDB,False
5o87,NCT,6.610833915635467,2.20,2018,PDB,False
6f1j,EDG,4.619788758288394,1.25,2018,PDB,False
6ahi,MET,3.598599459218456,1.90,2018,PDB,False
6guc,SU9,7.6020599913279625,2.00,2018,PDB,False
6egs,UD2,3.5850266520291822,2.70,2018,PDB,False
6gjm,L36,3.575118363368933,1.35,2018,PDB,False
6guh,FB8,7.585026652029182,1.50,2018,PDB,False
6fnq,AVJ,4.585026652029182,1.75,2018,PDB,False
5ost,AEZ,4.5638373529592435,2.10,2018,PDB,False
5oaj,TKT,6.560667306169737,2.47,2018,PDB,False
5yyb,NGE,6.557520230935552,2.48,2018,PDB,False
5oax,9Q5,7.568636235841013,1.20,2018,PDB,False
6gla,F4B,7.568636235841013,1.92,2018,PDB,False
5oss,AEZ,4.548213564475709,1.70,2018,PDB,False
6hsh,GOK,7.546681659952962,1.55,2018,PDB,False
5nau,DZ0,7.5249101966109935,2.25,2018,PDB,False
6f9g,PUT,5.698970004336019,2.39,2018,PDB,False
5oa6,9PT,5.508638306165727,1.94,2018,PDB,False
5zu0,SAH,5.508638306165727,2.76,2018,PDB,False
5zzw,SAH,5.508638306165727,2.60,2018,PDB,False
6afa,ISN,5.494850021680094,1.65,2018,PDB,False
6fhq,DE5,2.468521082957745,1.95,2018,PDB,False
5uxm,TRP,5.443697499232713,1.54,2018,PDB,False
6afd,72S,5.431798275933005,1.48,2018,PDB,False
6gfz,EXE,5.511449283499556,2.30,2018,PDB,False
6ami,TRP,4.522878745280337,1.97,2018,PDB,False
5yl2,8WU,4.4990777608096995,2.09,2018,PDB,False
6bau,CYS,4.508638306165727,3.80,2018,PDB,False
5ybi,ANP,3.491497214855005,2.27,2018,PDB,False
6eya,C4K,7.481486060122112,2.10,2018,PDB,False
6hoy,TSN,4.481486060122113,1.70,2018,PDB,False
6hqy,GKW,6.43533393574791,2.50,2018,PDB,False
6ei5,B5Q,7.416801226031377,2.20,2018,PDB,False
6eyb,C3Z,5.374687549038327,1.90,2018,PDB,False
5uci,874,5.369572124974976,2.70,2018,PDB,False
6g3a,5ID,8.3767507096021,1.43,2018,PDB,False
6baw,D57,5.376750709602099,2.70,2018,PDB,False
5o9y,9PN,5.337242168318426,1.57,2018,PDB,False
6g39,5ID,8.337242168318426,1.45,2018,PDB,False
6h1u,ASP,5.318758762624412,1.68,2018,PDB,False
5oah,95B,8.309803919971486,1.80,2018,PDB,False
5nze,G39,6.3872161432802645,1.69,2018,PDB,False
6g37,FTU,7.369572124974976,1.48,2018,PDB,False
6hly,G9Z,7.327902142064283,1.40,2018,PDB,False
6hlz,G9Z,7.327902142064283,1.89,2018,PDB,False
6hm2,G9Z,7.327902142064283,1.74,2018,PDB,False
6czb,UTP,4.327902142064283,2.40,2018,PDB,False
6gue,FB8,8.397940008672037,1.99,2018,PDB,False
6gmq,F4K,2.3010299956639813,2.76,2018,PDB,False
5yls,Y50,5.289882634888183,3.00,2018,PDB,False
5xpi,8C3,5.2839966563652006,2.20,2018,PDB,False
6bw5,TUM,8.2518119729938,3.10,2018,PDB,False
6et8,BWH,8.2518119729938,1.70,2018,PDB,False
6g34,5ID,8.244125144327509,1.76,2018,PDB,False
6bhv,DQV,5.231361898752385,2.30,2018,PDB,False
6elo,BAW,6.289036881004725,1.80,2018,PDB,False
5nz4,G39,6.2839966563652006,1.36,2018,PDB,False
6f1n,C8W,6.262012673666569,2.09,2018,PDB,False
6bod,E0P,4.259637310505756,3.20,2018,PDB,False
6fjm,DKN,6.239577516576788,2.10,2018,PDB,False
5xmx,89L,7.2441251443275085,2.00,2018,PDB,False
6g9b,IXX,3.2350770153501114,2.26,2018,PDB,False
5umw,RBF,4.22548303427145,2.27,2018,PDB,False
6d6u,FYP,8.214670164989233,3.80,2018,PDB,False
6d6t,FYP,8.214670164989233,3.80,2018,PDB,False
5o9q,9PH,5.2076083105017466,1.40,2018,PDB,False
5zo8,4C5,8.200659450546418,2.20,2018,PDB,False
5zo9,4C5,8.200659450546418,2.70,2018,PDB,False
6d1x,PA7,5.200659450546418,2.30,2018,PDB,False
5zkc,3C0,8.193820026016112,2.30,2018,PDB,False
5yc8,3C0,8.193820026016112,2.50,2018,PDB,False
6dq5,H6G,5.1938200260161125,1.89,2018,PDB,False
6arn,BQY,5.187086643357144,1.25,2018,PDB,False
6g47,SIA,2.1804560644581312,1.50,2018,PDB,False
6gmx,F7B,2.1739251972991736,2.53,2018,PDB,False
6mjf,SAH,5.162411561764489,2.20,2018,PDB,False
6fjf,DKE,8.167491087293763,2.40,2018,PDB,False
5ohy,9VH,5.167491087293763,1.77,2018,PDB,False
6fu4,HSM,6.1944991418416,2.45,2018,PDB,False
6hlx,G9Z,7.173925197299173,1.65,2018,PDB,False
6htg,T61,7.173925197299173,1.94,2018,PDB,False
6c28,WCA,4.167491087293763,2.09,2018,PDB,False
6ckc,F5J,8.221848749616356,2.80,2018,PDB,False
6fap,D3H,2.1487416512809245,2.70,2018,PDB,False
6fi1,D3H,2.1487416512809245,2.70,2018,PDB,False
6aro,BS7,5.1487416512809245,1.20,2018,PDB,False
6guk,FC8,6.145693958198919,1.30,2018,PDB,False
5o8t,SY9,7.130181792020672,2.20,2018,PDB,False
5obg,SY9,7.130181792020672,2.00,2018,PDB,False
6cvv,ATP,4.1249387366083,2.41,2018,PDB,False
5vrl,9JA,7.113509274827518,2.65,2018,PDB,False
5o9p,9P8,5.09366495819491,1.75,2018,PDB,False
6dik,GKP,5.072116589669293,1.93,2018,PDB,False
6dq6,H6J,5.070581074285707,1.59,2018,PDB,False
6e4t,HTV,8.047691990337874,3.40,2018,PDB,False
6hrq,GM5,7.087777943467584,1.85,2018,PDB,False
5var,92Y,4.087777943467585,1.83,2018,PDB,False
6agg,AG2,4.070581074285707,2.71,2018,PDB,False
5oci,9R8,8.045757490560675,1.62,2018,PDB,False
6fmi,DV2,5.026872146400302,2.80,2018,PDB,False
6fii,SG9,8.022276394711152,2.41,2018,PDB,False
5oa2,9PW,5.008773924307505,2.15,2018,PDB,False
6eln,P4A,6.045757490560675,1.60,2018,PDB,False
6cze,ITT,4.031517051446065,2.30,2018,PDB,False
6bmi,SER,5.045757490560675,3.90,2018,PDB,False
6dge,GBG,6.721246399047171,1.91,2018,PDB,False
6aps,SV2,6.657577319177793,1.76,2018,PDB,False
6bu3,3GK,6.552841968657781,1.15,2018,PDB,False
5wdw,8KU,6.537602002101044,2.30,2018,PDB,False
5wap,KU9,6.522878745280337,2.20,2018,PDB,False
5yr4,TN4,6.337242168318426,1.82,2018,PDB,False
5wdc,G2K,6.3979400086720375,2.10,2018,PDB,False
5wa7,KU4,6.3979400086720375,2.20,2018,PDB,False
6hh3,A1R,6.236572006437063,1.82,2018,PDB,False
5y12,8JX,6.229147988357856,1.75,2018,PDB,False
6c8x,BVR,12.301029995663981,1.61,2018,PDB,False
5w73,GY9,6.301029995663981,2.20,2018,PDB,False
5ou3,AUN,6.214670164989233,1.60,2018,PDB,False
6ays,HT6,9.187086643357144,1.70,2018,PDB,False
6apw,BTV,6.173925197299173,2.61,2018,PDB,False
6aqo,45T,6.113509274827519,2.64,2018,PDB,False
6b4d,53X,6.107905397309519,1.20,2018,PDB,False
6c7q,EO1,9.154901959985743,1.51,2018,PDB,False
5ou1,AUQ,6.0655015487564325,1.78,2018,PDB,False
6apt,45T,6.050609993355088,1.80,2018,PDB,False
5wfw,GYA,6.096910013008056,2.29,2018,PDB,False
6b7h,CWY,9.032920265855504,2.82,2018,PDB,False
6f7q,CWQ,8.962573502059376,2.60,2018,PDB,False
5y13,8K0,5.935542010773082,1.75,2018,PDB,False
5od1,9RQ,5.958607314841775,1.34,2018,PDB,False
6bt6,3GK,5.910094888560602,1.05,2018,PDB,False
5z1c,ZXI,2.8601209135987635,1.45,2018,PDB,False
5yic,8VO,5.886056647693163,1.90,2018,PDB,False
6ayt,4EH,8.853871964321762,1.85,2018,PDB,False
5wf3,KU2,5.853871964321762,2.25,2018,PDB,False
6gdg,NEC,8.744727494896694,4.11,2018,PDB,False
6dj7,G10,8.721246399047171,1.31,2018,PDB,False
5nxp,9DH,7.991399828238082,1.25,2018,PDB,False
6f9r,D0W,4.97469413473523,1.85,2018,PDB,False
5zag,94I,6.966576244513051,1.95,2018,PDB,False
6en6,BJ2,7.941194513324093,1.80,2018,PDB,False
6dh6,017,9.931072388317927,1.97,2018,PDB,False
6ej3,B7T,5.928486194904911,1.94,2018,PDB,False
6iiu,A8X,7.958607314841775,2.50,2018,PDB,False
4ehm,PJA,5.853871964321762,2.20,2012,PDB,True
4dcd,K36,5.752026733638194,1.69,2012,PDB,True
3bm8,PSY,3.537602002101044,2.70,2008,PDB,True
3blu,PVS,3.4559319556497243,2.00,2008,PDB,True
2y59,ZA3,6.443697499232713,2.50,2011,PDB,True
3mbz,MXC,5.795880017344075,2.60,2011,PDB,True
2y55,FP5,3.8728952016351923,2.60,2011,PDB,True
3sn8,S89,5.649751981665837,1.99,2011,PDB,True
2y4a,BH6,4.376750709602099,2.70,2011,PDB,True
4gkc,RET,6.823908740944319,1.30,2012,PDB,True
4exz,RET,7.5376020021010435,1.61,2012,PDB,True
6b1e,LF7,7.468521082957745,1.77,2017,PDB,True
5vfn,HCI,3.5228787452803374,2.39,2017,PDB,True
5tig,7DH,4.221848749616356,2.70,2018,PDB,True
6o8i,LTJ,10.0,1.42,2019,PDB,True
6fv1,E8E,5.966576244513051,2.30,2019,PDB,True
6q5b,NXL,5.886056647693163,2.22,2019,PDB,True
6qg7,6HL,6.826813731587726,2.10,2019,PDB,True
6ohu,CTX,6.782516055786093,3.53,2019,PDB,True
6qhr,J3N,7.721246399047171,2.52,2019,PDB,True
6qft,J0B,7.455931955649724,2.70,2019,PDB,True
6s9x,L1W,6.419075024324381,2.60,2019,PDB,True
6gcr,EUW,8.327902142064282,2.30,2019,PDB,True
6qho,J3H,6.199970640755866,2.70,2019,PDB,True
6qg4,J0E,8.065501548756432,2.30,2019,PDB,True
6jki,SFG,6.3872161432802645,2.59,2019,PDB,True
6r4v,BFQ,5.7594507517174005,2.20,2019,PDB,True
5zde,AR6,5.749579997691106,2.80,2019,PDB,True
5zdg,AR6,5.424812155072339,2.59,2019,PDB,True
6e5s,RET,6.43533393574791,2.06,2019,PDB,True
6qmu,ZCQ,5.318758762624412,1.98,2019,PDB,True
6nnr,UMC,5.070581074285707,1.05,2019,PDB,True
6s9w,L1Z,7.229147988357855,2.30,2019,PDB,True
6pvs,P0V,8.167491087293763,2.58,2019,PDB,True
4acf,46B,5.795880017344075,2.00,2012,PDB,False
4awm,KDH,5.721246399047171,2.60,2012,PDB,False
4h1j,0YH,5.920818753952375,2.00,2012,PDB,False
4hn2,0EJ,6.889410289700751,1.90,2012,PDB,False
3u4i,CVR,3.889410289700751,2.12,2012,PDB,False
3q92,XNB,7.920818753952375,2.80,2012,PDB,False
3ntp,RZD,4.920818753952375,1.76,2012,PDB,False
3ti1,B49,3.886056647693163,1.99,2012,PDB,False
2rcn,GDP,6.0,2.25,2008,PDB,False
2z97,7HE,6.0,1.80,2008,PDB,False
2pmk,128,5.920818753952375,1.60,2008,PDB,False
3eeb,IHP,5.886056647693163,2.10,2008,PDB,False
2zju,IM4,5.80771138743188,2.58,2008,PDB,False
2q88,4CS,5.795880017344075,1.90,2008,PDB,False
3btc,MGR,5.752026733638194,2.90,2008,PDB,False
2vyt,MLZ,2.7351821769904636,1.90,2008,PDB,False
3eml,ZMA,8.744727494896694,2.60,2008,PDB,False
2pqc,RC1,5.7447274948966935,1.60,2008,PDB,False
3bt9,DEQ,5.709965388637482,2.75,2008,PDB,False
3c2f,PRP,1.9956786262173574,2.35,2008,PDB,False
3bxg,BG6,4.959397659885927,1.80,2008,PDB,False
2rin,ACH,4.0,1.80,2008,PDB,False
3chg,313,3.9913998282380825,2.80,2008,PDB,False
2vo4,4NM,4.935542010773082,1.75,2008,PDB,False
2vuk,P83,3.9030899869919438,1.50,2008,PDB,False
3exh,TPP,4.882728704344236,2.44,2008,PDB,False
2pym,1UN,6.823908740944319,1.90,2008,PDB,False
2rcb,DSN,6.787812395596042,1.62,2008,PDB,False
3cpj,GDP,4.723538195826756,2.35,2008,PDB,False
2vfk,AMP,3.712198270069774,1.50,2008,PDB,False
3b5j,12D,5.6777807052660805,2.00,2008,PDB,False
2qry,TPS,8.638272163982407,2.25,2008,PDB,False
2reg,CHT,5.638272163982407,1.90,2008,PDB,False
3bho,B4P,5.61261017366127,1.80,2008,PDB,False
3btj,DEQ,5.619788758288394,2.98,2008,PDB,False
3coz,54H,5.568636235841013,2.00,2008,PDB,False
3bxf,FBP,5.542118103266008,1.70,2008,PDB,False
3clp,CMP,3.6880343396316335,2.00,2008,PDB,False
2qv7,ADP,3.6595558851598815,2.30,2008,PDB,False
3f8c,HT1,7.6777807052660805,2.20,2008,PDB,False
3fat,AMQ,7.642065152999546,1.90,2008,PDB,False
3f8f,DM1,6.627087997029894,2.20,2008,PDB,False
3cwk,REA,6.6020599913279625,1.60,2008,PDB,False
2jiu,AEE,7.559090917934782,3.05,2008,PDB,False
2pyn,1UN,7.568636235841013,1.85,2008,PDB,False
3b2q,ATP,4.552841968657781,2.10,2008,PDB,False
3c4h,DRL,5.698970004336019,2.10,2008,PDB,False
2q64,1UN,8.522878745280337,2.50,2008,PDB,False
3bxe,13P,5.476253533188435,1.80,2008,PDB,False
2zkj,ADP,5.481486060122113,2.00,2008,PDB,False
3d2r,ADP,5.481486060122113,2.03,2008,PDB,False
2vc9,NOK,8.443697499232712,2.36,2008,PDB,False
2vpo,6CS,5.42021640338319,1.80,2008,PDB,False
2zit,NAD,4.455931955649724,3.00,2008,PDB,False
2qtn,NCN,3.417936637088291,2.40,2008,PDB,False
2zdm,46U,6.413412695328245,1.93,2008,PDB,False
3bf1,ADP,2.5228787452803374,2.30,2008,PDB,False
3b4p,3B4,5.3979400086720375,1.70,2008,PDB,False
2zdl,45U,6.39577394691553,1.80,2008,PDB,False
2zdk,50U,6.368556230986828,1.67,2008,PDB,False
3dp4,AMQ,7.366531544420414,2.11,2008,PDB,False
3feg,HC7,4.346787486224656,1.30,2008,PDB,False
3bbf,GDP,5.2839966563652006,1.70,2008,PDB,False
2vcb,OAN,5.259637310505756,2.20,2008,PDB,False
3cr4,PNT,4.275724130399211,2.15,2008,PDB,False
2zdn,49U,6.250263684430939,1.98,2008,PDB,False
3b2t,M33,5.20690839982342,1.80,2008,PDB,False
2pqj,ADE,8.198596289982644,2.80,2008,PDB,False
3ctr,MGP,5.158640529545145,2.10,2008,PDB,False
2jb5,T5C,9.221848749616356,2.80,2008,PDB,False
3cyu,0CR,7.221848749616356,1.70,2008,PDB,False
2pqb,GG9,7.200659450546418,1.80,2008,PDB,False
3c79,IM4,7.200659450546418,2.48,2008,PDB,False
3cr5,PNT,4.1938200260161125,1.85,2008,PDB,False
2q63,1UN,7.180456064458132,2.20,2008,PDB,False
3bu1,HSM,8.148741651280925,1.40,2008,PDB,False
2zjv,CT4,5.139063379299906,2.70,2008,PDB,False
2r75,01G,6.146301788223826,1.40,2008,PDB,False
3cgy,RDC,3.1456939581989194,2.60,2008,PDB,False
3bxh,F6P,4.025304128090317,1.85,2008,PDB,False
3dsu,FPP,7.026872146400302,1.90,2008,PDB,False
2v2h,PGA,3.769551078621726,1.18,2008,PDB,False
2za0,MGI,6.638272163982407,1.70,2008,PDB,False
2z4o,065,9.568636235841012,1.60,2008,PDB,False
2v2c,PGA,3.408935392973501,1.89,2008,PDB,False
3b65,3B6,9.267606240177031,1.80,2008,PDB,False
2osm,HTS,6.199970640755866,1.60,2008,PDB,False
2qrp,S06,6.200659450546418,1.86,2008,PDB,False
2qd7,065,9.096910013008056,1.11,2008,PDB,False
2rkf,AB1,9.080921907623926,1.80,2008,PDB,False
2qd8,065,9.070581074285707,1.35,2008,PDB,False
3p3r,3M1,7.251424383069008,1.25,2011,PDB,False
3p3t,3M3,7.237246435066626,1.45,2011,PDB,False
3ri1,3RH,5.301029995663981,2.10,2011,PDB,False
3q71,AR6,5.221848749616356,2.20,2011,PDB,False
3ujb,SAH,5.102372908709558,1.52,2011,PDB,False
3smq,TDU,5.022276394711152,2.00,2011,PDB,False
3ay0,ADN,3.0409586076789066,3.05,2011,PDB,False
3po1,MKY,4.022276394711152,1.65,2011,PDB,False
3s3k,CSN,4.01014989039682,3.20,2011,PDB,False
3u8n,09S,10.173925197299173,2.35,2011,PDB,False
3pbb,PBD,7.022276394711152,1.95,2011,PDB,False
3pb9,1BN,6.581698708680254,1.12,2011,PDB,False
3o9i,A61,11.823908740944319,1.45,2011,PDB,False
3oaf,OAG,8.795880017344075,1.70,2011,PDB,False
3pb7,PBD,5.740645072691966,1.40,2011,PDB,False
3p8o,L5T,8.723538195826755,2.30,2011,PDB,False
3mg6,LZT,7.886056647693163,2.60,2011,PDB,False
3q2m,CKI,3.7986028756795487,2.90,2011,PDB,False
3o99,K13,10.823908740944319,1.95,2011,PDB,False
3oil,VZ5,5.6777807052660805,1.50,2011,PDB,False
3tsd,XMP,3.6615435063953954,2.65,2011,PDB,False
3rup,ADP,1.5686362358410126,1.99,2011,PDB,False
3qvu,NPO,3.54821356447571,2.50,2011,PDB,False
3sl0,FB5,2.6989700043360187,2.00,2011,PDB,False
3u8j,09O,8.508638306165727,2.35,2011,PDB,False
3p17,99P,4.476253533188435,1.43,2011,PDB,False
3shj,H10,7.468521082957745,2.80,2011,PDB,False
3zuk,RDF,7.455931955649724,2.60,2011,PDB,False
3qvv,3QV,4.42021640338319,2.35,2011,PDB,False
3qt6,2P0,5.366531544420414,2.05,2011,PDB,False
3qak,UKA,8.323306390375134,2.71,2011,PDB,False
3o3j,BB4,6.3979400086720375,3.00,2011,PDB,False
3sh1,MLK,7.3872161432802645,2.90,2011,PDB,False
3oku,VZ4,6.356547323513812,1.45,2011,PDB,False
3pb8,AHN,5.240483240537812,1.13,2011,PDB,False
3rx5,G2I,6.267606240177032,1.99,2011,PDB,False
3rx8,9MR,6.214670164989233,2.56,2011,PDB,False
3o0j,3OJ,7.187086643357144,1.95,2011,PDB,False
3u8l,09Q,8.050609993355087,2.32,2011,PDB,False
3rx7,G3I,6.026872146400302,2.02,2011,PDB,False
3vqs,JT1,7.749579997691106,1.90,2012,PDB,False
4gh6,LUO,7.6777807052660805,2.70,2012,PDB,False
3uvp,048,7.455931955649724,2.40,2012,PDB,False
3zxv,MXI,7.309803919971486,2.26,2012,PDB,False
4avg,SL6,7.221848749616356,2.20,2012,PDB,False
2ym7,YM7,6.886056647693163,1.81,2012,PDB,False
4awk,CI1,6.886056647693163,1.90,2012,PDB,False
3voz,04A,6.853871964321762,2.40,2012,PDB,False
3uix,Q17,6.82102305270683,2.20,2012,PDB,False
4dce,0JF,6.7594507517174005,2.03,2012,PDB,False
4b4g,KKT,6.756961951313706,2.50,2012,PDB,False
4b4m,JWT,6.688246138944246,2.35,2012,PDB,False
3ttj,JBI,6.6777807052660805,2.10,2012,PDB,False
4ge5,A89,6.568636235841013,2.00,2012,PDB,False
4frj,DWB,6.552841968657781,1.95,2012,PDB,False
3u8h,BHP,6.494850021680094,2.30,2012,PDB,False
4dgn,LU2,6.455931955649724,1.75,2012,PDB,False
4b5b,BBE,6.412289034981089,2.06,2012,PDB,False
4a16,H34,9.366531544420413,2.65,2012,PDB,False
3zzh,ARG,3.3565473235138126,2.10,2012,PDB,False
3uwo,0DJ,6.356547323513813,1.70,2012,PDB,False
3u8d,U8D,6.327902142064283,1.80,2012,PDB,False
3v8s,0HD,6.187086643357144,2.29,2012,PDB,False
2ym6,YM6,6.055517327849832,2.01,2012,PDB,False
4ge2,75A,6.045757490560675,1.80,2012,PDB,False
4gg5,0J3,9.031517051446064,2.42,2012,PDB,False
4aqc,88A,9.045757490560675,1.90,2012,PDB,False
3u8w,09J,9.0,2.15,2012,PDB,False
4awg,CI3,5.958607314841775,2.60,2012,PDB,False
4fod,0UV,8.920818753952375,2.00,2012,PDB,False
4dgm,AGI,5.920818753952375,1.65,2012,PDB,False
3rin,I2O,8.886056647693163,2.20,2012,PDB,False
4b71,DJL,5.886056647693163,2.50,2012,PDB,False
4fgz,CQA,2.869666231504994,1.99,2012,PDB,False
2ym8,YM8,7.886056647693163,2.07,2012,PDB,False
3ril,3RK,3.835647144215563,2.40,2012,PDB,False
3ua8,08W,7.853871964321762,1.90,2012,PDB,False
4eh4,0OL,2.814174640387038,2.50,2012,PDB,False
3s3i,CQ0,7.795880017344075,1.80,2012,PDB,False
4a9r,RU5,7.795880017344075,2.85,2012,PDB,False
3vp4,BP9,4.730487055782084,2.45,2012,PDB,False
3vi5,M4M,5.6777807052660805,2.00,2012,PDB,False
3upy,FOM,5.621602099051862,1.80,2012,PDB,False
4dmn,0L9,5.638272163982407,2.45,2012,PDB,False
4fri,DWA,5.54515513999149,2.30,2012,PDB,False
3upf,0BU,6.698970004336019,2.60,2012,PDB,False
3uxm,0DN,4.698970004336019,1.95,2012,PDB,False
3qa2,XNA,6.6777807052660805,2.52,2012,PDB,False
4a9c,B5F,4.605548319173784,2.10,2012,PDB,False
4ec4,0O6,7.595166283380062,3.30,2012,PDB,False
4dea,NHI,6.59176003468815,2.45,2012,PDB,False
4g19,GSH,3.582528306796707,2.00,2012,PDB,False
3sd5,SD5,6.581698708680254,3.20,2012,PDB,False
4hkp,16B,4.548213564475709,1.75,2012,PDB,False
4eh3,NAR,3.5346171485515816,2.40,2012,PDB,False
3rik,3RI,2.468521082957745,2.48,2012,PDB,False
3uhm,RFN,8.443697499232712,1.26,2012,PDB,False
4drp,0MD,5.4089353929735005,1.80,2012,PDB,False
4eh6,0ON,2.459545386328588,2.10,2012,PDB,False
4ded,NHU,7.4179366370882915,3.05,2012,PDB,False
4fpf,JKK,4.410050398674293,2.23,2012,PDB,False
4gtv,7TR,7.42021640338319,1.95,2012,PDB,False
4e3f,GRE,2.5228787452803374,1.50,2012,PDB,False
4foc,0UU,8.522878745280337,1.70,2012,PDB,False
3vi7,CBD,7.393618634889395,2.00,2012,PDB,False
4ez3,0S0,4.346787486224656,2.00,2012,PDB,False
4dus,0MP,8.301029995663981,2.50,2012,PDB,False
4eb9,0O6,8.267606240177031,2.60,2012,PDB,False
4drm,0MC,5.236572006437063,1.48,2012,PDB,False
4drn,0MC,5.236572006437063,1.07,2012,PDB,False
3qbn,E9Z,8.229147988357855,3.50,2012,PDB,False
4ehv,0SJ,2.2921744316677684,1.60,2012,PDB,False
4eh7,0OO,3.283996656365201,2.10,2012,PDB,False
4b95,UCK,4.2839966563652006,2.80,2012,PDB,False
4eh9,0OQ,2.2633645023131788,2.10,2012,PDB,False
4egh,0OY,3.2596373105057563,1.60,2012,PDB,False
4e1m,TQ2,7.259637310505756,1.90,2012,PDB,False
3u4h,C8R,4.251811972993799,1.88,2012,PDB,False
4fpk,IJ1,4.241088107602026,2.40,2012,PDB,False
3uwk,0DF,4.236572006437063,1.91,2012,PDB,False
4dt6,6LI,7.229147988357855,2.60,2012,PDB,False
4e3d,GTQ,2.3010299956639813,1.60,2012,PDB,False
4fob,0US,8.301029995663981,1.90,2012,PDB,False
3up7,0C9,8.214670164989233,3.05,2012,PDB,False
4a9u,A9U,7.221848749616356,2.48,2012,PDB,False
4a9s,RU9,7.214670164989233,2.66,2012,PDB,False
4eh8,0OP,2.2043284940539785,2.20,2012,PDB,False
4e1n,TQX,7.173925197299173,2.00,2012,PDB,False
4eh2,0OK,3.159893905543242,2.00,2012,PDB,False
3tti,KBI,8.221848749616356,2.20,2012,PDB,False
4e20,0MY,8.221848749616356,2.60,2012,PDB,False
4gtt,7TQ,8.221848749616356,2.05,2012,PDB,False
3ur0,SVR,7.154901959985743,2.45,2012,PDB,False
4a9t,A9T,7.154901959985743,2.70,2012,PDB,False
4drk,I63,5.077793722560983,1.50,2012,PDB,False
4dgg,I76,6.096910013008056,2.65,2012,PDB,False
4eh5,0OM,3.087246696328677,2.00,2012,PDB,False
4daw,0H2,7.080921907623926,2.00,2012,PDB,False
4aml,GYU,2.0969100130080562,1.60,2012,PDB,False
4frk,DWD,8.096910013008056,2.10,2012,PDB,False
4dgr,3LV,5.040958607678906,1.55,2012,PDB,False
4gtm,7TM,8.036212172654444,2.20,2012,PDB,False
4dum,HLI,7.022276394711152,2.95,2012,PDB,False
4e4a,JKE,2.0457574905606752,1.45,2012,PDB,False
4asj,N6A,7.552841968657781,2.25,2012,PDB,False
4arw,HNR,7.130768280269024,2.20,2012,PDB,False
4eki,0QK,10.0,2.85,2012,PDB,False
4dew,LU2,7.0,1.90,2012,PDB,False
3uib,SB2,6.795880017344075,2.65,2012,PDB,False
4gui,QIC,3.638272163982407,1.78,2012,PDB,False
4fut,ATP,6.508638306165727,2.00,2012,PDB,False
4b5s,PYR,3.494850021680094,1.68,2012,PDB,False
4gby,XYP,3.4559319556497243,2.81,2012,PDB,False
3v3l,V3L,6.431798275933005,1.65,2012,PDB,False
3tay,MN0,3.3767507096020997,1.85,2012,PDB,False
4b5t,2KT,3.3279021420642825,1.92,2012,PDB,False
4b5w,PYR,3.3279021420642825,1.79,2012,PDB,False
4der,AGI,6.309803919971486,1.90,2012,PDB,False
4erf,0R3,9.397940008672037,2.00,2012,PDB,False
4ay5,UDP,6.267606240177032,3.15,2012,PDB,False
4aq4,G3P,6.167491087293763,1.80,2012,PDB,False
4gbz,BGC,3.113509274827518,2.89,2012,PDB,False
3sfg,2TU,6.062983892535186,2.21,2012,PDB,False
4h5e,IPR,6.0655015487564325,2.04,2012,PDB,False
4gah,0ET,6.096910013008056,2.30,2012,PDB,False
4g0p,U5P,3.0087739243075053,1.80,2012,PDB,False
4guj,SKM,3.0457574905606752,1.50,2012,PDB,False
3uil,DAO,6.0,2.20,2012,PDB,False
4dst,9LI,2.958607314841775,2.30,2012,PDB,False
4des,57D,5.853871964321762,1.75,2012,PDB,False
4dsu,BZI,2.8239087409443187,1.70,2012,PDB,False
4ekg,0QJ,8.769551078621726,2.80,2012,PDB,False
4fxq,G9L,5.769551078621726,1.96,2012,PDB,False
4abk,AR6,5.721246399047171,1.60,2012,PDB,False
4dn0,C2E,5.721246399047171,2.30,2012,PDB,False
3qbc,B55,4.966576244513051,1.65,2012,PDB,False
3zsq,O4N,4.962573502059376,1.70,2012,PDB,False
4av0,HNV,6.980468315468745,2.10,2012,PDB,False
4agm,P86,3.978810700930062,1.52,2012,PDB,False
4agn,NXG,3.9706162223147903,1.60,2012,PDB,False
4dmw,UDP,4.943095148663527,2.50,2012,PDB,False
4dai,0J5,6.958607314841775,2.50,2012,PDB,False
4hbm,0Y7,7.920818753952375,1.90,2012,PDB,False
3u6w,KIV,6.920818753952375,2.21,2012,PDB,False
3au6,DG3,7.920818753952375,3.30,2012,PDB,False
3u3u,EAH,6.875169850586141,2.50,2012,PDB,False
3zt3,ZT4,2.8616973018337184,1.95,2012,PDB,False
3uoh,0C4,7.886056647693163,2.80,2012,PDB,False
3r0y,RSZ,4.837734385701978,1.65,2012,PDB,False
3zt2,ZT2,2.843148098929989,1.70,2012,PDB,False
4fl3,ANP,3.8239087409443187,1.90,2012,PDB,False
3zt4,ZT2,2.8041003475907664,2.20,2012,PDB,False
3uo6,0BY,7.823908740944319,2.80,2012,PDB,False
3unz,0BZ,7.795880017344075,2.80,2012,PDB,False
4auy,HNW,7.73754891026957,2.10,2012,PDB,False
3vjc,ZGA,7.723538195826756,1.89,2012,PDB,False
4flp,JQ1,6.721017883134556,2.23,2012,PDB,False
4det,KMP,5.6777807052660805,2.05,2012,PDB,False
3u0p,LSC,5.6777807052660805,2.80,2012,PDB,False
4deu,NAR,5.640164517660112,1.60,2012,PDB,False
4f9g,C2E,5.619788758288394,2.95,2012,PDB,False
3udv,J1C,5.5934598195660445,1.88,2012,PDB,False
3r5t,VBN,8.576754126063193,1.45,2012,PDB,False
4fl2,ANP,3.657577319177794,2.19,2012,PDB,False
4agl,P84,3.6478174818886377,1.70,2012,PDB,False
4avi,XNS,7.627087997029894,2.40,2012,PDB,False
3umq,BUA,4.617982957425132,2.20,2012,PDB,False
4dbm,0J0,7.619788758288394,2.30,2012,PDB,False
3tcy,PHE,4.619788758288394,1.55,2012,PDB,False
3tk2,PHE,4.619788758288394,1.35,2012,PDB,False
3u90,SDS,4.619788758288394,1.90,2012,PDB,False
4dcv,GCP,4.590066876668706,2.60,2012,PDB,False
4fnn,STE,7.565431095965801,2.24,2012,PDB,False
3ztc,TR0,4.557520230935552,2.65,2012,PDB,False
3uo4,0C0,6.52432881167557,2.45,2012,PDB,False
4g0q,C5P,2.5228787452803374,1.80,2012,PDB,False
3tz4,03H,5.494850021680094,2.25,2012,PDB,False
4dcy,L2M,4.519993057042849,2.00,2012,PDB,False
4dcx,L2D,4.503070351926785,2.00,2012,PDB,False
4f3i,0S6,7.442492798094342,1.40,2012,PDB,False
4avj,J73,7.437707135543525,2.10,2012,PDB,False
4fmu,0UM,6.443697499232712,2.10,2012,PDB,False
4axd,ANP,4.431798275933005,2.05,2012,PDB,False
3uo5,0BX,7.4089353929735005,2.70,2012,PDB,False
4f7v,J1D,5.380906669373258,1.73,2012,PDB,False
3tif,ADP,5.376750709602099,1.80,2012,PDB,False
4ef4,C2E,5.354577730650908,2.15,2012,PDB,False
3rzi,TRP,5.327902142064283,1.95,2012,PDB,False
4g0y,AMP,2.3018994543766103,1.65,2012,PDB,False
3up2,0C8,7.3979400086720375,2.30,2012,PDB,False
4gwk,3PG,3.337242168318426,1.53,2012,PDB,False
3uod,0C3,7.309803919971486,2.50,2012,PDB,False
4r4o,3HW,5.823908740944319,1.33,2014,PDB,False
4q9o,2ZW,5.769551078621726,2.20,2014,PDB,False
4o2a,2RR,5.7447274948966935,2.50,2014,PDB,False
4tv3,ML9,8.721246399047171,2.85,2014,PDB,False
4w9d,3JK,4.991399828238083,2.20,2014,PDB,False
4tsx,LF0,4.987162775294828,1.94,2014,PDB,False
4poh,2VR,8.0,2.30,2014,PDB,False
4q4s,S98,6.95233580539844,1.25,2014,PDB,False
4phu,2YB,7.919373513078194,2.33,2014,PDB,False
4u4s,3C1,2.9208187539523753,1.90,2014,PDB,False
4pd7,ZE8,3.9208187539523753,2.91,2014,PDB,False
4q0k,GA3,4.872895201635193,1.34,2014,PDB,False
4nl1,Z13,3.886056647693163,2.30,2014,PDB,False
4pd5,GEO,2.8632794328435933,2.91,2014,PDB,False
4pgh,SAM,4.886056647693163,2.80,2014,PDB,False
4qtn,NNR,6.847711655616943,2.80,2014,PDB,False
5v3y,5V8,6.721246399047171,1.98,2017,PDB,False
5ugd,89S,6.619788758288394,1.38,2017,PDB,False
5v42,I66,6.619788758288394,1.99,2017,PDB,False
5tyr,7O7,9.585026652029182,1.80,2017,PDB,False
5v3x,I28,6.585026652029182,1.94,2017,PDB,False
5ugg,89M,6.42021640338319,1.20,2017,PDB,False
5uqv,8JM,6.366531544420414,2.84,2017,PDB,False
5ukk,8DJ,6.214670164989233,2.60,2017,PDB,False
5uqx,8JP,6.214670164989233,2.23,2017,PDB,False
5ukl,SIX,6.200659450546418,2.15,2017,PDB,False
5v41,J24,6.1487416512809245,2.05,2017,PDB,False
5t8e,77U,9.142667503568731,2.71,2017,PDB,False
5vfc,9BA,9.045757490560675,1.64,2017,PDB,False
5wr7,RCH,8.958607314841775,2.76,2017,PDB,False
5v40,JS1,5.804100347590766,1.99,2017,PDB,False
5tbj,LHD,5.823908740944319,2.32,2017,PDB,False
5gn5,6XZ,6.982966660701219,2.85,2017,PDB,False
5vgi,9DJ,6.982966660701219,2.07,2017,PDB,False
5ul5,8D7,6.97469413473523,2.20,2017,PDB,False
5ti7,7CQ,4.958607314841775,1.65,2017,PDB,False
5gn6,6Y0,6.920818753952375,2.50,2017,PDB,False
5ulg,8E4,6.723538195826756,2.10,2017,PDB,False
5t8j,77T,9.0,2.70,2017,PDB,False
5tw3,7N1,8.698970004336019,2.85,2017,PDB,False
5ti6,7CO,4.6777807052660805,1.70,2017,PDB,False
5ti2,7CJ,4.619788758288394,1.65,2017,PDB,False
5ti4,7CM,4.585026652029182,1.62,2017,PDB,False
5uwm,8OA,6.448550002027125,1.62,2017,PDB,False
5h22,7FT,7.443697499232712,1.50,2017,PDB,False
5dyw,5HF,8.309803919971486,2.50,2017,PDB,False
5ti5,7CN,4.3872161432802645,1.83,2017,PDB,False
5ti3,7CG,4.356547323513813,1.70,2017,PDB,False
5v5d,8OY,5.267606240177032,2.10,2017,PDB,False
5dyy,5HH,7.244887733604929,2.65,2017,PDB,False
5ubg,PRT,5.167491087293763,1.90,2017,PDB,False
5v83,8Z7,5.1605219526258015,2.00,2017,PDB,False
5jmx,DZ5,5.086186147616283,1.44,2017,PDB,False
5uwl,8OJ,8.0268721464003,2.55,2017,PDB,False
5gn7,6XZ,6.045757490560675,3.20,2017,PDB,False
5vb5,92A,6.455931955649724,2.23,2017,PDB,False
5v79,8Y4,6.4089353929735005,2.25,2017,PDB,False
5v7a,8Y7,6.376750709602099,2.35,2017,PDB,False
5vb6,927,6.366531544420414,2.04,2017,PDB,False
5u4a,7VG,6.356547323513813,1.90,2017,PDB,False
5u4e,XLB,6.346787486224656,1.45,2017,PDB,False
5u4f,IWW,6.327902142064283,1.50,2017,PDB,False
5u48,S4B,6.327902142064283,1.50,2017,PDB,False
5u4d,XLO,6.327902142064283,1.55,2017,PDB,False
5t2t,0N8,6.292429823902063,1.97,2017,PDB,False
6awn,8PR,9.200659450546418,3.62,2017,PDB,False
5u0z,7PM,6.187086643357144,2.29,2017,PDB,False
5u49,S2L,6.136677139879544,2.22,2017,PDB,False
5u4g,7UV,6.102372908709558,1.80,2017,PDB,False
5u0y,7PJ,6.080921907623926,1.88,2017,PDB,False
5u4c,XBS,6.00436480540245,1.70,2017,PDB,False
5hlm,B9F,5.896196279044043,2.50,2017,PDB,False
5k0m,6PU,8.823908740944319,1.83,2017,PDB,False
5tzf,C2E,5.795880017344075,2.40,2017,PDB,False
5tzg,C2E,5.795880017344075,2.50,2017,PDB,False
5tzd,C2E,5.7447274948966935,1.75,2017,PDB,False
5u4b,XOS,5.7447274948966935,1.45,2017,PDB,False
5gj9,VGL,4.991399828238083,2.10,2017,PDB,False
5j82,6GV,6.0,2.17,2017,PDB,False
5vc5,96M,7.958607314841775,1.93,2017,PDB,False
5vcw,93J,5.95663772197887,2.25,2017,PDB,False
5v5y,8X7,7.872895201635193,1.90,2017,PDB,False
5vc6,P48,7.866461091629782,2.00,2017,PDB,False
5wyq,SAM,4.841637507904751,2.16,2017,PDB,False
5j64,6G7,6.853871964321762,1.38,2017,PDB,False
5mi3,GDP,6.835647144215563,2.80,2017,PDB,False
5uc1,486,7.853871964321762,2.35,2017,PDB,False
5vcv,1N1,6.823908740944319,1.92,2017,PDB,False
5vfm,HC4,3.8239087409443187,2.06,2017,PDB,False
5kj2,6TF,7.823908740944319,1.95,2017,PDB,False
5ugh,8AJ,6.769551078621726,2.06,2017,PDB,False
5j9x,6GC,7.769551078621726,1.80,2017,PDB,False
5iyy,R40,4.769551078621726,1.60,2017,PDB,False
5j27,6FF,6.7447274948966935,1.70,2017,PDB,False
5j2x,6DL,7.7447274948966935,1.22,2017,PDB,False
5gv2,ARG,5.651695136951839,2.06,2017,PDB,False
5gja,6PC,5.552841968657781,2.10,2017,PDB,False
5vfj,DHC,4.698970004336019,2.08,2017,PDB,False
5vdq,9BG,3.6675615400843946,3.25,2017,PDB,False
5vdt,4BW,4.6777807052660805,2.58,2017,PDB,False
5jhk,6K8,4.638272163982407,1.80,2017,PDB,False
5ujv,A8S,3.6038006529042637,2.70,2017,PDB,False
5jgq,6JY,4.619788758288394,1.60,2017,PDB,False
5vdk,8X7,7.568636235841013,2.70,2017,PDB,False
5vcy,DB8,6.568636235841013,1.56,2017,PDB,False
5ko5,CYT,4.568636235841013,1.36,2017,PDB,False
5vcx,H8H,5.5502131530142265,2.70,2017,PDB,False
5vd3,H8H,5.5502131530142265,1.80,2017,PDB,False
5v2l,ATP,3.540607512240769,2.10,2017,PDB,False
5tzy,7OS,8.698970004336019,3.22,2017,PDB,False
5u13,YH5,5.4089353929735005,1.95,2017,PDB,False
5vd0,8X7,6.489454989793388,2.13,2017,PDB,False
5h5f,SAM,4.429457060118103,1.70,2017,PDB,False
5tus,7LL,4.42712839779952,2.66,2017,PDB,False
5j1x,AR5,5.522878745280337,2.10,2017,PDB,False
5fsc,G8Z,2.3565473235138126,1.95,2017,PDB,False
5u11,7PS,5.346787486224656,1.99,2017,PDB,False
5u14,7PV,5.337242168318426,1.95,2017,PDB,False
5ny6,R92,7.8696662315049934,1.10,2018,PDB,False
6f9t,D0Z,7.860120913598763,1.60,2018,PDB,False
6dh7,K13,9.88173527391052,2.00,2018,PDB,False
5za7,HMX,5.867740310468956,1.70,2018,PDB,False
5oh3,9V2,3.8664610916297826,2.10,2018,PDB,False
5wf6,UKA,7.8326826652518236,2.90,2018,PDB,False
6iiv,A90,6.853871964321762,3.00,2018,PDB,False
6dh8,A60,9.835052627378158,1.95,2018,PDB,False
6g2m,O84,7.82102305270683,1.37,2018,PDB,False
5ylv,8WX,6.823908740944319,2.80,2018,PDB,False
5zae,EAU,6.806875401645538,1.73,2018,PDB,False
5zaf,28I,6.779891911959945,1.65,2018,PDB,False
6ej2,B7E,7.795880017344075,1.46,2018,PDB,False
6f9v,D0Z,6.764724123312948,1.69,2018,PDB,False
5nxx,3Q7,4.769551078621726,2.20,2018,PDB,False
5za9,50I,6.73754891026957,1.62,2018,PDB,False
6g46,ELH,3.7328282715969863,2.40,2018,PDB,False
5wg9,KU4,5.585026652029182,2.30,2018,PDB,False
6fnr,DYT,5.585026652029182,1.83,2018,PDB,False
5nxg,RA1,8.55284196865778,1.20,2018,PDB,False
5nxi,9DE,6.662740460249724,1.16,2018,PDB,False
6cvx,FH4,7.6777807052660805,1.78,2018,PDB,False
5wf5,UKA,7.649751981665837,2.60,2018,PDB,False
5nzn,G39,3.657577319177794,1.73,2018,PDB,False
6fcl,AMP,4.638272163982407,1.50,2018,PDB,False
6dh0,017,10.59176003468815,1.90,2018,PDB,False
6arj,BW4,7.6020599913279625,1.92,2018,PDB,False
6dh1,K13,10.58335949266172,1.97,2018,PDB,False
6edr,ZNA,4.54515513999149,2.40,2018,PDB,False
6aqs,IM5,7.552841968657781,1.57,2018,PDB,False
5oh4,9UZ,4.552841968657781,2.30,2018,PDB,False
6mi6,JSJ,4.5376020021010435,2.95,2018,PDB,False
5yia,8V9,5.522878745280337,2.00,2018,PDB,False
5yib,8VC,5.481486060122113,2.15,2018,PDB,False
5nxv,9E2,8.455931955649724,1.10,2018,PDB,False
6cvy,FHD,8.4089353929735,1.80,2018,PDB,False
5ny3,9E8,7.4698003017969175,1.40,2018,PDB,False
6c5f,7L9,4.481486060122113,1.40,2018,PDB,False
6exs,C3H,3.441291429466834,2.50,2018,PDB,False
5ny1,9E5,6.435689090039397,1.10,2018,PDB,False
5yid,K95,5.3979400086720375,2.10,2018,PDB,False
6ayr,BIG,8.387216143280265,1.95,2018,PDB,False
5yr6,TN4,5.34008379993015,1.75,2018,PDB,False
6das,G2D,8.306273051076353,1.80,2018,PDB,False
5nxo,9HK,8.309803919971486,1.20,2018,PDB,False
5nya,FB2,6.38132446111486,1.20,2018,PDB,False
5zaj,32I,7.376750709602099,1.65,2018,PDB,False
5oh7,HYN,4.366531544420414,1.85,2018,PDB,False
6ayo,C1Y,8.292429823902063,1.67,2018,PDB,False
5yie,8VF,5.251811972993799,2.10,2018,PDB,False
5za8,27I,6.294136287716081,1.90,2018,PDB,False
6dm8,6AK,7.2839966563652006,2.70,2018,PDB,False
5zah,30I,7.275724130399211,2.98,2018,PDB,False
6hh5,A3R,4.266000713461613,1.95,2018,PDB,False
5nxw,RA9,7.241088107602026,1.10,2018,PDB,False
5oje,VSK,5.214670164989233,1.58,2018,PDB,False
6ar9,3L4,5.184422251675732,2.28,2018,PDB,False
6ayq,TDI,8.187086643357144,1.42,2018,PDB,False
5z5f,FUB,2.167491087293764,2.10,2018,PDB,False
5ou2,36Y,3.215382707367125,1.45,2018,PDB,False
6g2l,EJ8,7.167491087293763,1.48,2018,PDB,False
6cvw,FH1,8.148741651280925,1.78,2018,PDB,False
6dj5,G52,8.142667503568731,1.75,2018,PDB,False
6f9u,D0W,5.130768280269024,1.90,2018,PDB,False
6dj2,AB1,8.119186407719209,1.36,2018,PDB,False
6dil,TPV,8.119186407719209,1.48,2018,PDB,False
6g2n,O84,7.142667503568732,1.40,2018,PDB,False
6eed,J6A,6.090443970758825,1.50,2018,PDB,False
5zc5,09I,7.055517327849832,1.90,2018,PDB,False
5nzf,G39,4.026872146400302,1.75,2018,PDB,False
5nxy,1Y8,5.045757490560675,1.90,2018,PDB,False
6nzf,L91,9.036212172654444,2.39,2019,PDB,False
6nze,L8Y,8.886056647693163,1.96,2019,PDB,False
6nzh,L9A,8.795880017344075,2.73,2019,PDB,False
6ocz,M6Y,8.522878745280337,2.65,2019,PDB,False
6ocw,M6M,8.154901959985743,2.60,2019,PDB,False
6ode,M9G,8.096910013008056,2.90,2019,PDB,False
6qeg,K4K,7.301029995663981,2.08,2019,PDB,False
6akw,8S3,7.221848749616356,2.20,2019,PDB,False
6qef,HZW,7.221848749616356,1.79,2019,PDB,False
6st3,LUW,7.026872146400302,2.43,2019,PDB,False
6d4t,FWS,6.920818753952375,1.54,2019,PDB,False
6rrm,9JT,6.844663962534939,1.64,2019,PDB,False
6q7w,HLQ,6.853871964321762,2.82,2019,PDB,False
6d4v,FWM,6.638272163982407,2.02,2019,PDB,False
6p5v,O37,6.698970004336019,1.40,2019,PDB,False
6hx1,GXK,6.518557371497695,2.14,2019,PDB,False
6aa4,MKS,6.327902142064283,1.90,2019,PDB,False
6eb2,J3P,6.318758762624412,2.49,2019,PDB,False
6qs5,JGB,6.2441251443275085,1.96,2019,PDB,False
6nzr,LAJ,9.301029995663981,2.56,2019,PDB,False
6s88,L0K,6.173925197299173,1.59,2019,PDB,False
6gcx,EUW,9.221848749616356,1.55,2019,PDB,False
5zhm,9D3,6.136677139879544,2.76,2019,PDB,False
6aej,7YC,6.154901959985743,2.80,2019,PDB,False
6d4q,FWG,6.080921907623926,1.71,2019,PDB,False
6fzm,EE5,6.037630664329979,2.67,2019,PDB,False
6qxd,JKB,6.017728766960432,2.32,2019,PDB,False
6d4s,FWV,6.045757490560675,1.63,2019,PDB,False
6p11,SKE,6.045757490560675,2.15,2019,PDB,False
6d4r,FWY,5.958607314841775,1.34,2019,PDB,False
5zee,HAR,2.8041003475907664,1.74,2019,PDB,False
6d4u,FWP,5.703334809738469,1.70,2019,PDB,False
6e6w,HWJ,9.958607314841775,2.35,2019,PDB,False
6f1w,CG5,7.958607314841775,1.86,2019,PDB,False
6pf5,OED,4.958607314841775,2.39,2019,PDB,False
6uhv,XS6,6.920818753952375,2.53,2019,PDB,False
6e4c,HRJ,9.920818753952375,2.35,2019,PDB,False
6ckl,DAN,3.886056647693163,2.68,2019,PDB,False
6qad,HUZ,7.853871964321762,2.50,2019,PDB,False
6pya,P57,6.823908740944319,1.71,2019,PDB,False
6pi1,B3N,3.7958800173440754,1.70,2019,PDB,False
6pf4,OF7,4.795880017344075,2.85,2019,PDB,False
5zef,NVA,1.747146969020107,2.01,2019,PDB,False
6e6v,HWA,7.769551078621726,2.25,2019,PDB,False
6s7s,KZ8,4.769551078621726,1.70,2019,PDB,False
6uim,Q7Y,6.7447274948966935,2.75,2019,PDB,False
6pf6,OEJ,4.7447274948966935,2.50,2019,PDB,False
6c9r,ERJ,6.706637445288554,2.10,2019,PDB,False
6s7z,KZN,5.657577319177793,1.85,2019,PDB,False
6e3m,HOG,8.638272163982407,2.65,2019,PDB,False
6gcw,EUQ,8.638272163982407,2.00,2019,PDB,False
6ufn,Q6M,5.638272163982407,2.70,2019,PDB,False
6qcj,XEG,5.6020599913279625,2.01,2019,PDB,False
6q7v,HLK,5.585026652029182,2.56,2019,PDB,False
6prt,OWA,2.673664139071249,1.30,2019,PDB,False
6qaa,HUN,7.657577319177793,1.90,2019,PDB,False
6f26,C9Z,7.619788758288394,1.83,2019,PDB,False
6ps9,Y17,4.619788758288394,1.21,2019,PDB,False
6pf3,OE7,4.552841968657781,2.39,2019,PDB,False
6qae,HUK,8.522878745280337,2.49,2019,PDB,False
6rpg,KDW,8.522878745280337,2.70,2019,PDB,False
5zma,9FX,5.522878745280337,3.18,2019,PDB,False
6ak4,PD9,5.455931955649724,2.80,2019,PDB,False
6ufo,Q6P,4.455931955649724,2.68,2019,PDB,False
6phz,FKS,3.4559319556497243,2.00,2019,PDB,False
6oht,MKM,6.454692883534176,3.20,2019,PDB,False
6uii,SS9,6.431798275933005,2.65,2019,PDB,False
6pht,OKP,3.408935392973501,1.80,2019,PDB,False
6ny4,Z3A,8.522878745280337,2.33,2019,PDB,False
6s43,KUE,5.3979400086720375,1.42,2019,PDB,False
6tld,NK5,5.35261702988538,1.61,2019,PDB,False
6fu1,E7Q,5.356547323513812,1.55,2019,PDB,False
6oe3,M9A,8.318758762624412,2.90,2019,PDB,False
6uhu,Q7V,3.3979400086720375,2.80,2019,PDB,False
6pyb,P5G,5.376750709602099,1.80,2019,PDB,False
6p5w,O0A,5.292429823902063,1.69,2019,PDB,False
6aa5,MKU,7.2839966563652006,1.90,2019,PDB,False
6s7k,KYZ,4.2441251443275085,1.55,2019,PDB,False
6p10,SKE,5.221848749616356,2.30,2019,PDB,False
6qab,HUQ,8.207608310501746,2.49,2019,PDB,False
6qac,HUT,8.207608310501746,2.77,2019,PDB,False
6psb,Y18,4.102372908709558,1.59,2019,PDB,False
6fym,EBB,5.068033885271827,2.15,2019,PDB,False
6a3n,9Q9,8.060480747381382,2.60,2019,PDB,False
6uil,FKS,7.096910013008056,2.85,2019,PDB,False
6nsq,KZP,8.096910013008056,3.05,2019,PDB,False
5zr3,9J0,7.008773924307505,2.50,2019,PDB,False
5zyj,9ML,7.214670164989233,1.90,2019,PDB,False
6u5y,Q0M,7.161150909262744,1.53,2019,PDB,False
5zyl,9MC,7.055517327849832,1.80,2019,PDB,False
6pi5,GUN,6.958607314841775,1.67,2019,PDB,False
6pii,GUN,6.958607314841775,1.87,2019,PDB,False
6u8l,Q1P,6.913640169325252,1.57,2019,PDB,False
6qr0,JFB,6.920818753952375,1.59,2019,PDB,False
6np2,SIS,6.795880017344075,1.20,2019,PDB,False
6qqz,JEB,6.7447274948966935,1.70,2019,PDB,False
6u8o,Q1G,6.539102157243452,1.60,2019,PDB,False
6np3,LLL,6.468521082957745,1.15,2019,PDB,False
6qi7,PLM,6.455931955649724,2.50,2019,PDB,False
6qr3,JE8,6.443697499232713,1.61,2019,PDB,False
6pfj,C2E,6.4089353929735005,2.08,2019,PDB,False
6u8b,Q1M,6.3655227298392685,1.26,2019,PDB,False
6u5m,Q0S,6.291579099865287,1.80,2019,PDB,False
6op9,DB8,9.2839966563652,2.50,2019,PDB,False
6qr4,JD8,6.229147988357856,1.52,2019,PDB,False
6dsp,PAV,6.0915149811213505,1.37,2019,PDB,False
6qgf,J0T,6.0,1.34,2019,PDB,False
6e1a,HL7,8.853871964321762,3.10,2019,PDB,False
5zdb,AR6,5.749579997691106,1.97,2019,PDB,False
5zdd,AR6,5.749579997691106,2.73,2019,PDB,False
5zdc,AR6,5.749579997691106,1.98,2019,PDB,False
5zym,9M6,5.769551078621726,1.90,2019,PDB,False
5zdf,AR6,5.703334809738469,2.50,2019,PDB,False
6qrd,JEH,7.0,1.75,2019,PDB,False
6qrg,JET,5.0,1.84,2019,PDB,False
5zbz,SAU,4.954677021213342,1.31,2019,PDB,False
6pg5,OHV,4.958607314841775,1.99,2019,PDB,False
6nv7,L3J,7.91721462968355,2.13,2019,PDB,False
6pg9,OH1,4.920818753952375,1.75,2019,PDB,False
6qqv,JEW,4.920818753952375,1.71,2019,PDB,False
6qrc,JFE,4.886056647693163,1.73,2019,PDB,False
6pg8,OGY,3.853871964321762,1.67,2019,PDB,False
6qre,JCQ,4.853871964321762,1.93,2019,PDB,False
6nlj,KTV,4.823908740944319,1.65,2019,PDB,False
6qlr,J4N,4.823908740944319,0.97,2019,PDB,False
6qr9,JEE,6.721246399047171,2.42,2019,PDB,False
6poh,OVG,2.705533773838407,1.67,2019,PDB,False
6qqw,JDQ,4.721246399047171,1.80,2019,PDB,False
6qge,J1E,5.6777807052660805,1.16,2019,PDB,False
6pi6,OKM,5.657577319177793,1.65,2019,PDB,False
6ets,I1L,5.638272163982407,1.33,2019,PDB,False
6pg6,OH7,3.6989700043360187,1.68,2019,PDB,False
6nw3,L4J,7.655607726314889,2.35,2019,PDB,False
6pg7,OH4,4.657577319177793,2.45,2019,PDB,False
6qln,J5Q,4.657577319177793,1.00,2019,PDB,False
6qlu,J62,4.638272163982407,1.10,2019,PDB,False
6pge,OJM,3.619788758288394,1.76,2019,PDB,False
6pgb,OJG,4.6020599913279625,1.73,2019,PDB,False
6qe0,HZ2,4.6020599913279625,1.39,2019,PDB,False
6pg4,OHG,3.5850266520291822,1.60,2019,PDB,False
6poq,OVJ,2.5686362358410126,1.80,2019,PDB,False
6np5,9CS,4.568636235841013,1.35,2019,PDB,False
6pga,OGM,4.539102157243452,2.45,2019,PDB,False
6qr2,JQB,5.494850021680094,1.55,2019,PDB,False
6r1b,CH5,5.443697499232713,2.27,2019,PDB,False
6qlq,J4E,4.508638306165727,1.08,2019,PDB,False
6poi,OVS,3.486782399932061,1.77,2019,PDB,False
6ql1,V50,6.481486060122113,1.42,2019,PDB,False
6qrf,JF5,4.481486060122113,1.86,2019,PDB,False
6pvz,OZM,3.4672456210075024,1.99,2019,PDB,False
6np4,TOY,4.443697499232712,1.15,2019,PDB,False
6py0,RTL,6.413412695328245,2.20,2019,PDB,False
6os5,TRP,5.356547323513812,1.66,2019,PDB,False
6pgc,OJJ,5.346787486224656,1.81,2019,PDB,False
6qls,HRK,5.346787486224656,1.05,2019,PDB,False
6u6w,Q0Y,5.326979092871104,1.20,2019,PDB,False
6u9v,GDP,7.3979400086720375,2.90,2019,PDB,False
6o5u,KAN,4.376750709602099,1.40,2019,PDB,False
6qi4,FKW,4.366531544420414,1.78,2019,PDB,False
6pg3,OHJ,3.318758762624413,2.04,2019,PDB,False
6oh3,NCC,3.3169529617611504,2.75,2019,PDB,False
6nzk,MJJ,4.303643611266668,2.80,2019,PDB,False
6qqu,JF8,5.301029995663981,1.59,2019,PDB,False
6qlp,J3Q,5.2839966563652006,1.08,2019,PDB,False
6sfc,L9T,5.2839966563652006,2.00,2019,PDB,False
6a9o,6B3,5.2441251443275085,2.50,2019,PDB,False
6qqt,JCH,4.229147988357856,1.67,2019,PDB,False
5zyg,9N3,5.2076083105017466,1.80,2019,PDB,False
6oh2,C5P,5.200659450546418,2.58,2019,PDB,False
6nv9,L3M,8.193820026016112,2.13,2019,PDB,False
6o2p,VX7,8.18045606445813,3.30,2019,PDB,False
6qqq,JDE,5.173925197299174,1.85,2019,PDB,False
6pvy,OZG,3.1944991418415998,1.74,2019,PDB,False
6cyg,N5O,4.170696227168975,1.50,2019,PDB,False
6nu5,CYS,5.152427340857888,1.60,2019,PDB,False
6qe5,SAH,5.1249387366083,1.61,2019,PDB,False
6cyh,N5A,3.149966742310231,1.49,2019,PDB,False
6qr7,JEK,7.154901959985743,2.03,2019,PDB,False
6fcj,D4W,7.148130399270234,2.49,2019,PDB,False
6qra,JDK,6.1487416512809245,1.71,2019,PDB,False
6qhg,MGT,3.1325325121409486,1.48,2019,PDB,False
6qr1,JFT,5.070581074285707,1.67,2019,PDB,False
6qlo,J5E,5.055517327849832,1.18,2019,PDB,False
6pml,OR4,3.0861861476162833,2.00,2019,PDB,False
6cyi,N5O,5.040958607678906,1.76,2019,PDB,False
6qpl,JC5,7.040958607678906,1.60,2019,PDB,False
6qlt,J5W,4.036212172654444,1.15,2019,PDB,False
6p3t,NRS,7.318758762624412,2.50,2019,PDB,False
6ndl,BQX,7.187086643357144,2.00,2019,PDB,False
6pvx,U5F,7.167491087293763,1.55,2019,PDB,False
6p3u,NRY,7.022276394711152,2.55,2019,PDB,False
6p3v,NRV,7.017728766960432,2.50,2019,PDB,False
6udi,Q4S,10.0,1.94,2019,PDB,False
6o0p,LBM,9.958607314841775,1.80,2019,PDB,False
6sbt,L5H,6.779891911959945,2.30,2019,PDB,False
6d19,YKG,6.609064892896621,1.45,2019,PDB,False
6o5t,L8J,6.5003129173815966,2.10,2019,PDB,False
6q54,HJ8,6.494850021680094,1.40,2019,PDB,False
6o0m,LBM,9.337242168318426,1.75,2019,PDB,False
6pvw,OZV,6.318758762624412,1.60,2019,PDB,False
6d18,GTV,5.853871964321762,1.35,2019,PDB,False
6pvv,5FA,5.853871964321762,1.65,2019,PDB,False
6o94,LRS,8.744727494896694,1.98,2019,PDB,False
6q60,HJH,5.7055337738384075,1.55,2019,PDB,False
6r0v,JO2,4.958607314841775,1.60,2019,PDB,False
6c9v,ERS,6.92009553233328,1.70,2019,PDB,False
6d1b,FUJ,3.9076303003708794,1.25,2019,PDB,False
6c85,PLQ,3.899629454882437,2.40,2019,PDB,False
6r11,JOB,4.920818753952375,1.75,2019,PDB,False
6r18,JOQ,4.920818753952375,1.35,2019,PDB,False
6r1c,JOW,4.920818753952375,1.50,2019,PDB,False
6ox0,SFG,4.853871964321762,1.76,2019,PDB,False
6d17,VKE,4.815308569182402,1.45,2019,PDB,False
6szp,M3B,4.7447274948966935,1.76,2019,PDB,False
6d1h,KED,3.720789487398605,1.25,2019,PDB,False
6nmb,AMH,2.6968039425795114,2.30,2019,PDB,False
6prf,7OA,8.602059991327963,1.21,2019,PDB,False
6ouv,TDK,5.552841968657781,1.94,2019,PDB,False
6r13,JOK,4.698970004336019,1.65,2019,PDB,False
6plf,ONV,6.669586226650809,1.70,2019,PDB,False
6dd1,M3Q,4.651695136951839,1.70,2019,PDB,False
6o5x,0Q4,7.657577319177793,1.70,2019,PDB,False
5yy6,94L,7.616903070050906,2.40,2019,PDB,False
6p5o,O2Y,4.543633966870957,1.49,2019,PDB,False
6o9d,LTY,8.698970004336019,2.51,2019,PDB,False
6s0e,DAN,5.498940737782249,1.90,2019,PDB,False
6dd0,P9T,5.481486060122113,1.50,2019,PDB,False
6nxz,D49,5.455931955649724,1.75,2019,PDB,False
6tl2,NJZ,5.443697499232713,3.80,2019,PDB,False
6otg,4UY,7.503070351926785,1.50,2019,PDB,False
6d15,TWB,4.482804102050026,1.30,2019,PDB,False
6d1d,GTV,4.471083299722346,1.40,2019,PDB,False
6d1g,YKG,4.465973893943865,1.15,2019,PDB,False
6o0o,F3Q,7.443697499232712,2.00,2019,PDB,False
6ppy,OVY,4.443697499232712,2.00,2019,PDB,False
6ny0,LBA,5.3979400086720375,1.40,2019,PDB,False
5ywg,92L,8.341035157335565,2.60,2019,PDB,False
6of5,MFJ,5.346787486224656,2.30,2019,PDB,False
6pve,OZP,7.366531544420414,2.30,2019,PDB,False
6d1a,TWB,4.3535962737769305,1.25,2019,PDB,False
6r1a,JP8,4.346787486224656,1.54,2019,PDB,False
6c9s,ERP,7.318758762624412,2.23,2019,PDB,False
6r1d,JP5,5.3979400086720375,1.10,2019,PDB,False
6r1w,JPW,5.301029995663981,1.35,2019,PDB,False
6o95,LSV,8.292429823902063,1.77,2019,PDB,False
6o8u,LS7,8.275724130399212,1.80,2019,PDB,False
6d1j,7SX,4.250263684430939,1.15,2019,PDB,False
6pvu,P0S,5.2076083105017466,1.49,2019,PDB,False
6om8,UDX,5.161150909262744,2.45,2019,PDB,False
6pnn,OR7,5.161150909262744,2.10,2019,PDB,False
6o0h,LBG,8.154901959985743,3.67,2019,PDB,False
6d1k,M3Q,3.130005999878258,1.20,2019,PDB,False
6d16,FUJ,5.075720713938118,1.40,2019,PDB,False
6d1i,T6Z,4.0915149811213505,1.10,2019,PDB,False
6r1k,JPB,5.045757490560675,1.94,2019,PDB,False
